Categoria_App,Copertina,Titolo,Autore,Editore,Anno,Descrizione,Link,Nuovo,Data_Aggiunta
Editori Selezionati,https://www.ibs.it/images/9788806270582_0_0_150_0_75.jpg,L'Europa meridionale nell'età delle rivoluzioni,Maurizio Isabella,Einaudi,2026,"Maurizio Isabella ricostruisce la genesi e le conseguenze di una tensione rivoluzionaria spesso dimenticata, quella dell'Europa meridionale all'inizio dell'Ottocento, che ha unito tra loro popoli e nazioni distanti e ha plasmato lo scenario europeo e mondiale dei decenni avvenire. Un grande libro di Storia, premiatissimo a livello nazionale e internazionale, che rilegge in chiave globale uno dei periodi piú tumultuosi e appassionanti della modernità. Dopo gli anni tumultuosi delle guerre napoleoniche e il seguente Congresso di Vienna del 1815, il cui intento doveva essere quello di garantire stabilità in tutta Europa, un nuovo movimento rivoluzionario emerse non in Francia ma nelle periferie meridionali del continente. Le popolazioni degli stati e degli imperi dell'Europa del Sud erano state tutte direttamente colpite dall'occupazione militare, avevano combattuto a favore o contro i loro legittimi sovrani, sperimentando nuove forme di governo e acquisendo nuove idee politiche. Sulla scia di queste esperienze nel gennaio del 1820 la rivolta militare di Rafael Riego nei pressi del porto di Cadice diede il via a un'ondata di proteste in Spagna, Portogallo, Piemonte, Napoli, Sicilia e nel mondo ottomano. Eventi segnati non solo da una convergenza cronologica, ma anche da un'affinità di obiettivi e da medesime conseguenze: iniziative politiche intraprese da ufficiali e da truppe che godettero di un sostanziale supporto popolare per l'introduzione di costituzioni e istituzioni rappresentative. Maurizio Isabella ci mostra come queste rivoluzioni, ancora oggi trascurate quasi del tutto nelle storie dell'Europa, furono fondamentali per la politicizzazione di nuovi settori della società, favorendo la discussione e la circolazione di idee nuove tra questi paesi, e la sperimentazione di pratiche come le consultazioni elettorali. Sfatando luoghi comuni riguardo un Sud dal debole potenziale rivoluzionario, L'Europa meridionale nell'età delle rivoluzioni fa luce su come questi eventi gettarono i semi per la nascita, in tutta l'Europa meridionale, di un liberalismo, forza politica popolare e duratura, schierato in favore di un governo costituzionale.",https://www.ibs.it/europa-meridionale-nell-eta-delle-libro-maurizio-isabella/e/9788806270582,True,2026-10-06
Altri Editori,https://www.ibs.it/images/9791282436113_0_0_150_0_75.jpg,"Brasile democratico. 40 anni di cambiamenti, metamorfosi, trasformismi",Alberto Aggio,Nova Delphi Libri,2026,,https://www.ibs.it/brasile-democratico-40-anni-di-libro-alberto-aggio/e/9791282436113,True,2026-10-06
Editori Selezionati,https://www.ibs.it/images/9788806270902_0_0_150_0_75.jpg,"I sequestri di persona in Italia. Crimine, memoria e violenza",Alessandra Montalbano,Einaudi,2026,"I sequestri di persona: un capitolo dimenticato dell'Italia moderna, che ha permeato l'identità collettiva e l'immaginario di fine Novecento. Per oltre trent'anni, l'Italia è stata afflitta dal fenomeno dei sequestri di persona a scopo di estorsione perpetrati da banditi e organizzazioni criminali. Tra la fine degli anni Sessanta e la fine degli anni Novanta del secolo scorso, quasi settecento tra uomini, donne e bambini sono stati rapiti e tenuti in ostaggio da esponenti del banditismo sardo, di Cosa Nostra e della 'Ndrangheta. Sottoposte a dure prigionie e abusi psicologici, le vittime hanno trascorso mesi e persino anni in isolamento, mentre le forze dell'ordine e lo Stato intraprendevano vane ricerche. I sequestri di persona in Italia ripercorre un fenomeno criminale che ha messo a dura prova lo Stato di diritto, terrorizzato la società, acceso dibattiti giuridici e parlamentari e mobilitato l'opinione pubblica e che, proprio per queste sue caratteristiche, rappresenta una chiave di volta per comprendere l'Italia moderna. Basandosi sul materiale d'archivio, sui racconti delle vittime e sulle reazioni che si ebbero in seno alla cultura nazionale, Alessandra Montalbano esamina il sequestro di persona a scopo di estorsione attraverso le lenti della storiografia, del diritto, della critica letteraria, della psicotraumatologia, della fenomenologia e della filosofia politica, ricostruendo come, e a quale prezzo, gli italiani e le italiane si resero conto di vivere in un Paese ricattato da organizzazioni criminali che mettevano a repentaglio la nazione forse ancor piú del terrorismo. Il 4 febbraio 2026 si è concluso il processo di primo grado che a piú di cinquant'anni dal fatto ha condannato all'ergastolo i sequestratori di Cristina Mazzotti, una ragazza di diciotto anni rapita e uccisa dalla 'Ndrangheta in Lombardia nel 1975. Il suo corpo venne ritrovato in una discarica in Piemonte dopo che Cristina aveva trascorso gran parte dei suoi due mesi di segregazione nascosta in una buca all'interno di una cascina. Il suo rapimento rientra in un fenomeno che negli anni Settanta del secolo scorso divenne notizia quotidiana in Italia e che perdurò per un trentennio, arrivando a registrare quasi settecento casi in tutto il Paese. Legato al banditismo sardo, a Cosa Nostra e in particolare alla 'Ndrangheta, il sequestro di persona era un crimine che disumanizzava le vittime e gettava nel terrore le loro famiglie e la società al solo scopo di estorcere denaro. Sebbene quegli atti di violenza perpetrati dal banditismo e dalla criminalità organizzata avessero raggiunto all'epoca una scala nazionale e segnato l'identità del Paese, oggi il fenomeno del sequestro a scopo di estorsione appare ampiamente oscurato dai crimini e dai rapimenti politici compiuti dal terrorismo di matrice ideologica, per il quale soprattutto sono ricordati gli anni Settanta.",https://www.ibs.it/sequestri-di-persona-in-italia-libro-alessandra-montalbano/e/9788806270902,False,2026-10-01
Editori Selezionati,https://www.ibs.it/images/9788807175466_0_0_150_0_75.jpg,Eravamo comunisti,Massimo D'Alema,Feltrinelli,2026,"Massimo D'Alema nasce dentro una famiglia comunista prima ancora che dentro un partito. Il padre Giuseppe, partigiano e dirigente del Pci; la madre Fabiola, cresciuta nella Roma antifascista; le case del popolo, Botteghe oscure, i Pionieri, le sezioni, i congressi, le lotte operaie. Prima di essere una scelta politica, il comunismo è un mondo: una lingua, un'educazione, un'appartenenza, un modo di guardare la vita. Per la prima volta D'Alema torna alle origini di quella storia, intrecciando memoria personale e vicenda collettiva. Dall'infanzia romana al trasferimento a Genova nei giorni della rivolta contro il governo Tambroni; dalla formazione politica nel segno dell'antifascismo al Sessantotto pisano; dalla Primavera di Praga al conflitto tra movimento e partito; dagli anni della Fgci alla stagione drammatica del terrorismo, del compromesso storico, del rapimento Moro, della crisi della solidarietà nazionale. Il risultato non è però un libro di memorie, ma qualcosa di diverso: il racconto di un'Italia in cui la politica era ancora una forma della vita, una disciplina, una passione, un destino. D'Alema attraversa luoghi e figure centrali della storia repubblicana – Togliatti, Longo, Amendola, Berlinguer, Ingrao, Napolitano, Rossanda, Pajetta, Occhetto – senza indulgere alla celebrazione, ma restituendo il peso umano delle scelte, delle fratture, delle illusioni e degli errori. Lontano dall'essere un esercizio di nostalgia, Eravamo comunisti è il tentativo di capire che cosa abbia significato appartenere a una grande cultura politica del Novecento: una cultura capace di educare milioni di persone alla partecipazione democratica, ma anche segnata da contraddizioni profonde, da fedeltà difficili, da appannamenti, da sconfitte. Fino alla fine di un mondo, quando il crollo del comunismo reale e la svolta della Bolognina imposero alla sinistra italiana di misurarsi con la domanda più radicale: che cosa resta di una storia quando il nome che l'ha tenuta insieme non può più essere pronunciato allo stesso modo?",https://www.ibs.it/eravamo-comunisti-libro-massimo-d-alema/e/9788807175466,True,2026-10-06
Editori Selezionati,https://www.ibs.it/images/9788858162095_0_0_150_0_75.jpg,L'invenzione della nazione,Alberto Mario Banti,Laterza,2026,"La nazione è la più grande invenzione della politica moderna. Da due secoli i nazionalisti la spacciano per naturale ed eterna: non è così. La nazione è una costruzione storica di cui Alberto Mario Banti svela i meccanismi, mostrando come hanno funzionato in passato e come continuano a funzionare oggi. La nazione non affiora da un passato millenario, non è un destino scritto nella carne dei popoli. È una storia che si continua a raccontare con straordinaria abilità per raccogliere consensi, mobilitare masse, giustificare esclusioni. Alberto Mario Banti, tra i massimi storici italiani del nazionalismo, ha scritto il libro che mancava: una guida spietata al più grande inganno politico della modernità. Da Vincenzo Gioberti fino a Giorgia Meloni, ogni leader nazionalista ha ripetuto che la nazione viene prima della politica, che è incisa nell'identità profonda dei popoli, che difenderla significa difendere qualcosa di naturale e sacro. Banti smonta questa narrazione pezzo per pezzo: come il feudalesimo e il fascismo, anche la ‘nazione' è una costruzione storica e politica, nata con le rivoluzioni di fine Settecento e da allora incessantemente rimaneggiata. Per riconoscere l'invenzione della nazione occorre conoscerne gli ingredienti. Banti individua cinque nuclei fondamentali: la nazione come cultura, la nazione di sangue, la nazione sessuata, la nazione martire, la nazione organica, e ne segue la traiettoria dal Risorgimento, attraverso il fascismo e il nazismo, fino alla retorica di Fratelli d'Italia e della Lega.",https://www.ibs.it/invenzione-della-nazione-libro-alberto-mario-banti/e/9788858162095,False,2026-10-02
Altri Editori,https://www.ibs.it/images/9788850339839_0_0_150_0_75.jpg,La mano sinistra del sapere. La scienza come strumento del potere,Francesco @acacciadiscienza Cacciante,Apogeo,2026,,https://www.ibs.it/mano-sinistra-del-sapere-scienza-libro-francesco-acacciadiscienza-cacciante/e/9788850339839,False,2026-09-29
Editori Selezionati,https://www.ibs.it/images/9791221219630_0_0_150_0_75.jpg,A come Arsenico. Tutti i veleni di Agatha Christie,Kathryn Harkup,UTET,2026,"Durante la Prima guerra mondiale, Agatha Christie divenne volontaria nell’ospedale della sua amata città, Torquay. Per abilitarsi, prese lezioni da un farmacista che nella sua autobiografia chiama soltanto “Mr P.”, un uomo sottilmente inquietante che un giorno le mostrò un grumo marrone di curaro - il veleno in cui intingevano le frecce gli indigeni sudamericani. Mr P. le spiegò, divertito, che se lo portava sempre in tasca perché «lo faceva sentire potente». Forse, ci suggerisce la chimica Kathryn Harkup, è quello il momento in cui Christie intuì che i veleni potevano diventare la sua arma letteraria prediletta, perché non sono volgari e plateali come le armi da taglio e da fuoco, e poi sono perfetti a livello pratico, simulando più facilmente una morte naturale. Ma hanno soprattutto un doppio fondo narrativo molto seducente: da una parte rivelano la psicologia dell’assassino, la sua fredda macchinazione che si intreccia al gusto esotico e un po’ dandy per le piante, le sostanze e gli animali velenosi; dall’altra certificano la vittoria della scienza, la sua capacità di analizzare i sintomi e sfruttare la chimica e la biologia per raggiungere la verità. A cinquant’anni dalla morte di Agatha Christie, Harkup mescola: un terzo di biografia della giallista più amata di sempre, un terzo di scienza dei veleni e un terzo di storia culturale dei loro usi, tra antropologia e true crime, aggiungendo dosi sapienti di teoria e pratica dell’omicidio - argomenti perfetti per ogni velenoso tè delle cinque. Il risultato è uno stuzzicante campionario alfabetico di tutti i veleni di Agatha Christie. Per esempio, scorrendo alla A come arsenico: fu la prima scelta di Cleopatra, che poi preferì darsi la morte con l’aspide; usatissimo dai Borgia, ebbe un vero boom omicida nel XIX secolo, essendo in commercio come economicissimo veleno per topi. E in effetti Christie usò l’arsenico per uccidere otto personaggi; un buon risultato, anche se impallidisce di fronte ai diciotto stecchiti con la cicuta. Invece, a quanto pare, nessuna vittima letteraria di Agatha Christie è mai morta con il curaro di Mr P.",https://www.ibs.it/a-come-arsenico-tutti-veleni-libro-kathryn-harkup/e/9791221219630,False,2026-09-30
Editori Selezionati,https://www.ibs.it/images/9788829795475_0_0_150_0_75.jpg,Il primo libro illustrato di medicina e il mistero del suo curatore (Venezia 1491-1494),Sabrina Minuzzi,Marsilio,2026,"In un itinerario scandito in dieci tappe si scorrono i contenuti e le illustrazioni del primo e più bel libro di medicina pratica, pubblicato a Venezia nel 1494: il Fasciculus medicinae, dallo straordinario successo italiano ed europeo. Dieci xilografie acquerellate introducono i brevi testi in volgare di cui si compone. I primi sei, eredità anonima del basso Medioevo, trattano temi fondamentali per la preparazione di uno studente di medicina. Sono temi che, una volta tradotti in volgare, furono capaci di intercettare l'attenzione di lettori scarsamente letterati come potevano essere i pazienti stessi: l'esame delle urine; il corpo dell'uomo e le principali malattie; quando, come e perché si possa procedere con i salassi in relazione al calendario astrologico; come si curano le ferite inflitte dall'esterno e le lesioni superficiali di altra sorta; il corpo della donna in attesa e le sue possibili malattie. Seguono due trattatelli trecenteschi, per la prima volta tradotti in italiano nell'edizione veneziana del 1494 - l'uno sulla peste e l'altro sull'anatomia -, frutto dell'esperienza e della penna di due celebri medici, resi accessibili a un ampio pubblico. Al racconto dei testi e delle immagini del Fasciculus medicinae si intrecciano l'identità di un autore inesistente, Johannes de Ketham - cui sono tradizionalmente attribuiti i primi sei trattati - ma soprattutto la vita, negata dagli studiosi del XX secolo e ignorata dai cataloghi, della figura che rese magnifica quell'edizione: il medico Pietro Del Min da Montagnana.",https://www.ibs.it/primo-libro-illustrato-di-medicina-libro-sabrina-minuzzi/e/9788829795475,False,2026-09-29
Editori Selezionati,https://www.ibs.it/images/9788811022602_0_0_150_0_75.jpg,Voi avete creato il nostro esilio. La questione coloniale in Israele e Palestina,Anna Momigliano,Garzanti,2026,"Sulle carte geografiche Israele e i Territori palestinesi sono separati da una linea sottile: è la cosiddetta «linea verde», il confine internazionalmente riconosciuto, ma sempre più labile, dello Stato di Israele. Al suo interno Israele si presenta – e in buona parte funziona – come una democrazia; fuori, nella Striscia di Gaza e in Cisgiordania, si è consolidato un altro regime, basato su un'asimmetria radicale dei diritti, sul controllo militare e su una colonizzazione progressiva della terra. Israele, dunque, è uno stato coloniale? Questa domanda trova spesso risposte sbrigative: i sostenitori di Israele la liquidano come propaganda; i critici rispondono istintivamente di sì, magari ignorando le sfumature. Ma il rapporto tra sionismo e colonialismo è complesso, e ha assunto forme diverse nel corso della storia. Se nella prima metà del Novecento i profughi ebrei che arrivarono in Palestina, specie con l'immigrazione di massa degli anni Trenta, lo fecero non per scelta ma perché fuggivano dallo sterminio e nessuno voleva accoglierli, a partire dal 1967, con l'occupazione dei Territori palestinesi e la costruzione delle colonie, Israele è diventato anche una realtà coloniale in senso classico. Finché, dopo il fallimento degli accordi di Oslo, la presenza dei coloni è divenuta permanente, crescendo in modo esponenziale, la «linea verde» è evaporata e il progetto coloniale ha contaminato Israele al suo interno, insinuandosi nell'esercito, nei programmi scolastici, nella società civile.",https://www.ibs.it/voi-avete-creato-nostro-esilio-libro-anna-momigliano/e/9788811022602,False,2026-09-29
Editori Selezionati,https://www.ibs.it/images/9788836022489_0_0_150_0_75.jpg,California dreamin'. Ascesa e declino del sogno (rock) americano,Ezio Guaitamacchi,Ulrico Hoepli,2026,"“L’America è un piano inclinato: tutto scorre verso Ovest, verso la California.” (Frank Lloyd Wright) Il volume racconta mezzo secolo di musica che dalla California si è propagata nel mondo, incantando milioni di persone di ogni età, religione, ceto sociale. E che ancora oggi continua a farlo. Attraverso storie incredibili, aneddoti curiosi, testimonianze particolari, interviste esclusive e la narrazione dell’autore (che celebra con questa opera i 50 anni dal suo primo viaggio in California), il libro è quasi un “romanzo in musica”; un racconto appassionato e affascinante di una vicenda artistico-culturale fantastica, che qualcuno ha definito come “un nuovo Rinascimento delle arti e del pensiero”. Una storia che ha fatto sognare e innamorare i ragazzi degli anni Sessanta, Settanta e Ottanta che, come l’autore, l’hanno vissuta dall’altra parte del mondo, ai “confini dell’Impero”. E che qui viene riportata con lo stesso entusiasmo di quei tempi ma con la lucidità dello storico che ricorda (attraverso specifici box all’interno di ogni capitolo) le sue esperienze personali. Arricchito da illustrazioni, dichiarazioni dei protagonisti e da una playlist ascoltabile tramite QR code), California Dreamin’ è un must per ogni appassionato di musica.",https://www.ibs.it/california-dreamin-ascesa-declino-del-libro-ezio-guaitamacchi/e/9788836022489,False,2026-10-03
Editori Selezionati,https://www.ibs.it/images/9788858162125_0_0_150_0_75.jpg,L'idea vegetariana. Una storia in dieci quadri,Massimo Montanari,Laterza,2026,"Massimo Montanari ricostruisce in dieci quadri la storia del pensiero vegetariano dall'antichità a oggi, tra motivazioni etiche e religiose, ascetismo, salutismo, rispetto per gli animali e per l'ambiente, progetti di riforma sociale e politica. Un racconto storico che mostra come pratiche e idee, materiale e immaginario abbiano sempre viaggiato insieme nella storia dell'alimentazione. Perché in epoche e culture diverse c'è chi sceglie di non mangiare carne? Massimo Montanari, uno dei più autorevoli storici dell'alimentazione a livello internazionale, non risponde con un'opinione ma con una ricostruzione storica. Sul lungo periodo c'è una domanda ricorrente: il cibo è prima di tutto una questione di convenienza – legata a ragioni ambientali, economiche, nutrizionali – o ha a che fare con valutazioni etiche e culturali, da cui derivano le abitudini alimentari? Montanari mostra come, nella realtà storica, le due prospettive siano inscindibili. Il libro si snoda in dieci quadri, ciascuno dedicato a uno degli argomenti che nel tempo hanno sostenuto la scelta vegetariana: motivazioni ‘estroverse', attente al rispetto della vita animale, alla giustizia sociale, al tema ambientale, e motivazioni ‘introverse', che ricercano la purezza spirituale, la salute fisica o altro ancora, non ultimo il piacere gastronomico. In questo viaggio che attraversa epoche, culture e sistemi di pensiero diversi, Massimo Montanari restituisce al lettore un'idea fondamentale: la scelta vegetariana è sempre stata, prima ancora che una pratica, una forma di consapevolezza culturale.",https://www.ibs.it/idea-vegetariana-storia-in-dieci-libro-massimo-montanari/e/9788858162125,False,2026-10-03
Altri Editori,https://www.ibs.it/images/9788836166015_0_0_150_0_75.jpg,Storie di sport nella Seconda guerra mondiale,Sergio Giuntini,DIARKOS,2026,,https://www.ibs.it/storie-di-sport-nella-seconda-libro-sergio-giuntini/e/9788836166015,False,2026-09-30
Editori Selezionati,https://www.ibs.it/images/9788858161319_0_0_150_0_75.jpg,"Cattive italiane. Storie di donne, collaborazionismo e guerra civile",Barbara De Luna,Laterza,2026,"Nei venti mesi della Repubblica Sociale e dell'occupazione nazista alcune donne scelsero di stare ‘dalla parte del nemico'. Donne comuni, vicine di casa, mogli, madri che denunciarono, torturarono, spararono. Barbara De Luna dissotterra dai fascicoli processuali del 1945 storie scomode e irriducibili agli stereotipi. Storie di donne che l'Italia del dopoguerra definì ‘cattive' e poi preferì dimenticare. È il 2 maggio 1944. A Fabriano, in provincia di Ancona, due partigiani aspettano di essere fucilati. A dare l'ordine d'esecuzione è una donna: in divisa, armata. Quando, nella primavera del 1945, l'Italia presenta il conto ai fascisti, davanti alle Corti d'Assise Straordinarie ci sono anche loro: le donne, chiamate a rispondere del reato di collaborazionismo con l'occupante nazista. Chi erano? Dai fascicoli processuali emergono le storie più disparate. C'era chi aveva denunciato partigiani, ebrei, antifascisti: consegnati alla deportazione e alla morte per lucro, per vendetta, per motivi che spesso con la guerra avevano poco a che fare. C'era chi aveva frequentato il nemico attirandosi l'odio o il sospetto della comunità. E poi c'era chi nel fascismo ci aveva creduto davvero: spie, propagandiste, ‘donne in armi', inquadrate in battaglioni e bande armate e responsabili di stragi, rastrellamenti e torture. Quando si presentano davanti alla Corte, i giudici non sanno come categorizzare quella violenza femminile. Ed è così che le imputate vengono giudicate attraverso vecchi cliché misogini e paternalisti. Tanto che, nell'immaginario collettivo del dopoguerra, questo universo femminile collaborazionista, variegato e complesso, verrà ridotto agli stereotipi della ‘spia' o dell'‘amante del nemico'. Ma a distanza di ottant'anni, le storie dimenticate di queste donne ancora ci parlano. Parlano di guerra civile e di guerra totale. Della violenza di un conflitto che aveva invaso ogni ambito dell'esistenza quotidiana.",https://www.ibs.it/cattive-italiane-storie-di-donne-libro-barbara-de-luna/e/9788858161319,True,2026-10-06
Altri Editori,https://www.ibs.it/images/9788830906440_0_0_150_0_75.jpg,Iconic. L'NBA compie 80 anni ed è più in forma che mai,Guido Bagatta,Cairo,2026,,https://www.ibs.it/iconic-nba-compie-80-anni-libro-guido-bagatta/e/9788830906440,False,2026-10-03
Editori Selezionati,https://www.ibs.it/images/9788807092206_0_0_150_0_75.jpg,Democrazia alla prova. Dalle promesse tradite a un riscatto possibile,"Fabrizio Barca,Luca Borzani",Feltrinelli,2026,"Come riaccendere la fiducia nella democrazia? Un'analisi lucida, frutto di un intenso confronto, per trasformare paura e impotenza in una nuova capacità di agire. Insieme.",https://www.ibs.it/democrazia-alla-prova-dalle-promesse-libro-fabrizio-barca-luca-borzani/e/9788807092206,True,2026-10-06
Altri Editori,https://www.ibs.it/images/9791255212775_0_0_150_0_75.jpg,La grande storia degli Indiani d'America,"René Thevenin,Paul Coze",LEG Edizioni,2026,,https://www.ibs.it/grande-storia-degli-indiani-d-libro-rene-thevenin-paul-coze/e/9791255212775,True,2026-10-06
Altri Editori,https://www.ibs.it/images/9791257500542_0_0_150_0_75.jpg,La cristianità ossia l'Europa,Novalis,SE,2026,,https://www.ibs.it/cristianita-ossia-europa-libro-novalis/e/9791257500542,False,2026-10-02
Altri Editori,https://www.ibs.it/images/9791257010362_0_0_150_0_75.jpg,Anime tiepide. Il Vaticano di fronte alla Shoah,Nina Valbousquet,Viella,2026,,https://www.ibs.it/anime-tiepide-vaticano-di-fronte-libro-nina-valbousquet/e/9791257010362,True,2026-10-06
Editori Selezionati,https://www.ibs.it/images/9791222331980_0_0_150_0_75.jpg,"Il salto più lungo. Jesse Owens e Luz Long, il nero e l’ariano uniti da Berlino alla Sicilia","Claudio Minoliti,Nino Minoliti",Mimesis,2026,"Il salto più lungo racconta una delle storie più potenti del Novecento: l’amicizia tra Jesse Owens e Luz Long, simbolo di un’umanità capace di spingersi oltre ogni ideologia. Dalle Olimpiadi di Berlino del 1936 alla tragedia della Seconda guerra mondiale, il libro intreccia sport e storia in un racconto avvincente e documentato. Tra propaganda nazista, discriminazione razziale e drammi bellici, emerge un legame autentico capace di sfidare il tempo e la violenza. Un’opera che unisce narrazione e rigore storico, restituendo al lettore il valore universale dello sport come spazio di incontro, memoria e resistenza civile.",https://www.ibs.it/salto-piu-lungo-jesse-owens-libro-claudio-minoliti-nino-minoliti/e/9791222331980,False,2026-10-03
Altri Editori,https://www.ibs.it/images/9788874552146_0_0_150_0_75.jpg,Ferrari. Tutte le monoposto di Formula 1. Ediz. illustrata,Stuart Codling,Atlante,2026,,https://www.ibs.it/ferrari-tutte-monoposto-di-formula-libro-stuart-codling/e/9788874552146,False,2026-10-01
Altri Editori,https://www.ibs.it/images/9788869483325_0_0_150_0_75.jpg,"Decolonizzazione, lotta rivoluzionaria e panafricanismo. L'anno V della rivoluzione algerina. Per la rivoluzione africana. Scritti politici",Frantz Fanon,Ombre Corte,2026,,https://www.ibs.it/decolonizzazione-lotta-rivoluzionaria-panafricanismo-anno-libro-frantz-fanon/e/9788869483325,True,2026-10-06
Altri Editori,https://www.ibs.it/images/9788866976332_0_0_150_0_75.jpg,La battaglia di Mosca,"Alfred Philippi,Daniil M. Proektor,Jon Erickson",Res Gestae,2026,,https://www.ibs.it/battaglia-di-mosca-libro-vari/e/9788866976332,True,2026-10-06
Editori Selezionati,https://www.ibs.it/images/9788858156292_0_0_150_0_75.jpg,Hotel Exile. Vite in fuga nella Parigi all'ombra della guerra,Jane Rogoyska,Laterza,2026,"C'è un luogo a Parigi dove la storia del Novecento ha lasciato impronte indelebili. Il Lutetia, unico grand hotel della Rive gauche, è sempre stato qualcosa di più di un albergo: un salotto d'Europa, un crocevia di destini, uno specchio fedele delle catastrofi del secolo. Gide ci pranzava, Joyce ci visse, Picasso e Matisse ne frequentavano le sale. Ma è nelle pieghe più buie della sua storia che il Lutetia rivela la sua vera natura di testimone. Negli anni Trenta, infatti, il Lutetia è rifugio e quartier generale informale degli intellettuali tedeschi e austriaci in fuga dal nazismo. Jane Rogoyska li segue uno per uno, con la precisione dello storico e la sensibilità del romanziere: Gisèle Freund che sale su un treno notturno a Francoforte con le fotografie dei compagni perseguitati nascoste sul corpo; Heinrich Mann che lascia Berlino con ombrello e valigetta, come se andasse a una conferenza; Anna Seghers che svuota le tasche del figlio Peter e trova ‘un frammento di Germania': fili d'erba, un pfennig, una pigna. A Parigi li attendono povertà, burocrazia ostile, la speranza sempre più vana di tornare. Poi, l'occupazione tedesca. James Joyce e Nora Barnacle si trasferiscono al Lutetia perché il loro appartamento è senz'acqua calda; Samuel Beckett accompagna il vecchio scrittore quasi cieco per le strade buie della ville lumière oscurata. I tedeschi trasformano l'hotel nella sede dell'Abwehr, il servizio di controspionaggio militare, che ne fa il proprio centro operativo per stanare i nemici del Reich nella capitale occupata. Il palcoscenico cambia attori e si fa cupo. Nella primavera del '45 il Lutetia si trasforma nel luogo del ritorno: migliaia di deportati sopravvissuti ai campi di sterminio vi giungono stremati, cercando un nome sui cartelli esposti nella hall, sperando in un volto familiare.",https://www.ibs.it/hotel-exile-vite-in-fuga-libro-jane-rogoyska/e/9788858156292,False,2026-10-03
Altri Editori,https://www.ibs.it/images/9788831030335_0_0_150_0_75.jpg,Breve storia del Giappone,Lesley Downer,Salani,2026,,https://www.ibs.it/breve-storia-del-giappone-libro-lesley-downer/e/9788831030335,False,2026-10-03
Altri Editori,https://www.ibs.it/images/9791259992611_0_0_150_0_75.jpg,Vi scrivo da una Roma barricata. Gli anni italiani di Margaret Fuller,"Mario Bannoni,Gabriella Mariotti",All Around,2026,,https://www.ibs.it/vi-scrivo-da-roma-barricata-libro-mario-bannoni-gabriella-mariotti/e/9791259992611,False,2026-10-03
Altri Editori,https://www.ibs.it/images/9788832836219_0_0_150_0_75.jpg,Memorie riflesse. Lo sguardo ricordo Gemona 1976-2026,G. Pellizzari,Forum Edizioni,2026,,https://www.ibs.it/memorie-riflesse-sguardo-ricordo-gemona-libro-g-pellizzari/e/9788832836219,False,2026-10-05
Altri Editori,https://www.ibs.it/images/9788832836172_0_0_150_0_75.jpg,I De Claricini Dornpacher da una generazione all’altra,N/D,Forum Edizioni,2026,,https://www.ibs.it/de-claricini-dornpacher-da-generazione-libro-vari/e/9788832836172,True,2026-10-06
Altri Editori,https://www.ibs.it/images/9788832836158_0_0_150_0_75.jpg,Guida culturale di Koura. Storia archeologia Libano,"Marco Iamoni,M. Haider",Forum Edizioni,2026,,https://www.ibs.it/guida-culturale-di-koura-storia-libro-marco-iamoni-m-haider/e/9788832836158,False,2026-10-04
Editori Selezionati,https://www.ibs.it/images/9788817201568_0_0_150_0_75.jpg,"Che sapore ha la felicità? 100 grandi chef italiani condividono ricette, ricordi ed emozioni",Fabiana Salsi,Rizzoli,2026,"Fabiana Salsi, giornalista, da anni si occupa di cibo e cucina. Nel tempo, ha costruito una rete di fiducia e confidenza con gli chef più rinomati del panorama italiano e in queste pagine li invita a condividere con lei - e con noi lettori - non la loro ricetta più famosa, bensì quella più personale. Che sapore ha la felicità? richiama i momenti di cura e affetto della cucina di casa, quella legata ai ricordi, alle emozioni, alle relazioni. Nessun piatto gourmet o concettuale, dunque: dalla Pastina al formaggino di Cesare Battisti alle Tagliatelle di castagne con funghi selvatici di Giorgio Locatelli, dalla Parmigiana di zucchine, provola e salsa al basilico di Antonino Cannavacciuolo al pane fritto - La Milano che avanza - di Carlo Cracco, dal Cous cous con pesto di agrumi, zucca, castagne e nocciole di Filippo La Mantia alla Torta di mele di Antonia Klugmann, dai Passatelli di nonna Ancella di Massimo Bottura agli Gnocchi di ricotta, peperoni e spinaci di Caterina Ceraudo, fino agli Spaghetti alla Nerano di Gennaro Esposito. E poiché le ricette semplici e di famiglia sono un gesto d'amore, non solo nutrimento del corpo, sono cultura, storia, accoglienza, l'autrice ha deciso di devolvere tutti i suoi proventi a EMERGENCY: perché da soli non possiamo cambiare il mondo ma, se lavoriamo insieme, il nostro piccolo gesto non è più una goccia nel mare. I proventi spettanti all'Autrice, derivanti dalla pubblicazione di quest'opera (2,64 € per ogni copia venduta) sosterranno il Centro di maternità di EMERGENCY ad Anabah.",https://www.ibs.it/che-sapore-ha-felicita-100-libro-fabiana-salsi/e/9788817201568,False,2026-10-04
Editori Selezionati,https://www.ibs.it/images/9788858162132_0_0_150_0_75.jpg,Storia della frontiera adriatica,Raoul Pupo,Laterza,2026,"A firma di uno dei più autorevoli esperti di storia del confine orientale, un'opera unica che per la prima volta vede inserite le tragiche vicende novecentesche nel quadro di una millenaria e affascinante storia di frontiera. La frontiera adriatica è terra di incroci fra mondo latino, germanico, slavo e ungherese, senza dimenticare l'Oltremare. La sua storia è poco conosciuta dai lettori italiani, che solo nell'ultimo ventennio hanno preso confidenza con alcune vicende drammatiche del Novecento, come le foibe e l'esodo giuliano-dalmata. Ma per arrivare a quei momenti di tragedia, e per capirne il senso, bisogna fare molti passi indietro. Questa straordinaria sintesi muove dai castellieri protostorici, si sofferma sulla novità epocale della romanizzazione, attraversa le fratture fra dominii longobardi e bizantini, esplora il pulviscolo di poteri medievali, evidenzia il ruolo del Patriarcato di Aquileia, descrive l'espansione dell'influenza veneziana che lentamente cattura le città istriane ad eccezione di Trieste e Fiume, ricostruisce la colonizzazione slava fra Alto Medioevo ed età moderna. Segue l'epopea del cosmopolitismo sette ed ottocentesco nei porti franchi asburgici di Trieste e Fiume, fino al suo tramonto davanti ai processi di nazionalizzazione. Arrivano poi gli anni bui delle guerre mondiali, del fascismo di confine, delle stragi, degli spostamenti forzati di popolazione. Le ‘terre irredente' divengono prima italiane e poi perdute, mentre Trieste dal 1945 al 1954 vive un nuovo irredentismo. Infine, la ‘normalizzazione' e l'avvio della cooperazione transfrontaliera.",https://www.ibs.it/storia-della-frontiera-adriatica-libro-raoul-pupo/e/9788858162132,False,2026-10-02
Altri Editori,https://www.ibs.it/images/9788838950827_0_0_150_0_75.jpg,"Tempi lunghi, ampi spazi. Studiare per sconfinare Una vita fra storia e geografia",Gianni Sofri,Sellerio Editore Palermo,2026,,https://www.ibs.it/tempi-lunghi-ampi-spazi-studiare-libro-gianni-sofri/e/9788838950827,True,2026-10-06
Altri Editori,https://www.ibs.it/images/9791257010744_0_0_150_0_75.jpg,I convertiti del papa. Una famiglia di banchieri ebrei a Roma nel Cinquecento,Isabelle Poutrin,Viella,2026,,https://www.ibs.it/convertiti-del-papa-famiglia-di-libro-isabelle-poutrin/e/9791257010744,False,2026-10-02
Editori Selezionati,https://www.ibs.it/images/9791223274248_0_0_150_0_75.jpg,Pompei. Una città romana,"Andrea Carandini,Maria Teresa D'Alessio,Gabriel Zuchtriegel",Giunti Editore,2026,"Pompei riserva sorprese a ripetizione. Gli scavi in corso rivelano in continuazione capolavori rimasti nascosti da duemila anni. L'attenzione del pubblico internazionale resta calamitata da quello che può essere considerato un polo archeologico di attrazione tra i più importanti del mondo Ciò che attrae, di Pompei, è la possibilità di vedere da vicino, in una sorta di “realtà immersiva” ma concreta e non virtuale, case, suppellettili, strade, luoghi di incontro, ma anche le osterie, i bagni pubblici, le lavanderie, perfino i commoventi calchi in gesso dei suoi ultimi abitanti. In una parola, la vita quotidiana di una città romana del I secolo. Così come è stata cristallizzata da una pioggia di cenere incandescente dopo l'eruzione del Vesuvio nel 79 dc. Ma ad attrarre è anche la storia straordinaria degli scavi, dei restauri, delle avventurose vicende che hanno accompagnato la sua scoperta. Questo libro ci porta dentro quei luoghi, ce ne racconta la struttura, ce ne mostra le stupefacenti decorazioni pittoriche – testimonianze uniche dell'arte romana –, ricostruisce la vita che si svolgeva ogni giorno in quelle strade. E lo fa grazie a un testo aggiornatissimo, chiaro e coinvolgente, e a uno spettacolare apparato di immagini.",https://www.ibs.it/pompei-citta-romana-libro-vari/e/9791223274248,True,2026-10-06
Altri Editori,https://www.ibs.it/images/9788835194835_0_0_150_0_75.jpg,Storia della psicologia in Italia. Itinerari e protagonisti,"Elisabetta Cicciola,Guido Cimino,Renato Foschi",Franco Angeli,2026,,https://www.ibs.it/storia-della-psicologia-in-italia-libro-vari/e/9788835194835,True,2026-10-06
Altri Editori,https://www.ibs.it/images/9788835171805_0_0_150_0_75.jpg,La famiglia Besso Lumbroso. Ruolo e influenza nella storia italiana tra '800 e '900,N/D,Franco Angeli,2026,,https://www.ibs.it/famiglia-besso-lumbroso-ruolo-influenza-libro-vari/e/9788835171805,False,2026-09-22
Altri Editori,https://www.ibs.it/images/9788835187806_0_0_150_0_75.jpg,Donne insegnanti tra emancipazione e tradizione. Questioni pedagogiche e itinerari storico-educativi,N/D,Franco Angeli,2026,,https://www.ibs.it/donne-insegnanti-tra-emancipazione-tradizione-libro-vari/e/9788835187806,True,2026-10-06
Altri Editori,https://www.ibs.it/images/9788849879896_0_0_150_0_75.jpg,Memorie da un altro millennio,Ortensio Zecchino,Rubbettino,2026,,https://www.ibs.it/memorie-da-altro-millennio-libro-ortensio-zecchino/e/9788849879896,False,2026-09-30
Altri Editori,https://www.ibs.it/images/9791280824905_0_0_150_0_75.jpg,A Scanio. Piccole storie di resistenze,Alessandra Fontanesi,Corsiero Editore,2026,,https://www.ibs.it/a-scanio-piccole-storie-di-libro-alessandra-fontanesi/e/9791280824905,False,2026-10-05
Editori Selezionati,https://www.ibs.it/images/9791222336299_0_0_150_0_75.jpg,"Tre storici e maestri. Marino Berengo, Franco Della Peruta, Marco Meriggi",Carlo Capra,Mimesis,2026,"Il lavoro raccoglie tre profili storico-biografici dedicati a Marino Berengo, Franco Della Peruta e Marco Meriggi, presentati come maestri di una tradizione storiografica attenta al rapporto tra ricerca, insegnamento e impegno civile. I tre studiosi, tutti legati in momenti diversi all’Università degli Studi di Milano, si distinsero per la varietà dei loro campi di studio — dalla storia urbana e sociale alla storia politica, economica e istituzionale dell’Italia e dell’Europa. L’autore individua alcuni tratti comuni del loro metodo, tra cui il rifiuto dello specialismo fine a se stesso, la centralità del lavoro sulle fonti e lo sguardo di lungo periodo sui processi storici. I saggi ricostruiscono il percorso scientifico e umano dei tre storici, evidenziandone il ruolo nella formazione di nuove generazioni di studiosi e operatori culturali. Nel complesso, il volume propone una riflessione sul mestiere dello storico, inteso come pratica artigianale fondata sul rigore documentario e come attività dotata di una funzione civile nella società contemporanea.",https://www.ibs.it/tre-storici-maestri-marino-berengo-libro-carlo-capra/e/9791222336299,False,2026-10-05
Editori Selezionati,https://www.ibs.it/images/9788892251540_0_0_150_0_75.jpg,Lettera a Edith Stein,Anna Maria Cànopi,San Paolo Edizioni,2026,"In questo breve testo, divenuto ormai un classico della spiritualità contemporanea, Madre Cànopi scrive a Edith Stein, che, da ebrea per nascita e atea per formazione, si fece cristiana e visse i giorni drammatici della Shoah come duplice atto d'amore verso l'umanità e verso Cristo, senza perdere le sue radici ebraiche. «Ho sempre cercato di immaginare quale deve essere stata per te, ebrea, l'esperienza dell'incontro con Cristo, Figlio di Dio nato da Maria, una donna come te con tutti i connotati della tua stirpe. Commozione e gioia — penso — e, soprattutto, irresistibile attrattiva».",https://www.ibs.it/lettera-a-edith-stein-libro-anna-maria-canopi/e/9788892251540,False,2026-09-29
Altri Editori,https://www.ibs.it/images/9791282297189_0_0_150_0_75.jpg,Cuirone 1968: la tragedia del DC-8,"Giuseppe Agnesina,Claudio Bossi",La Memoria del Mondo,2026,,https://www.ibs.it/cuirone-1968-tragedia-del-dc-libro-giuseppe-agnesina-claudio-bossi/e/9791282297189,False,2026-10-01
Altri Editori,https://www.ibs.it/images/9791281979611_0_0_150_0_75.jpg,Frais. Dove la montagna è casa,N/D,Gondour,2026,,https://www.ibs.it/frais-dove-montagna-casa-libro-vari/e/9791281979611,False,2026-09-30
Altri Editori,https://www.ibs.it/images/9791281526389_0_0_150_0_75.jpg,Fezzan. Un segnino alla conquista del Sahara. La storia di padre Filippo da Segni,Stefano Biancone,Atlantide Editore,2026,,https://www.ibs.it/fezzan-segnino-alla-conquista-del-libro-stefano-biancone/e/9791281526389,False,2026-10-04
Altri Editori,https://www.ibs.it/images/9791280690241_0_0_150_0_75.jpg,Voci fuori catalogo. L'editoria femminista degli anni Setttanta in Italia,Giulia Meneghetti,FVE,2026,,https://www.ibs.it/voci-fuori-catalogo-editoria-femminista-libro-giulia-meneghetti/e/9791280690241,True,2026-10-06
Altri Editori,https://www.ibs.it/images/9791259562371_0_0_150_0_75.jpg,Viaggio in Valtellina,Lorenzo De Maiti,Persiani,2026,,https://www.ibs.it/viaggio-in-valtellina-libro-lorenzo-de-maiti/e/9791259562371,False,2026-09-30
Altri Editori,https://www.ibs.it/images/9791257894078_0_0_150_0_75.jpg,I Sanniti,Francesco Cillo,EBS Print,2026,,https://www.ibs.it/sanniti-libro-francesco-cillo/e/9791257894078,False,2026-10-01
Altri Editori,https://www.ibs.it/images/9791257230470_0_0_150_0_75.jpg,Lucrezia Borgia,Mariangela Melotti,MA,2026,,https://www.ibs.it/lucrezia-borgia-libro-mariangela-melotti/e/9791257230470,False,2026-10-01
Altri Editori,https://www.ibs.it/images/9791257230371_0_0_150_0_75.jpg,Tonache di sangue,Davide Busato,MA,2026,,https://www.ibs.it/tonache-di-sangue-libro-davide-busato/e/9791257230371,False,2026-10-01
Altri Editori,https://www.ibs.it/images/9791257230357_0_0_150_0_75.jpg,"Streghe, spettri, lupi mannari",Paolo Lombardi,MA,2026,,https://www.ibs.it/streghe-spettri-lupi-mannari-libro-paolo-lombardi/e/9791257230357,False,2026-10-01
Altri Editori,https://www.ibs.it/images/9791257230296_0_0_150_0_75.jpg,La Repubblica di Salò,Diego Meldi,MA,2026,,https://www.ibs.it/repubblica-di-salo-libro-diego-meldi/e/9791257230296,False,2026-10-01
Altri Editori,https://www.ibs.it/images/9791257230197_0_0_150_0_75.jpg,Ginevra,Mauro Maggio,MA,2026,,https://www.ibs.it/ginevra-libro-mauro-maggio/e/9791257230197,False,2026-10-01
Altri Editori,https://www.ibs.it/images/9791257230173_0_0_150_0_75.jpg,Donne sante donne streghe,Pamela Giorgi,MA,2026,,https://www.ibs.it/donne-sante-donne-streghe-libro-pamela-giorgi/e/9791257230173,False,2026-10-01
Altri Editori,https://www.ibs.it/images/9791257160821_0_0_150_0_75.jpg,«Il Mattaccio è la nostra utopia». Storie di luoghi di autorganizzazione tra Capannori e Lucca (1981-2012),Lorenzo Orsi,Maria Pacini Fazzi Editore,2026,,https://www.ibs.it/mattaccio-nostra-utopia-storie-di-libro-lorenzo-orsi/e/9791257160821,False,2026-10-05
Altri Editori,https://www.ibs.it/images/9791257012502_0_0_150_0_75.jpg,Africa. Rivista semestrale di studi e ricerche. Nuova serie (2025). Vol. 2,N/D,Viella,2026,,https://www.ibs.it/africa-rivista-semestrale-di-studi-libro-vari/e/9791257012502,True,2026-10-06
Altri Editori,https://www.ibs.it/images/9791256551422_0_0_150_0_75.jpg,Monfalcone il Marina,Roberto Covaz,Gaspari,2026,,https://www.ibs.it/monfalcone-marina-libro-roberto-covaz/e/9791256551422,True,2026-10-06
Altri Editori,https://www.ibs.it/images/9791255762980_0_0_150_0_75.jpg,Il filo d’oro fra Italia e Myanmar-The golden thread between Italy and Myanmar. Ediz. bilingue,"Nicolò Tassoni Estense,Piero Masolo",Edizioni Artestampa,2026,,https://www.ibs.it/filo-d-oro-fra-italia-libro-nicolo-tassoni-estense-piero-masolo/e/9791255762980,False,2026-10-01
Altri Editori,https://www.ibs.it/images/9791255762843_0_0_150_0_75.jpg,A burmese almanac–Lunario birmano,Nicolò Tassoni Estense,Edizioni Artestampa,2026,,https://www.ibs.it/a-burmese-almanac-lunario-birmano-libro-nicolo-tassoni-estense/e/9791255762843,False,2026-10-01
Altri Editori,https://www.ibs.it/images/9791255252924_0_0_150_0_75.jpg,Camposanto Largo. Curiosità anche piccanti della nostra storia,Marco Mannucci,Echos Edizioni,2026,,https://www.ibs.it/camposanto-largo-curiosita-anche-piccanti-libro-marco-mannucci/e/9791255252924,False,2026-10-01
Altri Editori,https://www.ibs.it/images/9791224350941_0_0_150_0_75.jpg,Nor Arax e gli armeni a Bari. Nei media nazionali e stranieri (1924-1962),"Carlo Coppola,Siranush Quaranta",Autopubblicato,2026,,https://www.ibs.it/nor-arax-armeni-a-bari-libro-carlo-coppola-siranush-quaranta/e/9791224350941,False,2026-10-03
Editori Selezionati,https://www.ibs.it/images/9791222332802_0_0_150_0_75.jpg,Miserere. Cantare la passione,Carlo Faiello,Mimesis,2026,"Con questo libro si inaugura la sezione della Collana “Pubblicazioni della Fondazione Il Canto di Virgilio” dedicata alle partiture, con un diverso formato. Il volume, però, non contiene solo il libretto e lo spartito del Miserere, composti attingendo ai testi e agli stilemi musicali connessi alla celebrazione popolare della Passione. Faiello, infatti, pubblica qui anche un Diario di viaggio e di ricerca, in cui racconta la sua personale indagine intorno alla liturgia popolare della settimana santa in Campania, nel contempo raccogliendo un patrimonio di documentazione etnomusicologica e salvandolo dall’estinzione conseguente alla scom-parsa di donne e uomini a cui canti e ritmi furono tramandati oralmente. Una rappresentazione sacra raffinata e suggestiva quella che Faiello propone con questo suo oratorio, ma proveniente dal basso, da quel mondo degli ultimi, ignorato dalla storia, che Ernesto de Martino e Roberto De Simone seppero riportare alla luce e interpretare.",https://www.ibs.it/miserere-cantare-passione-libro-carlo-faiello/e/9791222332802,False,2026-10-02
Altri Editori,https://www.ibs.it/images/9791221510829_0_0_150_0_75.jpg,Chiaia luogo di conveniente dimora. Le ville a Napoli di età moderna,Giuseppe Pignatelli Spinazzola,Firenze University Press,2026,,https://www.ibs.it/chiaia-luogo-di-conveniente-dimora-libro-giuseppe-pignatelli-spinazzola/e/9791221510829,True,2026-10-06
Altri Editori,https://www.ibs.it/images/9788872973875_0_0_150_0_75.jpg,Il libro d'oro di Pertosa: fonti storiche per ricostruire l'albero genealogico,Arturo Bascetta,ABE,2026,,https://www.ibs.it/libro-d-oro-di-pertosa-libro-arturo-bascetta/e/9788872973875,False,2026-10-01
Altri Editori,https://www.ibs.it/images/9788872973301_0_0_150_0_75.jpg,"Il libro d'oro di Eboli, fonti storiche per ricostruire l'albero genealogico",Arturo Bascetta,ABE,2026,,https://www.ibs.it/libro-d-oro-di-eboli-libro-arturo-bascetta/e/9788872973301,False,2026-10-01
Altri Editori,https://www.ibs.it/images/9788872973264_0_0_150_0_75.jpg,Il libro d'oro di Pietrastornina. Fonti storiche per ricostruire l'albero genealogico,Arturo Bascetta,ABE,2026,,https://www.ibs.it/libro-d-oro-di-pietrastornina-libro-arturo-bascetta/e/9788872973264,False,2026-10-02
Altri Editori,https://www.ibs.it/images/9788868583583_0_0_150_0_75.jpg,Ti ricordi il giorno che...,Andrea Schianchi,Absolutely Free,2026,,https://www.ibs.it/ti-ricordi-giorno-che-libro-andrea-schianchi/e/9788868583583,True,2026-10-06
Altri Editori,https://www.ibs.it/images/9788865918654_0_0_150_0_75.jpg,Le donne che lottarono contro il potere. Sceneggiatura teatrale. Nuova ediz.,Luciano Salsi,Rupe Mutevole,2026,,https://www.ibs.it/donne-che-lottarono-contro-potere-libro-luciano-salsi/e/9788865918654,True,2026-10-06
Altri Editori,https://www.ibs.it/images/9788863367089_0_0_150_0_75.jpg,Serene feste di popolo. Le feste dell'Unità a Padova dalle origini agli anni '50,Alessandro Naccarato,Il Prato,2026,,https://www.ibs.it/serene-feste-di-popolo-feste-libro-alessandro-naccarato/e/9788863367089,False,2026-10-05
Altri Editori,https://www.ibs.it/images/9788859625551_0_0_150_0_75.jpg,"La questione di Firenze (1878-1879). La crisi della città, le risposte del parlamento. Vol. 2",Chiara Manganelli,Polistampa,2026,,https://www.ibs.it/questione-di-firenze-1878-1879-libro-chiara-manganelli/e/9788859625551,True,2026-10-06
Altri Editori,https://www.ibs.it/images/9788849885408_0_0_150_0_75.jpg,"Matite sbriciolate. I militari italiani nei lager nazisti: un testimone, un album, una storia comune. Nuova ediz.",Antonella Bartolo Colaleo,Rubbettino,2026,,https://www.ibs.it/matite-sbriciolate-militari-italiani-nei-libro-antonella-bartolo-colaleo/e/9788849885408,False,2026-09-30
Altri Editori,https://www.ibs.it/images/9788846775863_0_0_150_0_75.jpg,Per fumum. Personaggi e luoghi del profumo tra antico e moderno,N/D,Edizioni ETS,2026,,https://www.ibs.it/per-fumum-personaggi-luoghi-del-libro-vari/e/9788846775863,True,2026-10-06
Altri Editori,https://www.ibs.it/images/9788835194873_0_0_150_0_75.jpg,Don Vincenzo Moro. La fede e l'antifascismo di un sacerdote in trincea,Cesare Aresi,Franco Angeli,2026,,https://www.ibs.it/don-vincenzo-moro-fede-antifascismo-libro-cesare-aresi/e/9788835194873,True,2026-10-06
Altri Editori,https://www.ibs.it/images/9788833842776_0_0_150_0_75.jpg,Memoirs of Lorenzo de' Medici. A true history of Renaissance,Fabiano Camilo,Pontecorboli Editore,2026,,https://www.ibs.it/memoirs-of-lorenzo-de-medici-libro-fabiano-camilo/e/9788833842776,True,2026-10-06
Altri Editori,https://www.ibs.it/images/9788833568652_0_0_150_0_75.jpg,Palestina. Tempo sospeso,Massimo Martano,Progetto Cultura,2026,,https://www.ibs.it/palestina-tempo-sospeso-libro-massimo-martano/e/9788833568652,False,2026-10-01
Altri Editori,https://www.ibs.it/images/9788833568584_0_0_150_0_75.jpg,Il cammino dei merciai girovaghi. Dal Bellunese al Polesine,Chiara Saltarin,Progetto Cultura,2026,,https://www.ibs.it/cammino-dei-merciai-girovaghi-dal-libro-chiara-saltarin/e/9788833568584,False,2026-10-01
Altri Editori,https://www.ibs.it/images/9783836598446_0_0_150_0_75.jpg,Lakers. An official history of the purple & gold. Ediz. inglese,N/D,Taschen,2026,,https://www.ibs.it/lakers-an-official-history-of-libro-vari/e/9783836598446,False,2026-10-02
Altri Editori,https://www.ibs.it/images/9791280116765_0_0_150_0_75.jpg,"Le coraggiose. Muse, patriote e benefattrici del Risorgimento italiano",Simonetta Ronco,Licosia,2026,,https://www.ibs.it/coraggiose-muse-patriote-benefattrici-del-libro-simonetta-ronco/e/9791280116765,False,2026-10-05
Altri Editori,https://www.ibs.it/images/9791224803621_0_0_150_0_75.jpg,Badia Prataglia. Storia di un comunello toscano,Luca Tognaccini,Youcanprint,2026,,https://www.ibs.it/badia-prataglia-storia-di-comunello-libro-luca-tognaccini/e/9791224803621,False,2026-10-05
Altri Editori,https://www.ibs.it/images/9791224802570_0_0_150_0_75.jpg,Ricerche storiche di chi ama la storia. La mia Luisa di Savoia. Una donna al potere,Saba Gigliola,Youcanprint,2026,,https://www.ibs.it/ricerche-storiche-di-chi-ama-libro-saba-gigliola/e/9791224802570,False,2026-10-05
Altri Editori,https://www.ibs.it/images/9791224802105_0_0_150_0_75.jpg,Grottaglie Sparita. Ediz. illustrata,Anna Montella,Youcanprint,2026,,https://www.ibs.it/grottaglie-sparita-ediz-illustrata-libro-anna-montella/e/9791224802105,False,2026-10-01
Altri Editori,https://www.ibs.it/images/9791224801443_0_0_150_0_75.jpg,Historia,Elisabetta Magno,Youcanprint,2026,,https://www.ibs.it/historia-libro-elisabetta-magno/e/9791224801443,False,2026-10-05
Altri Editori,https://www.ibs.it/images/9791224099055_0_0_150_0_75.jpg,Ti porto a Caianello,Severino Amato,Youcanprint,2026,,https://www.ibs.it/ti-porto-a-caianello-libro-severino-amato/e/9791224099055,False,2026-10-01
Altri Editori,https://www.ibs.it/images/9791282328708_0_0_150_0_75.jpg,Legazione al duca Valentino. Seconda legazione. 5 ottobre 1502–21 gennaio 1503,Niccolò Machiavelli,Ad Veritatem,2026,,https://www.ibs.it/legazione-al-duca-valentino-seconda-libro-niccolo-machiavelli/e/9791282328708,True,2026-10-06
Altri Editori,https://www.ibs.it/images/9791259919298_0_0_150_0_75.jpg,"Storia della stregoneria. Processi, confessioni e roghi dall’Europa a Salem",N/D,Intra,2026,,https://www.ibs.it/storia-della-stregoneria-processi-confessioni-libro-vari/e/9791259919298,False,2026-10-02
Altri Editori,https://www.ibs.it/images/9791259919250_0_0_150_0_75.jpg,Storia dell’America’s Cup. Dalla goletta America a Napoli 2027,N/D,Intra,2026,,https://www.ibs.it/storia-dell-america-s-cup-libro-vari/e/9791259919250,False,2026-10-01
Altri Editori,https://www.ibs.it/images/9791224807766_0_0_150_0_75.jpg,"Quando la Sabina andò in onda. Radio Manzo, storia di una web radio diventata comunità",Luca Pasquarelli,Youcanprint,2026,,https://www.ibs.it/quando-sabina-ando-in-onda-libro-luca-pasquarelli/e/9791224807766,True,2026-10-06
Altri Editori,https://www.ibs.it/images/9791222819921_0_0_150_0_75.jpg,Un divertevole viaggio,Rosalba Zucco,ilmiolibro self publishing,2026,,https://www.ibs.it/divertevole-viaggio-libro-rosalba-zucco/e/9791222819921,True,2026-10-06
Altri Editori,https://www.ibs.it/images/9788882385644_0_0_150_0_75.jpg,Massoni e massoneria in Calabria al tempo del Fascismo. Il caso della provincia di Catanzaro (1922-1934),Christian Palmieri,Città del Sole Edizioni,2026,,https://www.ibs.it/massoni-massoneria-in-calabria-al-libro-christian-palmieri/e/9788882385644,False,2026-10-02
Altri Editori,https://www.ibs.it/images/9788872974704_0_0_150_0_75.jpg,La crisi angioina del 1435 e l’enclave di Benevento. Diari di Napoli. Vol. 1: I 7 anni della conquista aragonese. 1435,Sabato Cuttrera,ABE,2026,,https://www.ibs.it/crisi-angioina-del-1435-enclave-libro-sabato-cuttrera/e/9788872974704,True,2026-10-06
Altri Editori,https://www.ibs.it/images/9788872973134_0_0_150_0_75.jpg,"Iohanna di Sicilia: Giovanna d’inghilterra dei Plantageneti e la dote dell’honor di Monte Sant’angelo (Angers d’Angiò, 1165 - Rouen di Normandia, 1199)",Sabato Cuttrera,ABE,2026,,https://www.ibs.it/iohanna-di-sicilia-giovanna-d-libro-sabato-cuttrera/e/9788872973134,True,2026-10-06
Altri Editori,https://www.ibs.it/images/9788872973097_0_0_150_0_75.jpg,"Isabelle de’ Clermont, Isabella dei Chiaromonte di Lecce. La regina della moda nel Rinascimento",Arturo Bascetta,ABE,2026,,https://www.ibs.it/isabelle-de-clermont-isabella-dei-libro-arturo-bascetta/e/9788872973097,True,2026-10-06
Altri Editori,https://www.ibs.it/images/9788833659046_0_0_150_0_75.jpg,Origini del Cristianesimo in Calabria. Testimonianze documentali e archeologiche,Gianluca Sapio,Nuova Cultura,2026,,https://www.ibs.it/origini-del-cristianesimo-in-calabria-libro-gianluca-sapio/e/9788833659046,False,2026-10-01
Altri Editori,https://www.ibs.it/images/9788832939613_0_0_150_0_75.jpg,Jazz sullo schermo da Hollywood a cinecittà: la musica afroamericana nelle colonne sonore italiane,Gian Domenico Murdolo,Universitalia,2026,,https://www.ibs.it/jazz-sullo-schermo-da-hollywood-libro-gian-domenico-murdolo/e/9788832939613,True,2026-10-06
Altri Editori,https://www.ibs.it/images/9791281921337_0_0_150_0_75.jpg,"La dipendenza siciliana. Dieci saggi di storia, economia e visione",Vittorio Longo,QUICK Edizioni,2026,,https://www.ibs.it/dipendenza-siciliana-dieci-saggi-di-libro-vittorio-longo/e/9791281921337,False,2026-10-02
Altri Editori,https://www.ibs.it/images/9788888058375_0_0_150_0_75.jpg,I fratelli Innocenzo e Francesco Guicciardi del Brianzo e il ciborio della chiesa di San Maurizio a Ponte in Valtellina,"Francesco Palazzi Trivelli,Battista Rinaldi,Simonetta Coppa",Società Storica Valtellinese,2026,,https://www.ibs.it/fratelli-innocenzo-francesco-guicciardi-del-libro-vari/e/9788888058375,False,2026-10-02
Altri Editori,https://www.ibs.it/images/9791282580380_0_0_150_0_75.jpg,Stel. Vent'anni di tranvie interurbane attorno a Milano (1919-1939). Vol. 2: I tram,"Paolo Zanin,Davide Mastrovito",Phasar Edizioni,2026,,https://www.ibs.it/stel-vent-anni-di-tranvie-libro-paolo-zanin-davide-mastrovito/e/9791282580380,False,2026-09-28
Altri Editori,https://www.ibs.it/images/9791282506021_0_0_150_0_75.jpg,Una vita dal vivo. Con CD-Audio,Carlo Casale,Edizioni Interno4,2026,,https://www.ibs.it/vita-dal-vivo-con-cd-libro-carlo-casale/e/9791282506021,False,2026-10-02
Altri Editori,https://www.ibs.it/images/9791257810412_0_0_150_0_75.jpg,Il Piemonte dei tartufi,Giovanni Vigo,Araba Fenice,2026,,https://www.ibs.it/piemonte-dei-tartufi-libro-giovanni-vigo/e/9791257810412,True,2026-10-06
Altri Editori,https://www.ibs.it/images/9791298606524_0_0_150_0_75.jpg,"Benevento. Tessere per la memoria. Storie di vita, episodi, personaggi, aneddoti e curiosità...e tantissime foto antiche della città",Antonio De Cristofaro,NEXUS Editoria e Comunicazione,2026,,https://www.ibs.it/benevento-tessere-per-memoria-storie-libro-antonio-de-cristofaro/e/9791298606524,False,2026-09-30
Altri Editori,https://www.ibs.it/images/9791298512870_0_0_150_0_75.jpg,Donne in cammino. Italiane stanziali e migranti tra Ottocento e Novecento,Giorgia Miazzo,Centro Studi Grandi Migrazioni Aps,2026,,https://www.ibs.it/donne-in-cammino-italiane-stanziali-libro-giorgia-miazzo/e/9791298512870,False,2026-10-02
Altri Editori,https://www.ibs.it/images/9791256980758_0_0_150_0_75.jpg,Napoli. Dal Ducato al sogno di un Regno,Ferdinando Muto,Stamperia del Valentino,2026,,https://www.ibs.it/napoli-dal-ducato-al-sogno-libro-ferdinando-muto/e/9791256980758,False,2026-10-02
Altri Editori,https://www.ibs.it/images/9791256980741_0_0_150_0_75.jpg,"Capri. Natura, tradizioni popolari, storia e antichità dell’isola",Reinhold Schoener,Stamperia del Valentino,2026,,https://www.ibs.it/capri-natura-tradizioni-popolari-storia-libro-reinhold-schoener/e/9791256980741,False,2026-10-02
Altri Editori,https://www.ibs.it/images/9791255503293_0_0_150_0_75.jpg,"Turco immaginario. Scambi, immaginazioni e pregiudizi tra l’Italia e l’Impero ottomano",Moreno Pedrinzani,D'Amico Editore,2026,,https://www.ibs.it/turco-immaginario-scambi-immaginazioni-pregiudizi-libro-moreno-pedrinzani/e/9791255503293,False,2026-10-02
Altri Editori,https://www.ibs.it/images/9791224320104_0_0_150_0_75.jpg,L'officina del sapere tra libri e scansìe. Studi in onore di Giuseppe Lipari,N/D,Intervolumina APS,2026,,https://www.ibs.it/officina-del-sapere-tra-libri-libro-vari/e/9791224320104,False,2026-09-30
Altri Editori,https://www.ibs.it/images/9788897795636_0_0_150_0_75.jpg,Lessico per la storia del Medioevo alpino in 154 parole,Roberto Leggero,Tararà,2026,,https://www.ibs.it/lessico-per-storia-del-medioevo-libro-roberto-leggero/e/9788897795636,True,2026-10-06
Editori Selezionati,https://www.ibs.it/images/9791256241309_0_0_150_0_75.jpg,Fiamme americane. La nuova destra e la crisi d'identità degli Stati Uniti,Federico Petroni,Gramma Feltrinelli,2026,"Perché l'America è andata in crisi fino a generare un movimento radicale come la nuova destra? Quest'ultima è una galassia eterogenea di populisti, nazionalisti, cattolici postliberali e tecnocapitalisti, animati da vecchie e nuove idee spesso inconciliabili fra loro. A unirli, portando per ben due volte alla presidenza degli Stati Uniti un magnate come Trump, è una missione che rivela la difficoltà del momento storico dell'America: rovesciare il sistema per impedire la morte della nazione per sfinimento. Una morte annunciata, secondo questi pensatori, dal fallimento dell'ideologia della globalizzazione e dei suoi tre pilastri: immigrazione di massa, accordi di libero scambio e politica estera espansiva. Nelle loro parole, l'impero divora la repubblica. ""Fiamme americane"" è un viaggio alla ricerca delle ragioni che hanno svuotato l'egemonia degli Stati Uniti, scatenando la reazione della nuova destra. Un viaggio che muove da una domanda inevitabile: perché, nel cuore della maggiore potenza politica e militare del pianeta, si è fatta strada l'idea che la sua missione non sia più rifare daccapo il mondo, ma salvare sé stessa dallo schianto? Mescolando studi e reportage, letture e osservazioni, trattati e canzoni, interviste con politici e intellettuali e incontri casuali con la gente comune, Federico Petroni svela la profonda crisi sociale e strategica che attraversa da cima a fondo gli odierni Stati Uniti d'America. Una crisi accesa da un incendio che sta riducendo in cenere i sogni e i miti che hanno forgiato e sostenuto l'identità americana: la promessa di una vita dignitosa per chiunque, la “missione civilizzatrice” degli Usa nel mondo. Un incendio, infine, che dilania la coesione sociale della nazione e minaccia di aprire le porte al nichilismo.",https://www.ibs.it/fiamme-americane-nuova-destra-crisi-libro-federico-petroni/e/9791256241309,False,2026-09-29
Editori Selezionati,https://www.ibs.it/images/9788806274832_0_0_150_0_75.jpg,L'uomo che inventò la politica. Inchiesta su Machiavelli,"Natalia Augias,Corrado Augias",Einaudi,2026,"A che punto è l'arte della politica nel nuovo millennio, tra sovranismi, populismi, tentazioni autoritarie e crisi del discorso progressista? Nel cercare risposte a questa domanda, Corrado e Natalia Augias mettono al centro del loro confronto la rilettura dell'opera di Niccolò Machiavelli. Dall'incontro tra due generazioni, dalla differenza delle voci e degli sguardi, nasce un racconto vivo e appassionato di ciò che dovrebbe essere oggi l'azione politica, attraverso una delle personalità piú decisive della nostra storia e del pensiero occidentale. Liberandolo da secoli di retorica scolastica, falsificazioni e slogan abusati, e confutando giudizi ingiusti duri a morire, Corrado e Natalia Augias cercano di restituire l'essenza piú autentica e attuale della vita e del pensiero di Machiavelli. Antipapale, bandito e messo all'Indice dalla Chiesa, antimperiale e antifeudale, sorprendentemente moderno: questo era Machiavelli, ben lontano dalle caricature che ne hanno deformato l'immagine. Uno scrittore non solo profondo ma anche ironico e «simpatico», come lo definí Francesco De Sanctis. Rileggere oggi Machiavelli significa mettere i vizi del potere, le regole della convivenza civile e il disordine del Cinquecento davanti allo specchio del nostro confuso e tumultuoso presente. Dalla ricostruzione dopo la Seconda guerra mondiale alle recenti crisi in Ucraina e Medioriente, Corrado e Natalia Augias interrogano il nostro tempo: la crisi del diritto internazionale, la fragilità dell'Unione Europea, il ritorno delle logiche di forza.",https://www.ibs.it/uomo-che-invento-politica-inchiesta-libro-natalia-augias-corrado-augias/e/9788806274832,False,2026-09-30
Editori Selezionati,https://www.ibs.it/images/9788828220398_0_0_150_0_75.jpg,Quando c'era lei. L'Italia dopo Giorgia Meloni,Matteo Renzi,Solferino,2026,"«Quando c’era lui», ripetevano i nostalgici, «i treni arrivavano in orario». Oggi quella formula si rovescia e diventa l’atto d’accusa più tagliente contro chi governa. «Da quando c’è lei» si pagano più tasse, i treni viaggiano in ritardo, i giovani hanno ripreso la via dell’estero, benzina e spesa costano di più e l’Italia è diventata meno sicura. Il governo di Giorgia Meloni è il più longevo della storia repubblicana. Ma con quale stabilità e a quale prezzo per il Paese? Matteo Renzi scava dietro la propaganda dei numeri, non limitandosi a mettere in fila i fallimenti del Governo Meloni, ma lanciando proposte per un centrosinistra che può tornare a vincere, per un Paese che può tornare a crescere. Un pamphlet al vetriolo che smonta le bugie del potere e detta l’agenda dell’opposizione in vista delle elezioni del prossimo anno.",https://www.ibs.it/quando-c-era-lei-italia-libro-matteo-renzi/e/9788828220398,False,2026-09-29
Editori Selezionati,https://www.ibs.it/images/9791223800959_0_0_150_0_75.jpg,NATO. L'espansione verso la Russia. Dalla caduta del muro di Berlino alla guerra in Ucraina,Alessandro Orsini,Piemme,2026,"Il primo libro in Italia che ricostruisce la storia dell'espansione della Nato sin dai primi passi teorici. In questo volume ricco di fonti primarie e documenti desecretati, Alessandro Orsini affronta le principali questioni al centro del dibattito internazionale sull'espansione della Nato a Est, di cui ricostruisce la storia, dalle promesse a Gorbachev, durante le trattative per la riunificazione della Germania, alla guerra in Ucraina. La tesi di Orsini è che il punto d'origine documentale delle tensioni tra la Nato e la Federazione Russa, sfociate in Ucraina il 24 febbraio 2022, risieda nella contraddizione geopolitica tra l'articolo 5 e il verbale allegato al Trattato sullo stato finale della Germania del 12 settembre 1990. Il libro descrive le strategie utilizzate da Gorbachev, Eltsin, Putin e Medvedev per contrastare l'espansione della Nato, chiarendo le implicazioni storiche del passaggio dalla strategia del ""blocco"" alla strategia del ""contenimento del danno"" da parte del Cremlino. Analoga attenzione è dedicata alle strategie degli Stati Uniti e dell'Europa per aggirare e piegare l'opposizione della Russia all'avvicinamento della Nato al suo confine. Combinando la ricerca storica e la teoria sociologica, Nato, l'espansione verso la Russia, fornisce ai lettori gli strumenti per riflettere criticamente sulle cause di lungo periodo della più grande crisi di sicurezza in Europa dopo la fine della Guerra fredda e sui più importanti nodi storiografici relativi all'allargamento della Nato fino ai confini della Russia.",https://www.ibs.it/nato-espansione-verso-russia-dalla-libro-alessandro-orsini/e/9791223800959,True,2026-10-06
Altri Editori,https://www.ibs.it/images/9791259856036_0_0_150_0_75.jpg,Era tanto un bravo ragazzo. Strumenti per riconoscere e sradicare la violenza maschile contro le donne nei gesti quotidiani,Paola Di Nicola,HarperCollins Italia,2026,,https://www.ibs.it/era-tanto-bravo-ragazzo-strumenti-libro-paola-di-nicola/e/9791259856036,False,2026-09-30
Altri Editori,https://www.ibs.it/images/9788867835676_0_0_150_0_75.jpg,Disobbedire a Confucio. Lotte femministe in Asia orientale,Eleonora Zocca,ADD Editore,2026,,https://www.ibs.it/disobbedire-a-confucio-lotte-femministe-libro-eleonora-zocca/e/9788867835676,False,2026-10-03
Editori Selezionati,https://www.ibs.it/images/9788807200182_0_0_150_0_75.jpg,I dieci anni che hanno sconvolto il mondo. La fine dell'ordine globale,Maurizio Massari,Feltrinelli,2026,"Negli ultimi dieci anni l'ordine internazionale costruito dopo il 1945 si è progressivamente sgretolato. Le istituzioni nate per governare la cooperazione globale – a partire dalle Nazioni Unite – esistono ancora, ma sono sempre più svuotate di potere reale. Al loro posto si è affermata una logica diversa: quella dell'interesse nazionale inteso in senso competitivo, unilaterale, spesso aggressivo. L'incertezza del quadro globale e la crescente vulnerabilità hanno spinto gli Stati verso calcoli nazionali di breve periodo, restringendo sempre più gli spazi della cooperazione internazionale. Maurizio Massari, ambasciatore italiano e rappresentante permanente dell'Italia alle Nazioni Unite nel decennio in cui è iniziato il declino del sistema multilaterale, offre una lettura dall'interno di questa trasformazione. Non un'analisi astratta, ma il racconto ragionato di come e perché il mondo sia entrato in una fase di disordine strutturale. Massari mostra come la crisi del multilateralismo non sia il frutto del suo fallimento, ma della sua progressiva demolizione da parte delle grandi potenze. Gli Stati Uniti si sono gradualmente allontanati dal sistema che avevano creato e garantito; la Cina ne ha sfruttato i vantaggi per affermarsi come grande potenza e oggi prova a rimodellarlo dall'interno; la Russia lo ha sfidato frontalmente con il ritorno della guerra di conquista; l'India e le potenze del Sud globale rivendicano un ruolo nuovo, più autonomo e multiallineato; l'Europa, incapace di parlare con una sola voce, resta intrappolata in una posizione di debolezza strategica e fatica a trasformarsi in un vero soggetto geopolitico. Forte dell'esperienza maturata ai più alti livelli della diplomazia internazionale, Massari unisce analisi geopolitica, conoscenza della politica globale e osservazione diretta dei luoghi in cui il multilateralismo viene ogni giorno negoziato, tutelato o svuotato.",https://www.ibs.it/dieci-anni-che-hanno-sconvolto-libro-maurizio-massari/e/9788807200182,False,2026-09-29
Altri Editori,https://www.ibs.it/images/9788893907729_0_0_150_0_75.jpg,"L'ordine. Sorvegliare, punire, odiare",Luigi Mastrodonato,SEM,2026,,https://www.ibs.it/ordine-sorvegliare-punire-odiare-libro-luigi-mastrodonato/e/9788893907729,False,2026-09-29
Altri Editori,https://www.ibs.it/images/9788838950469_0_0_150_0_75.jpg,Le intelligenze particolari. Un'indagine nelle case infestate,Grégory Delaplace,Sellerio Editore Palermo,2026,,https://www.ibs.it/intelligenze-particolari-indagine-nelle-case-libro-gregory-delaplace/e/9788838950469,False,2026-09-30
Editori Selezionati,https://www.ibs.it/images/9788855228831_0_0_150_0_75.jpg,"Il nemico. L'Italia di Falcone e Borsellino, quella del generale Mori",Stefania Limiti,Donzelli,2026,"Che cosa accadde davvero negli ultimi mesi di vita di Giovanni Falcone e Paolo Borsellino? E quale configurazione del potere emerge, se si guarda alle stragi mafiose dei primi anni novanta non come a un fatto isolato, ma come a un passaggio decisivo della crisi italiana alla fine della guerra fredda? Stefania Limiti, giornalista investigativa attenta e coraggiosa, ricostruisce il biennio cruciale in cui mafia, neofascismo, apparati deviati dello Stato, ambizioni personali e nuovi equilibri politici danno vita a un intreccio opaco, mirato alla destabilizzazione del paese. Le bombe mafiose cadute sull'Italia in quel periodo – sostiene l'autrice – sono state parte di un multiforme dispositivo, retaggio di vecchie pratiche, attuato per arrestare un nuovo fermento della società. Al centro del racconto ci sono Falcone e Borsellino, colti nel momento in cui la loro idea del «nemico» si allarga e si fa più radicale, fino a toccare le connessioni politico-criminali che attraversano la Repubblica. Sullo sfondo, ma in una posizione decisiva, si staglia il ruolo del generale Mario Mori e del Ros, che proprio in quel biennio si lanciarono nell'impresa di parlare con la mafia, non è mai stato chiarito con quale mandato e con quale obiettivo. Attingendo da un'impressionante mole di fonti d'archivio inedite, testimonianze, dossier giudiziari, l'autrice ricompone i diversi volti del nemico e restituisce il significato politico di quel biennio, fornendo una nuova lettura delle stragi di Capaci e di via d'Amelio. Un'inchiesta indispensabile per entrare nel groviglio di quegli anni e rileggere un passaggio fondamentale della nostra storia.",https://www.ibs.it/nemico-italia-di-falcone-borsellino-libro-stefania-limiti/e/9788855228831,False,2026-10-02
Editori Selezionati,https://www.ibs.it/images/9791223802311_0_0_150_0_75.jpg,"Il coraggio di governare. Idee liberali, la forza di realizzarle",Roberto Occhiuto,Piemme,2026,"«In un Paese davvero liberale, l'origine sociale non dovrebbe segnare in modo aprioristico il destino di una persona. Il punto da cui parti non dovrebbe decidere il punto in cui puoi arrivare. Non dovrebbe stupire che il figlio di un fruttivendolo sia diventato presidente di Regione: dovrebbe stupire che in Italia una storia così non sia ancora del tutto normale.» Prima di diventare presidente di Regione e dirigente politico, Roberto Occhiuto è stato il bambino che leggeva i temi al padre che non aveva avuto la possibilità di studiare, il ragazzo che ha vissuto il fallimento dell'attività di famiglia e lo studente che vendeva enciclopedie porta a porta per guadagnarsi l'indipendenza. Da questa straordinaria scuola di vita nasce la convinzione profonda che guida ogni pagina di questo libro: la libertà non è un privilegio di partenza, ma una conquista da garantire a tutti. Attraverso il racconto di sfide complesse - dalla gestione della sanità pubblica alle battaglie europee sull'energia, dal confronto con gli alleati al nodo delle migrazioni -, Il coraggio di governare offre una testimonianza schietta e lucida su cosa significhi amministrare con pragmatismo. Un manifesto riformista, garantista e proiettato al futuro, rivolto a chi cerca una politica che non ha paura del nuovo e sa coniugare la tenuta dei conti con la tutela della libertà e dei diritti individuali.",https://www.ibs.it/coraggio-di-governare-idee-liberali-libro-roberto-occhiuto/e/9791223802311,False,2026-09-30
Altri Editori,https://www.ibs.it/images/9791280447401_0_0_150_0_75.jpg,Riserva di carica. La ragion di Stato e il fondamento del potere,Lorenzo Castellani,Liberilibri,2026,,https://www.ibs.it/riserva-di-carica-ragion-di-libro-lorenzo-castellani/e/9791280447401,False,2026-10-01
Editori Selezionati,https://www.ibs.it/images/9791256680399_0_0_150_0_75.jpg,Esperimenti di vita. In difesa del liberalismo,Cass R. Sunstein,Silvio Berlusconi Editore,2026,"Il liberalismo è sotto assedio come non succedeva dalla fine della seconda guerra mondiale. Se la destra lo accusa del crollo dei valori tradizionali e dell'autorità, la sinistra lo ritiene incapace di risolvere le disuguaglianze sociali. Eppure, entrambe le posizioni tradiscono l'essenza di questa tradizione politica, restituendone una caricatura polemica che non riflette la realtà. In questo saggio illuminante, Cass R. Sunstein, pioniere della teoria del nudge, risale alle radici del pensiero liberale, mostrando la forza dei suoi valori e l'ampiezza dei suoi orizzonti. Irriducibile al solo sostegno del libero mercato o alla cieca fiducia nelle politiche di welfare, il liberalismo si rivela una corrente dinamica e vitale, aperta alle novità e mossa da un incrollabile ottimismo verso il futuro. Ma la sua vera anima risiede in uno dei suoi aspetti meno citati: la devozione agli «esperimenti di vita», che garantiscono a ognuno la libertà di scegliere la propria strada, di reinventarsi e sfidare le tradizioni, scoprendo, tra le molte opportunità, che cos'è meglio per sé. Perché in una democrazia realmente pluralista ogni cittadino deve poter essere l'unico autore della propria storia. Intrecciando i pilastri di questa dottrina - la libertà di pensiero e di parola, il diritto al giusto processo, la libertà di religione, la rule of law - con il racconto dei suoi protagonisti, Sunstein ci consegna una difesa urgente del pensiero liberale, un'ancora di salvezza in questi tempi di polarizzazione e sfiducia. Un libro essenziale per capire che cos'è davvero il liberalismo e perché oggi ne abbiamo bisogno più che mai.",https://www.ibs.it/esperimenti-di-vita-in-difesa-libro-cass-r-sunstein/e/9791256680399,False,2026-09-29
Editori Selezionati,https://www.ibs.it/images/9788804802358_0_0_150_0_75.jpg,"Argento vivo. Longevità, la rivoluzione incompresa del nostro tempo",Federico Rampini,Mondadori,2026,"È la trasformazione più importante della nostra epoca, eppure la raccontiamo come una sciagura. L'aumento della longevità umana, una delle più straordinarie conquiste della civiltà moderna, viene descritto come una bomba a orologeria: pensioni al collasso, sanità al tracollo, giovani depredati di un futuro. Federico Rampini non ci sta, e scrive un Manifesto per la sua generazione, oggi alle prese con una vecchiaia che nessuno ha mai vissuto così a lungo, in salute e ricca di possibilità. Con l'ironia di chi corre maratone a settant'anni e ha aperto un'impresa nell'età in cui in Italia si andrebbe in pensione, inizia smontando l'industria del panico demografico. I dati dicono che gli anziani sono il mercato di consumatori più ricco della storia, che l'occupazione non è una torta fissa, dove ogni anno in più lavorato da un settantenne toglie il pane a un ventenne, che il vero nemico non è l'età che avanza, ma l'ageism, l'ultimo razzismo legittimato. Lascia poi la parola a esperti e personaggi straordinari: scienziati che hanno esplorato la «curva della felicità» e le nuove frontiere della medicina della longevità, alcuni «magnifici vecchi» che hanno rifiutato il copione previsto per la loro età, fino ai grandi autori e filosofi, dai classici greci a Hemingway, da Seneca a Confucio, alla ricerca di ciò che l'umanità ha pensato sull'età che avanza. Non manca la parte più intima: il ritratto della propria famiglia, la gratitudine verso una generazione di donne da cui c'è ancora molto da imparare; il privilegio di cambiare idea, generoso regalo dell'età, da lasciare in eredità ai giovani; persino le ombre - le malattie neurodegenerative, la solitudine, la fatica di chi accudisce genitori centenari. Alla generazione che trabocca di energia e vitalità come fosse «argento vivo», Rampini offre poi lo sguardo di chi ha vissuto su tre continenti: il Giappone ha inventato il «dividendo della longevità», la Cina investe sulla silver economy, negli Stati Uniti l'età pensionabile è un concetto elastico.",https://www.ibs.it/argento-vivo-longevita-rivoluzione-incompresa-libro-federico-rampini/e/9788804802358,True,2026-10-06
Editori Selezionati,https://www.ibs.it/images/9788817204736_0_0_150_0_75.jpg,Ascesa e caduta dello Stato artificiale,Jill Lepore,Rizzoli,2026,"In un mondo in cui la vita pubblica sembra sfuggire al controllo dei cittadini per cadere nelle mani di oscure architetture digitali, Jill Lepore - premio Pulitzer e docente a Harvard - sente l'urgenza di indagare le radici profonde del nostro vivere civile. Spinta dalle stesse preoccupazioni che, all'inizio degli anni Cinquanta del secolo scorso, portarono Hannah Arendt a riflettere su come l'umanità fosse stata alterata dall'automazione, Lepore analizza le ricadute strutturali della rivoluzione digitale e tecnologica, delineando i tratti di un'utopia tossica, messa in atto da un'élite di tecnocrati che sta usando le distopie fantascientifiche come un vero e proprio manuale d'istruzioni. Mentre l'era dello Stato nazionale liberale sembra volgere al termine, algoritmi predittivi, campagne social e intelligenze artificiali generative - in origine venduti come il picco del progresso umano - si stanno rivelando macchine di disgregazione sociale, concepite per isolare, polarizzare e sostituire il dibattito democratico con un calcolo spietato. E, a rendere ancora più grave la loro proliferazione, c'è il fortissimo impatto materiale che le caratterizza.L'ascesa dello Stato artificiale è, infatti, inscindibile dalla distruzione del mondo naturale: l'estrazione incontrollata di minerali e il consumo massiccio di acqua ed energia, necessari ad alimentare immense distese di data center, accelerano il cambiamento climatico e causano una catastrofica perdita di habitat. Ma non tutto è perduto. Secondo Jill Lepore c'è ancora speranza di passare dalla «gestione tecnologica dell'umanità» alla «gestione democratica della tecnologia»: così come la storia ha visto la fine del feudalesimo, del fascismo e della schiavitù, anche questa architettura può essere smantellata. Identificare le sue componenti e tracciarne la genesi è il primo, decisivo passo per cambiare le cose.",https://www.ibs.it/ascesa-caduta-dello-stato-artificiale-libro-jill-lepore/e/9788817204736,True,2026-10-06
Editori Selezionati,https://www.ibs.it/images/9788807105982_0_0_150_0_75.jpg,Per una Federazione della Terra,Luigi Ferrajoli,Feltrinelli,2026,"L'alternativa non è tra utopia e realismo. L'alternativa è tra la costruzione di un ordine giuridico globale e la normalizzazione della catastrofe. Perché le grandi emergenze del nostro tempo – guerre, crisi climatica, disuguaglianze, ritorno della minaccia nucleare, svuotamento delle democrazie – hanno una radice comune: gli Stati nazionali e il diritto internazionale non sono più in grado di governare un mondo ormai profondamente interdipendente. Dopo ""Per una Costituzione della Terra"" e ""Progettare il futuro"", Luigi Ferrajoli porta a compimento il progetto teorico e politico che da anni attraversa la sua riflessione. Se i primi due volumi avevano delineato i principi di un costituzionalismo globale, questo libro ne sviluppa la conseguenza istituzionale: la trasformazione delle Nazioni Unite in una Federazione della Terra, fondata non su un governo mondiale ma su un sistema di garanzie comuni della pace, dei diritti fondamentali, dei beni comuni e dell'ambiente. Attraverso la teoria del federalismo garantista, Ferrajoli mostra come sia possibile limitare i poteri degli Stati e dei mercati senza cancellarne l'autonomia politica, trasferendo a livello globale soltanto quelle funzioni indispensabili alla tutela dei beni e dei diritti universali. Più che un'utopia, una proposta costituzionale. Più che un esercizio teorico, il tentativo di pensare le istituzioni di cui l'umanità ha bisogno per evitare che la crisi del diritto diventi una crisi della civiltà.",https://www.ibs.it/per-federazione-della-terra-libro-luigi-ferrajoli/e/9788807105982,False,2026-09-29
Editori Selezionati,https://www.ibs.it/images/9788806274450_0_0_150_0_75.jpg,Violenza speculativa. Come l'IA ci sta abituando all'orrore,Donatella Della Ratta,Einaudi,2026,"Viviamo in un mondo inondato da immagini generate dall'intelligenza artificiale, ormai quasi indistinguibili dalla realtà. Le consumiamo come intrattenimento, le liquidiamo come meme o satira. Eppure c'è poco da ridere. Queste immagini sono diventate uno dei piú efficaci strumenti di propaganda del nostro tempo, che tutti - dai capi di stato agli utenti anonimi - possono usare. Sono capaci di convertire fantasie oscene in programmi politici: come la visione della Striscia di Gaza trasformata in un resort turistico di lusso, entrata nel giro di pochi mesi nel dibattito pubblico e poi concretizzata in un piano che non è di pace ma di conquista e deportazione. Queste immagini sintetiche non sono prodotti neutri, ma il frutto di infrastrutture controllate da un intreccio di potere finanziario, politico e industriale che specula sull'immaginazione del futuro - e persino sulla sua sparizione, se questo può portare a nuovi profitti. Non devono essere archiviate come provocazioni o curiosità estetiche, né banalizzate, ridotte a scherzo o cattivo gusto: sono ormai parte integrante di progetti reazionari, razzisti, dittatoriali, genocidari. Sono armi di una guerra cognitiva che ci coinvolge tutti: plasmano la percezione, orientano il desiderio e preparano la sensibilità collettiva ad accettare quello che fino a ieri era impensabile, e che oggi prende la forma di leggi, politiche pubbliche, pratiche istituzionali, operazioni militari. Vedere l'orrore nella sua forma anestetizzata e patinata, tradotto in immagini seducenti, lo rende accettabile: che riguardi la guerra, la deportazione o il genocidio. Dobbiamo capire chi progetta l'orizzonte del possibile, a quali sogni è dato di concretizzarsi, quali mondi vengono resi desiderabili e, proprio per questo, reali. Il futuro non è uno scenario remoto: è una partita che si gioca adesso, sotto i nostri occhi, nel campo dove estetica, ideologia e potere convergono. Comprenderlo significa reclamare il diritto di intervenire nell'immaginazione del domani, producendo immagini che non addestrino alla resa, ma schiudano possibilità. Perché la posta in gioco è il mondo che abiteremo.",https://www.ibs.it/violenza-speculativa-come-ia-ci-libro-donatella-della-ratta/e/9788806274450,False,2026-09-29
Editori Selezionati,https://www.ibs.it/images/9788804810421_0_0_150_0_75.jpg,L'Europa in trasformazione. Tra geopolitica e democrazia,Giovanni Pitruzzella,Mondadori,2026,"L'ordine globale si è frantumato. Il sistema internazionale che abbiamo conosciuto - quello costruito dopo la Seconda guerra mondiale e fondato sul primato del diritto, sul multilateralismo, l'apertura dei mercati e l'egemonia degli Stati Uniti - sta cedendo il passo a un mondo in cui hanno fatto ritorno la politica di potenza, le sfere di influenza e la forza quale criterio decisivo delle relazioni tra gli Stati. Si tratta di un cambiamento epocale, la cui forza dirompente sta investendo in primo luogo l'Europa. L'integrazione europea, infatti, è nata e si è sviluppata entro quell'ordine: una costruzione politica e giuridica che al diritto, alle regole e all'integrazione economica ha affidato il compito di garantire la pace, la prosperità e la libertà. L'Europa in trasformazione ricostruisce i tanti tasselli di questo cambiamento. La guerra in Ucraina, l'avvento dell'amministrazione Trump, la competizione tra Washington e Pechino, la rivoluzione dell'IA, la dipendenza energetica, la «weaponizzazione» dell'economia, la crisi delle democrazie liberali e l'aggressività degli imperi autocratici non sono fenomeni separati, ma tessere di un'unica transizione storica, che impone all'Unione europea il compito di ridefinire il proprio ruolo, i propri strumenti e le proprie finalità. La trasformazione, del resto, è già iniziata, e l'Europa sta assumendo responsabilità che fino a pochi anni fa sembravano impensabili: dalla sicurezza e difesa all'autonomia tecnologica e all'innovazione, dalla tutela delle filiere strategiche alla protezione del mercato interno. Ne emerge un'Unione diversa. Non più soltanto uno spazio di regolamentazione, ma un soggetto geopolitico chiamato a difendere i princìpi attorno ai quali è stato costruito. L'Europa saprà adattarsi a questa transizione? Saprà adeguarsi a un mondo in cui la prepotenza ha sostituito il dialogo e la mediazione? Si tratta di domande cruciali, addirittura «esistenziali», perché dalle risposte dipenderà non soltanto il destino dell'Unione, ma, nell'età del nuovo disordine mondiale, la sopravvivenza stessa delle nostre democrazie.",https://www.ibs.it/europa-in-trasformazione-tra-geopolitica-libro-giovanni-pitruzzella/e/9788804810421,True,2026-10-06
Editori Selezionati,https://www.ibs.it/images/9791255823247_0_0_150_0_75.jpg,Le cinquanta famiglie più potenti del mondo,Sokala Hannu,Ponte alle Grazie,2026,"Che cosa intende Hannu Sokala per «famiglie potenti»? Non abbiamo fra le mani un registro della malavita mondiale, tutt'altro, né si tratta dell'Almanacco di Gotha (anche se qualche regnante qua e là fa capolino). Le famiglie di cui leggerete sono, essenzialmente, ricche. E il loro è un potere che, spesso, preferisce restare invisibile. Sono le grandi dinastie economiche, «imprese familiari» che nei tempi lunghi di chi ragiona non sull'immediato, ma per generazioni, hanno trovato la propria forza. Dai petrolieri del Golfo agli imperi industriali europei, dai colossi tecnologici americani e asiatici ai padroni dei brand del lusso, ai gruppi che controllano media, energia, armamenti... Nella presunta epoca delle start-up, c'è chi da più di un secolo tiene ben salde le redini delle aziende che governano la nostra vita quotidiana.",https://www.ibs.it/cinquanta-famiglie-piu-potenti-del-libro-sokala-hannu/e/9791255823247,False,2026-09-30
Altri Editori,https://www.ibs.it/images/9791281467392_0_0_150_0_75.jpg,"Almanacco rurale detto il miraluna 2027. Lunario dei lavori di orto, bosco e campagna popolare e sapienziale, meteognostico e cordiale",Massimo Angelini,Temposospeso,2026,,https://www.ibs.it/almanacco-rurale-detto-miraluna-2027-libro-massimo-angelini/e/9791281467392,False,2026-10-01
Editori Selezionati,https://www.ibs.it/images/9788855228954_0_0_150_0_75.jpg,Ribelli a Israele. Da (bis)nonno Raimondo a Gaza: storie di ebrei in fuga da se stessi,Roberto Della Seta,Donzelli,2026,"«Cosa significa “ribellarsi a Israele”? Non è certamente rinnegare vicinanza, amore per la comunità degli ebrei d'Israele. Significa prendere atto del fallimento etico, ormai anche politico, del progetto di uno Stato ebraico democratico e fondato sul diritto. Significa, anche, prendere atto che lo Stato ebraico – come Stato-nazione che s'identifica in una “terra” – si è alienato dal meglio dell'identità ebraica: che è stata sempre un'identità di cultura, di progetto, non di sangue e di territorio, e quasi mai un'appartenenza esclusiva com'è per sua natura quella nazionalista». Il 7 ottobre 2023 è una data tragica nella storia di Israele: oltre mille civili israeliani, in gran parte ebrei, sono stati uccisi, molti rapiti e alcuni stuprati nell'attacco terroristico di Hamas. Infinitamente più tragica nel suo bilancio è stata la reazione di Israele: la guerra di sterminio condotta a Gaza, accompagnata e seguita dalle persecuzioni antipalestinesi dei coloni israeliani, tollerate e spesso favorite da esercito e polizia. La «guerra di Gaza» ha prodotto una frattura nel legame ideale e sentimentale di molti ebrei della diaspora, soprattutto europei e americani, con Israele: sebbene Israele si presenti come il custode e il difensore degli ebrei di tutto il mondo, in tanti hanno scelto di gridare «non in nostro nome» davanti allo scempio di umanità consumato a Gaza. È immaginabile per gli ebrei non israeliani «separarsi» mentalmente ed emotivamente da Israele? Roberto Della Seta, ebreo per parte di padre e impegnato dopo il 7 ottobre nella denuncia delle politiche israeliane a Gaza, scava in questo interrogativo risalendo alle sue radici più profonde. Lo fa seguendo due tracce parallele. La prima è la storia della sua famiglia, che attraversa più generazioni: dal bisnonno Raimondo, cresciuto nella Roma del Ghetto e testimone dell'emancipazione degli ebrei seguita al 1870, al nonno Angelo, fascista convinto fino a quando Mussolini emanò le leggi razziali; dal prozio Giovanni, morto ad Auschwitz, al padre Piero, allontanato dalla comunità ebraica per le sue posizioni precocemente anti-israeliane, fino alla sorella Claudia, che ha scelto di diventare cittadina di Israele. Vite diverse, unite dall'aspirazione a liberarsi dal «marchio» di un'identità esclusiva e dalla volontà di ribellarsi alle regole del proprio mondo d'origine. Al racconto familiare si intreccia una riflessione appassionata e rigorosa sulla crisi di coscienza che ha portato molti ebrei della diaspora a schierarsi pubblicamente contro le politiche israeliane a Gaza, individuandone le responsabilità non solo nel governo Netanyahu, ma anche in una più antica deriva colonialista, razzista e suprematista dello Stato ebraico. Si può essere ebrei senza amare Israele? L'ebraismo della diaspora, spiega l'autore, nasce da identità plurali e ibride, che hanno alimentato una tradizione di pensiero e agire critici, mentre Israele reclama un'appartenenza esclusiva, sempre più marcatamente nazionalista. È per questo che dopo il 7 ottobre «il cammino obbligato della diaspora ebraica europea, se vuole rimanere se stessa, è separarsi, dolorosamente ma inevitabilmente, da Israele».",https://www.ibs.it/ribelli-a-israele-da-bisnonno-libro-roberto-della-seta/e/9788855228954,False,2026-10-02
Editori Selezionati,https://www.ibs.it/images/9788891848475_0_0_150_0_75.jpg,La scuola che verrà. Riflessioni nell'era del cambiamento,Vincenzo Schettini,Mondadori Electa,2026,"Da venti anni ormai, ogni mattina Vincenzo Schettini guarda in faccia il futuro. Lo osserva negli occhi dei suoi studenti, nelle loro domande, nei loro silenzi, nel modo in cui imparano, si distraggono, costruiscono relazioni e si avventurano nel mondo. La cattedra è per lui l'osservatorio privilegiato su una generazione cresciuta tra smartphone, social network e intelligenza artificiale: ragazzi profondamente diversi da quelli che sedevano tra i banchi quando lui ha iniziato a insegnare, ma animati dallo stesso bisogno di essere ascoltati, capiti, guidati. Con la sua voce calda, accogliente, ma sempre diretta e sincera, Vincenzo affronta alcune delle domande più urgenti del nostro tempo: in un mondo che cambia alla velocità della luce, come possiamo restituire ai ragazzi il desiderio di conoscere? Perché è sempre più difficile catturare l'attenzione degli studenti? E soprattutto, quale ruolo deve avere la scuola oggi? Dal tentativo di trovare delle risposte nasce un progetto che è insieme racconto personale e dichiarazione d'amore per l'educazione. Un libro in cui il prof più famoso del web racconta la scuola di ieri, quella di oggi, ma anche quella di domani, intrecciando ricordi, incontri e riflessioni nate dall'esperienza quotidiana. Dalla passione trasmessa dalla madre insegnante ai primi esperimenti con la didattica digitale, ogni pagina mostra come educare significhi prima di tutto saper cambiare insieme ai ragazzi. La scuola che verrà è un invito a osservare il presente senza nostalgia né catastrofismi, per smettere di pensare ""ai miei tempi era meglio"", e capire davvero la generazione che sta crescendo davanti ai nostri occhi. Perché educare non significa preparare i ragazzi al mondo che conoscevamo noi, ma a quello che li aspetta davvero domani.",https://www.ibs.it/scuola-che-verra-riflessioni-nell-libro-vincenzo-schettini/e/9788891848475,False,2026-09-30
Editori Selezionati,https://www.ibs.it/images/9791259972958_0_0_150_0_75.jpg,"La grammatica del non detto. Linguaggio, significato, comunicazione",Mario D'Angelo,Ronzani Editore,2026,"Nelle interazioni quotidiane, quando comprendiamo ciò che qualcuno dice capiamo in realtà molto di più, ossia anche ciò che non dice e lascia intendere: da un lato quel che dà per scontato, dall’altro quel che vuole implicare. In altri termini, attraverso ciò che diciamo può capitarci di presupporre oppure di sottintendere (in ogni caso, di comunicare) molte cose che non diciamo. È un fenomeno pervasivo che interessa sia le conversazioni private e quelle commerciali sia il dibattito pubblico, anche quello politico. Questo libro descrive e spiega tale fenomeno, inserendolo in un contesto molto ampio e rispondendo così ad alcune fondamentali domande: sul linguaggio (di cosa si tratta? cosa differenzia le lingue dagli altri sistemi comunicativi umani e non umani? ci sono lingue “migliori” di altre?), sul significato (che cos’è il significato delle parole? che cosa vuol dire conoscere il significato delle parole?) e sulla comunicazione (come si definisce? come facciamo a risalire da ciò che è detto a ciò che è solo inteso?) D’Angelo risponde a queste domande servendosi degli strumenti della linguistica, della filosofia del linguaggio e della semiotica, accompagnando il lettore in un affascinante viaggio alla scoperta dei territori della linguistica, del significato e della comunicazione.",https://www.ibs.it/grammatica-del-non-detto-linguaggio-libro-mario-d-angelo/e/9791259972958,False,2026-10-01
Editori Selezionati,https://www.ibs.it/images/9788858162613_0_0_150_0_75.jpg,La Cina nuova,Simone Pieranni,Laterza,2026,"Attraversiamo metropoli futuristiche e hutong, locali fumosi e campi di ginseng, antichi principi confuciani e intelligenza artificiale, neomarxismo e ipercapitalismo. Incontriamo l'ambiguo funzionario del Partito comunista, l'operosa dottoressa di Wuhan, l'eterea vlogger della Cina rurale, l'astro della letteratura fantascientifica, la giovanissima attivista per l'ambiente. Addentriamoci nella Cina nuova, quella che scopriamo appena smettiamo di leggerne soltanto la superficie. I cambiamenti attraversati dalla Cina in poco più di cinquant'anni sono così profondi che, nella storia di altri paesi, analoghe trasformazioni hanno impiegato secoli per affermarsi. Là dove oggi si innalzano grattacieli sbalorditivi, fino a pochi anni fa c'era solo campagna. Moltissimi giovani, figli di operai e nipoti di contadini, sono arruolati nel settore hi-tech più dinamico al mondo. Il mastodontico inquinamento industriale si affianca alla più avanzata ricerca sulle energie sostenibili. Ma nonostante sia apparentemente tutta proiettata verso il futuro, la Cina contemporanea ha radici che affondano in un passato millenario, al quale spesso attinge traendone valori, idee, strategie che usa nel confronto sempre più serrato con l'Occidente. Oggi da un lato c'è la Cina che si consolida sempre più come potenza internazionale, unica alternativa credibile a quella americana; dall'altro, al suo interno, non riesce più a convincere i giovani che lavorare duramente serva davvero a migliorare la propria posizione sociale e a promuovere l'idea di un progresso infinito. È questo il tema dell'ultimo capitolo che aggiorna questa nuova edizione del libro. Simone Pieranni, tra i massimi esperti di Cina, ci immerge nella sua atmosfera e smonta quel volto apparentemente contraddittorio che si mostra allo sguardo della owai, dello straniero.",https://www.ibs.it/cina-nuova-libro-simone-pieranni/e/9788858162613,False,2026-10-03
Editori Selezionati,https://www.ibs.it/images/9788820085766_0_0_150_0_75.jpg,La mamma è sempre la mamma? Storia di un'infanzia manipolata,Maila Micheli,Sperling & Kupfer,2026,"Cosa succede quando la persona che dovrebbe amarti e proteggerti di più al mondo diventa la causa della tua distruzione? Cresciuta all'ombra di un legame morboso, fatto di controllo, manipolazione e silenzi punitivi, Maila impara fin da bambina un'unica regola: obbedire sempre, annullarsi per non infastidire. Perfino quando la madre spinge il ricatto psicologico fino al punto di venderne il corpo in cambio di denaro. Senza scelta né voce, vive schiacciata da un senso di colpa che non sa decifrare: si guarda allo specchio e nel riflesso vede una ragazzina sporca, sola, lontana. La mente fugge mentre il corpo subisce. Poi, improvvisamente, qualcosa erompe e la voce a lungo soffocata trova una crepa. Con la denuncia, inizia un percorso di rinascita e di decostruzione, un processo lento, fatto di dubbi e paure. Come si fa a ripensare il futuro in un presente ancora incerto, quando non sai ancora chi sei? Come imparare a vivere la propria vita e non quella che gli altri hanno scelto per noi? Con questo memoir potente, brutale nella sua onestà, Maila ci insegna che c'è sempre una via d'uscita, che non esistono storie già scritte, ma soltanto la voglia di ricominciare. Per lei la rinascita coinciderà con il perdono, con una presa di coscienza dolorosa ma liberatoria: si può amare il proprio carnefice e poi lasciarlo andare.",https://www.ibs.it/mamma-sempre-mamma-storia-di-libro-maila-micheli/e/9788820085766,False,2026-09-30
Altri Editori,https://www.ibs.it/images/9791255430773_0_0_150_0_75.jpg,Il giornalismo secondo García Márquez,Mary Villalobos,PaperFIRST,2026,,https://www.ibs.it/giornalismo-secondo-garcia-marquez-libro-mary-villalobos/e/9791255430773,False,2026-10-03
Altri Editori,https://www.ibs.it/images/9788880563587_0_0_150_0_75.jpg,Uscire dal caos. Ibn Khaldun e l'età del disordine globale,Bruno Maçães,Produzioni Nero,2026,,https://www.ibs.it/uscire-dal-caos-ibn-khaldun-libro-bruno-macaes/e/9788880563587,False,2026-09-30
Editori Selezionati,https://www.ibs.it/images/9791223276396_0_0_150_0_75.jpg,F-35 Lightning II. Da dieci anni in «linea volo». Aeronautica militare. Ediz. a colori,"Alessandro Cornacchini,Stefano Cosci,Alessandro Barteletti",Giunti Editore,2026,"Non un semplice volume tecnico, ma il racconto di una metamorfosi: il passaggio dell'Aeronautica Militare verso la 5ª Generazione. Il volume non si limita alla meccanica, ma spiega l'F-35 come un ""nodo sensoriale vivente"". È il primo testo a illustrare con chiarezza come terra, mare, cielo, spazio e cyberspazio convergano in un'unica visione tattica. Contiene una rara e prestigiosa intervista al Capo di Stato Maggiore dell'Aeronautica Militare, offrendo una prospettiva privilegiata e dottrinale sulla simbiosi uomo-macchina e sul futuro della difesa fino al 2060. Un corredo fotografico d'eccezione offre un'estetica capace di restituire la ""bellezza ingegneristica"" del velivolo e rende tangibile l'invisibilità tecnologica (stealth). Inoltre il libro celebra il Made in Italy attraverso l'analisi del polo di Cameri e mostra come l'alta tecnologia sia un volano economico e industriale per il Paese.",https://www.ibs.it/f-35-lightning-ii-da-libro-vari/e/9791223276396,False,2026-10-01
Editori Selezionati,https://www.ibs.it/images/9788806270285_0_0_150_0_75.jpg,Le parole della destra,N/D,Einaudi,2026,"La destra non vince solo alle urne: vince nelle conversazioni al bar, nei post, nei meme, nelle cene in famiglia. Vince nelle parole, imponendo un vocabolario che non si limita a descrivere il mondo, ma decide di cosa si parla e in quali termini. Sei studiose e studiosi analizzano sei parole chiave della propaganda conservatrice, ricostruendone la storia, l'uso pubblico e la forza narrativa. Ne nasce un libro che smonta la grammatica politica della destra e prova a riaprire uno spazio di pensiero critico. In Italia, e ovunque nel mondo occidentale, partiti e movimenti di destra sono in rapida ascesa. Ma non è solo una questione di risultati elettorali. È soprattutto una questione di idee e di linguaggio. Negli ultimi anni le destre si sono imposte nel dibattito pubblico con parole e categorie capaci di orientare la discussione. Fra teoria gender e uteri in affitto, rave party e centri sociali, hanno dato vita a un universo discorsivo spiazzante, eppure straordinariamente efficace. Invece di offrire l'ennesima analisi politologica, questo libro affida le parole chiave del discorso pubblico a studiose e studiosi provenienti da discipline diverse: storia, filosofia, sociologia, economia. Ognuno esplora un caposaldo della retorica della destra e ne evidenzia significati, usi e implicazioni. Il risultato è uno sguardo nuovo sulla politica contemporanea e sui nostri modi di pensare e parlare. Perché dietro le parole della destra non c'è solo una strategia comunicativa, c'è anche il vuoto lasciato negli ultimi decenni dalle tradizioni politiche e culturali della sinistra. Interrogare quelle parole significa allora interrogare il nostro presente - e forse immaginare nuove possibilità per il futuro.",https://www.ibs.it/parole-della-destra-libro-vari/e/9788806270285,False,2026-09-29
Editori Selezionati,https://www.ibs.it/images/9788858162088_0_0_150_0_75.jpg,Il vizio della ferocia,Nichi Vendola,Laterza,2026,"Un'analisi spietata e appassionata sull'eclissi della democrazia e sui rigurgiti di fascismo nella politica contemporanea. A partire dalle parole tossiche che minacciano la convivenza e normalizzano le grammatiche della disumanizzazione, Nichi Vendola traccia una continuità inquietante tra gli ‘anni feroci' del Novecento e il presente. Un pamphlet civile di chi sa che la libertà non si perde solo per soppressione, ma anche per superficialità, pigrizia culturale, indifferenza al dolore degli altri, assuefazione al male. Il fascismo non è un capitolo chiuso. È una possibilità sempre aperta, che torna quando la società rinuncia alla giustizia in nome dell'ordine, quando la disuguaglianza viene spacciata per legge di natura, quando la politica smette di cambiare il mondo e si limita ad amministrare un presente cupo e feroce. In questo libro, Nichi Vendola attraversa il Novecento e il presente con uno sguardo insieme storico e politico, letterario e civile. Dalle origini del fascismo italiano – il trauma della Grande Guerra, il rimosso coloniale, la parabola di Mussolini – all'analisi dei suoi interpreti più lucidi: Gramsci, Togliatti, Gobetti; dall'Olocausto – Auschwitz, la persecuzione degli ebrei, il Porrajmos dei rom e sinti, il triangolo rosa degli omosessuali, l'internamento dei malati di mente – alle metamorfosi contemporanee del fascismo: il sovranismo, il trumpismo, l'internazionale nera delle destre radicali, la guerra come grammatica del potere globale. Ma il libro non si ferma alla storia. Interroga il presente: le politiche migratorie che trasformano il soccorso in reato, la militarizzazione della società e del sapere, il negazionismo climatico e pandemico, il genocidio di Gaza, la manipolazione della memoria storica. E si misura con le grandi domande della democrazia contemporanea: perché le masse possono desiderare la propria sottomissione? Come si costruisce il consenso al male? Come si riconosce la disumanizzazione quando cambia nome e si fa rispettabile? Scritto con la densità argomentativa del saggio e la forza evocativa della letteratura, ""Il vizio della ferocia"" è un atto di resistenza intellettuale e civile. Un libro che non consola, ma illumina.",https://www.ibs.it/vizio-della-ferocia-libro-nichi-vendola/e/9788858162088,False,2026-10-03
Editori Selezionati,https://www.ibs.it/images/9788828220190_0_0_150_0_75.jpg,Dopo il diluvio. Riscoprire la saggezza educativa per salvare i nostri ragazzi,Susanna Tamaro,Solferino,2026,"In uno dei campi più importanti della vita sociale, l’educazione dei più piccoli, stiamo sbagliando tutto. Riversiamo nelle loro vite e nelle loro menti violenza, avidità, sesso, l’idea che il mondo sia un luogo senza senso e senz’anima dominato dalla legge del più forte (una visione a cui, forse, ci siamo assuefatti noi per primi). Lasciamo che la tecnologia colonizzi l’infanzia, che la scuola si riduca a istruzione, che la famiglia perda autorevolezza e che il consumismo sostituisca la formazione della persona con la soddisfazione dei desideri. Vediamo ogni giorno i risultati nell’aumento delle patologie psichiatriche, nelle solitudini digitali, nei tragici casi di omicidi e reati commessi da giovanissimi. Eppure, una saggezza animale dovrebbe ancora parlare dentro di noi, suggerendoci che l’unica via di scampo è ritrovare la forza della coscienza, la bellezza della cultura, il legame con la natura, la speranza come fondamento dell’agire umano. E farli ritrovare ai nostri figli: perché ogni rinascita collettiva comincia dall’educazione di un bambino.",https://www.ibs.it/dopo-diluvio-riscoprire-saggezza-educativa-libro-susanna-tamaro/e/9788828220190,True,2026-10-06
Editori Selezionati,https://www.ibs.it/images/9788858162781_0_0_150_0_75.jpg,"Magister. La scuola la fanno i maestri, non i ministri",Ivano Dionigi,Laterza,2026,"Ivano Dionigi torna ancora una volta sul tema dell'insegnare e dell'apprendere. Un libro molto colto e per dir così un manuale, con pagine di immediata utilità per chiunque abbia qualcosa da insegnare, a qualunque livello. Corrado Augias, “il venerdì di Repubblica” Dionigi guarda alla vita dei giovani senza alcun senso di superiorità e senza l'ossessione del giudizio. Annalisa Cuzzocrea, “la Repubblica” Mai come in questo tempo, abbiamo bisogno di una scuola inedita che recuperi i perché interrogativi, che insegni a cogliere la profondità e la relazione tra le cose, che consenta di scoprire il valore del passato e della memoria e, al tempo stesso, di inventare il mai visto e l'inaudito. Per teste ben fatte piuttosto che teste ben piene, come auspicava Montaigne, si deve frequentare il pensiero dei classici, fondativo e al tempo stesso antagonista del presente.",https://www.ibs.it/magister-scuola-fanno-maestri-non-libro-ivano-dionigi/e/9788858162781,False,2026-10-02
Editori Selezionati,https://www.ibs.it/images/9791221222173_0_0_150_0_75.jpg,Il dilemma dello sconosciuto. Perché è così difficile capire chi non conosciamo,Malcolm Gladwell,UTET,2026,"Gran parte della nostra vita si svolge all’interno della cerchia ristretta di familiari, amici e partner: sono le persone che ci stanno vicine, quelle di cui ci fidiamo e con cui dividiamo lo spazio, il tempo e gli affetti. Al di fuori, c’è la massa indistinta degli altri: la cassiera del supermercato, il mendicante con la mano tesa, il poliziotto che ci chiede i documenti, l’insegnante dei nostri figli; persino molti vicini di casa sono, in pratica, degli sconosciuti con cui però ci rapportiamo, decodificando i loro pensieri e le loro azioni. Ma se ci fossimo sempre sbagliati? Malcolm Gladwell è abituato a rovesciare le cose che diamo per scontate, a mettere in discussione il modo in cui leggiamo il mondo. Stavolta ci mostra come le strategie che usiamo per giudicare gli estranei non siano raffinate come pensiamo, ma poco più che letture superficiali, soggettive e terribilmente fragili. La verità è che, se abbiamo bisogno di capire gli sconosciuti, non siamo tuttavia per niente bravi a farlo. Le prove abbondano, nella storia e nella cronaca: il primo ministro inglese Chamberlain nel 1938 incontra Hitler, giudicandolo un uomo ragionevole e votato alla pace; una spia cubana riesce a infiltrarsi per decenni nella CIA, in barba a chi dovrebbe saper riconoscere un traditore; l’incomprensione tra un poliziotto e una donna fermata per un’infrazione monta incomprensibilmente fino all’arresto e al suicidio di lei in carcere. Sul confine tra il bisogno di empatizzare e quello di difenderci, tra l’irriducibilità dell’Io e l’estraneità dell’Altro, tutti ci barcameniamo in una missione forse impossibile ma necessaria: vivere nella società, collaborare con gli altri, spesso sconosciuti. E quando, inevitabilmente, qualcosa va storto? Poco male, ci spiega Gladwell. Quando tutte le armi a nostra disposizione si rivelano inadeguate, finiamo per usarne un’ultima, tanto umana quanto meschina: piuttosto che ammettere di non saper giudicare, preferiamo abbassare la soglia del sospetto e aumentare la distanza dagli altri, rovesciando tutta la colpa sullo sconosciuto.",https://www.ibs.it/dilemma-dello-sconosciuto-perche-cosi-libro-malcolm-gladwell/e/9791221222173,False,2026-09-29
Altri Editori,https://www.ibs.it/images/9791281639775_0_0_150_0_75.jpg,TecnoEva. Il mito della donna perfetta,Lavinia Mannelli,effequ,2026,,https://www.ibs.it/tecnoeva-mito-della-donna-perfetta-libro-lavinia-mannelli/e/9791281639775,False,2026-10-01
Altri Editori,https://www.ibs.it/images/9791281467408_0_0_150_0_75.jpg,"Il bugiardino 2027. Lunario delle terre liguri. Almanacco rurale e sapienziale, dotto e popolare, meteognostico e cordiale",Massimo Angelini,Temposospeso,2026,,https://www.ibs.it/bugiardino-2027-lunario-delle-terre-libro-massimo-angelini/e/9791281467408,False,2026-10-01
Altri Editori,https://www.ibs.it/images/9791256025695_0_0_150_0_75.jpg,Concorso Comune di Napoli 24 funzionari educatori professionali: manuale per la prova scritta,N/D,Edises professioni & concorsi,2026,,https://www.ibs.it/concorso-comune-di-napoli-24-libro-vari/e/9791256025695,False,2026-09-30
Editori Selezionati,https://www.ibs.it/images/9791221223743_0_0_150_0_75.jpg,"I semi proibiti. L'odissea degli OGM e delle TEA in Italia, tra campi, laboratori e tribunali",Giulia Corsini,UTET,2026,"Perché un uomo si ostina a sfidare lo Stato, seminando ogni volta mais OGM solo per farsi distruggere il raccolto dalla Guardia forestale? E quale ostinazione porta un manipolo di scienziati a tentare di convincere per decenni i politici di ogni schieramento che la salvezza dell’agricoltura è nella genetica? Di contro, cosa spinge gruppi diversi di attivisti a combattere ferocemente quelle sperimentazioni, arrivando a devastare campi e laboratori? Più in generale: perché in Italia abbiamo da sempre il terrore di intervenire sul patrimonio genetico di una pianta? In fin dei conti, è quasi la stessa tecnologia che ha fatto fare grandi balzi alla medicina. Ma il cibo no, quello non volevamo ingegnerizzarlo. È una questione di salute, di economia, di giustizia o di identità? Giulia Corsini si è avvicinata a questa intricata storia conoscendo Giorgio Fidenato, l’agricoltore friulano che ha trasformato il proprio campo di mais transgenico in un banco di prova giuridico, sfidando lo Stato italiano e poi anche l’Unione Europea a ogni semina, di processo in processo. Ma Corsini ha presto capito che quella era solo la porta d’accesso a una storia più grande. In fin dei conti, la vicenda degli OGM in Italia è un prisma che racconta molto del nostro Paese: testimonia la fragile libertà della ricerca, cartografa i sottili equilibri tra scienza, politica, economia e magistratura, ragiona sulle paure che accompagnano ogni possibile intervento su ciò che consideriamo naturale. I semi proibiti è la cronaca appassionante di una storia lunga più di trent’anni, e che proprio adesso sta avendo una svolta inattesa: archiviati forse per sempre i vecchi OGM, le nuove tecniche di modifica genomica, battezzate TEA, a giugno 2026 hanno ottenuto il loro regolamento di utilizzo europeo. Ci spingeremo sulle soglie di questo futuro misterioso ma elettrizzante, o torneremo a rifugiarci nella nostalgia di un passato idealizzato fatto di contadini pazienti e natura incontaminata?",https://www.ibs.it/semi-proibiti-odissea-degli-ogm-libro-giulia-corsini/e/9791221223743,True,2026-10-06
Altri Editori,https://www.ibs.it/images/9791259582911_0_0_150_0_75.jpg,Thérèse Rivière. Storia di uno sguardo,Anna Chiara Cimoli,Nomos Edizioni,2026,,https://www.ibs.it/therese-riviere-storia-di-sguardo-libro-anna-chiara-cimoli/e/9791259582911,False,2026-10-01
Altri Editori,https://www.ibs.it/images/9791223400821_0_0_150_0_75.jpg,Contro il bullismo. Una lettera ai ragazzi per imparare a difendere se stessi e gli altri,Teresa Manes,Fabbri,2026,,https://www.ibs.it/contro-bullismo-lettera-ai-ragazzi-libro-teresa-manes/e/9791223400821,False,2026-10-01
Altri Editori,https://www.ibs.it/images/9791256581894_0_0_150_0_75.jpg,Il grande libro degli Arcade classici,N/D,Sprea Editori,2026,,https://www.ibs.it/grande-libro-degli-arcade-classici-libro-vari/e/9791256581894,False,2026-10-01
Altri Editori,https://www.ibs.it/images/9791222501543_0_0_150_0_75.jpg,L'ora di Cuba. L'isola che sfida l'ordine globale,Carla Vitantonio,Fuoriscena,2026,,https://www.ibs.it/ora-di-cuba-isola-che-libro-carla-vitantonio/e/9791222501543,False,2026-10-03
Altri Editori,https://www.ibs.it/images/9791222501482_0_0_150_0_75.jpg,"La voglia di andarsene. I figli all'estero, il grande male dell'Italia",Tiziana Ferrario,Fuoriscena,2026,,https://www.ibs.it/voglia-di-andarsene-figli-all-libro-tiziana-ferrario/e/9791222501482,False,2026-09-30
Altri Editori,https://www.ibs.it/images/9788868027209_0_0_150_0_75.jpg,Psicologia e marxismo,"René Zazzo,Jean Piaget,Paul Ricoeur",Pgreco,2026,,https://www.ibs.it/psicologia-marxismo-libro-vari/e/9788868027209,False,2026-10-04
Editori Selezionati,https://www.ibs.it/images/9788865487037_0_0_150_0_75.jpg,"Psicopatologie delle ultradestre. Trump, Milei e la follia al potere",Yago Franco,DeriveApprodi,2026,"Yago Franco propone di comprendere gli effetti che la tempesta neuro-informativa ha prodotto nella mente collettiva. Una sorta di Alzheimer generalizzato, che finisce per influenzare persino la percezione. Ogni volta che un elemento della realtà colpisce la psiche, questa lo dimentica; è sempre come se fosse la prima volta. Questa compromissione del sé è enormemente diffusa a livello globale. È uno stato di costante distrazione che mina la soggettività. D’altra parte da molto tempo abbiamo imparato a non considerare la follia come una colpa, o come qualcosa che ti espone al pubblico ludibrio o all’internamento in un ospedale psichiatrico. Il fattore follia non è che uno dei fattori che determinano il precipitare della storia umana in un susseguirsi di violenza e di vendetta. C’è tutta una galleria di psicopatici fortunati cui la demenza ha aperto le porte del potere politico: gli esempi più evidenti sono il presidente dell’Argentina e il presidente degli Stati Uniti. Attraverso di loro, possiamo osservare l’impazzimento della società contemporanea. Perciò è completamente inutile accusare Milei e Trump di essere folli: lo sanno tutti, e molti li votano proprio per questo. «Se il fascismo storico fu un fenomeno di aggressività giovanile, il fascismo del secolo ventuno è un tentativo rabbioso di reagire alla depressione senile. Se il fascismo storico fu espressione di un’energia del corpo sociale, oggi il corpo sociale è depresso ed esausto, e solo grazie alla potenza delle tecnologie può esprimere la sua violenza» Franco Berardi Bifo. Saggio introduttivo di Franco Berardi Bifo.",https://www.ibs.it/psicopatologie-delle-ultradestre-trump-milei-libro-yago-franco/e/9788865487037,True,2026-10-06
Editori Selezionati,https://www.ibs.it/images/9788858161746_0_0_150_0_75.jpg,C'è sempre tempo per arrivare tardi. Il capitale immateriale dimenticato,N/D,Laterza,2026,"Il libro raccoglie contributi di personalità del mondo della cultura e della scienza che, attraverso i loro saggi e la loro esperienza professionale, interpretano il significato più profondo del capitale immateriale e l'importanza delle conoscenze e delle competenze che lo creano nell'arco della nostra vita. Prefazione di Matteo Maria Zuppi. Contributi di M. Alì, P. De Nardis, D.F. Alì, G. Bacosi, C. Costarelli, M.A. Garito, E. Gaudio, F. Giorgino, D. Greco, G. La Verde, L. Moratti, G. Novelli, M.T. Polito, G. Procaccini.",https://www.ibs.it/c-sempre-tempo-per-arrivare-libro-vari/e/9788858161746,False,2026-10-03
Editori Selezionati,https://www.ibs.it/images/9788856699869_0_0_150_0_75.jpg,Ignoto 1. Il caso di Massimo Bossetti e Yara Gambirasio,Gianluca Neri,Piemme,2026,"Pensi di sapere tutto sul caso di Yara Gambirasio e sul processo a Massimo Bossetti? Ti sbagli di grosso. Esiste una zona d'ombra, un archivio di migliaia di pagine di atti ufficiali, intercettazioni e verbali che nessuna telecamera o articolo di giornale ha mai mostrato. È vero, c'è un colpevole, ci sono le sentenze, ma Gianluca Neri, autore di grandi successi tv come SanPa e Il caso Yara è andato oltre, ha scavato nel profondo, portando alla luce elementi inediti e clamorose omissioni che non hanno trovato spazio nella serie, nei film o nei documentari d'inchiesta. Questo libro non è una semplice ricostruzione, ma un'analisi dirompente che scardina le certezze acquisite. Neri ci guida attraverso prove mai divulgate, anomalie procedurali e testimonianze rimaste nel silenzio per oltre un decennio. Tutto quello che per limiti di tempo, formato o narrazione televisiva, non è mai stato detto prima. È l'inchiesta definitiva che rivela al lettore la verità cruda di un'indagine molto più complessa - e controversa - di quanto ci sia mai stato raccontato. Con uno stile chiaro e accessibile, Ignoto 1 è un'opera mondo, un'epica dei nostri giorni, una fotografia che tiene insieme un caso di cronaca efferato e spaventoso e l'Italia tutta, con i suoi cliché, i suoi riflessi condizionati, le sue fragilità eterne.",https://www.ibs.it/ignoto-1-caso-di-massimo-libro-gianluca-neri/e/9788856699869,False,2026-09-30
Altri Editori,https://www.ibs.it/images/9788850275700_0_0_150_0_75.jpg,L'arte della negoziazione. Trasformare i conflitti in accordi,"Giorgio Nardone,Stefano Bartoli",TEA,2026,,https://www.ibs.it/arte-della-negoziazione-trasformare-conflitti-libro-giorgio-nardone-stefano-bartoli/e/9788850275700,False,2026-10-02
Altri Editori,https://www.ibs.it/images/9788842835981_0_0_150_0_75.jpg,La sera della vita. Elogio della vecchiaia in un'epoca al tramonto,Paulo Barone,Il Saggiatore,2026,,https://www.ibs.it/sera-della-vita-elogio-della-libro-paulo-barone/e/9788842835981,False,2026-10-03
Editori Selezionati,https://www.ibs.it/images/9788829796465_0_0_150_0_75.jpg,Donne fra più mondi. Cosmopolitismo e resilienza nelle scrittrici fra Sette e Novecento,N/D,Marsilio,2026,"Italia, Inghilterra, Svizzera, Romania, Algeria, Turchia, Argentina, Paesi Bassi, Francia, Ungheria, Haiti: sono solo alcuni dei mondi vissuti dalle donne che popolano queste pagine. Esploratrici, esuli, deportate, fuoriuscite, migranti, profughe, viaggiatrici. Ma tutte anche scrittrici, che infrangono doppiamente le norme del patriarcato, sia con l’addio alla loro casa e al loro paese d’origine, sia con la scrittura, grazie alla quale esprimono il proprio punto di vista e si battono per giuste cause politiche, sociali, culturali. Sono battaglie che le vedono militare in prima linea come croniste impegnate e appassionate, forti della loro mobilità sia geografica che mentale.",https://www.ibs.it/donne-fra-piu-mondi-cosmopolitismo-libro-vari/e/9788829796465,False,2026-09-29
Editori Selezionati,https://www.ibs.it/images/9788829792290_0_0_150_0_75.jpg,Il caso non è chiuso. Il giallo letterario negli sceneggiati RAI,N/D,Marsilio,2026,"Gli sceneggiati sono stati un elemento chiave della strategia culturale della rai dei primi decenni e ancora oggi riscuotono un grande interesse di pubblico. Studiare i media del passato è indispensabile per comprendere il panorama mediatico attuale, e una privilegiata chiave d’accesso alla situazione presente è certamente il giallo. La meccanicità dei suoi processi logico deduttivi, evolutisi nel tempo, conferisce al genere giallo uno status unico, rendendolo disponibile a usi non definibili se non in termini che eccedono i confini del genere in senso stretto. Per ricostruire come il genere giallo ha conquistato televisione, editoria, cinema e si è evoluto quasi in un medium a sé stante, è imprescindibile lo studio degli sceneggiati rai gialli adattati da fonti letterarie, che il volume esamina con uno sguardo attento alle specificità espressive.",https://www.ibs.it/caso-non-chiuso-giallo-letterario-libro-vari/e/9788829792290,False,2026-09-29
Altri Editori,https://www.ibs.it/images/9782889759279_0_0_150_0_75.jpg,La mitologia classica delle costellazioni,Annette Gieske,Nuinui,2026,,https://www.ibs.it/mitologia-classica-delle-costellazioni-libro-annette-gieske/e/9782889759279,False,2026-10-03
Altri Editori,https://www.ibs.it/images/9791254847275_0_0_150_0_75.jpg,Filler. Il nuovo volto della chirurgia estetica,Silvia Martelli,Il Sole 24 Ore,2026,,https://www.ibs.it/filler-nuovo-volto-della-chirurgia-libro-silvia-martelli/e/9791254847275,True,2026-10-06
Altri Editori,https://www.ibs.it/images/9791223705810_0_0_150_0_75.jpg,Il pallido dio delle colline. Sui sentieri della Palestina che scompare,Raja Shehadeh,EDT,2026,,https://www.ibs.it/pallido-dio-delle-colline-sui-libro-raja-shehadeh/e/9791223705810,False,2026-10-03
Altri Editori,https://www.ibs.it/images/9788838255632_0_0_150_0_75.jpg,Voci interrotte. Donne e violenza nei capolavori della letteratura,Daniele Onori,Studium,2026,,https://www.ibs.it/voci-interrotte-donne-violenza-nei-libro-daniele-onori/e/9788838255632,False,2026-10-03
Altri Editori,https://www.ibs.it/images/9788836203451_0_0_150_0_75.jpg,Intere. Il potere del riconoscimento per non perdere pezzi di sé,Mapi Danna,ROI edizioni,2026,,https://www.ibs.it/intere-potere-del-riconoscimento-per-libro-mapi-danna/e/9788836203451,False,2026-10-01
Altri Editori,https://www.ibs.it/images/9788832836059_0_0_150_0_75.jpg,Partire o restare? Giovani generazioni nelle montagne,G. P. Zaccomer,Forum Edizioni,2026,,https://www.ibs.it/partire-o-restare-giovani-generazioni-libro-g-p-zaccomer/e/9788832836059,True,2026-10-06
Altri Editori,https://www.ibs.it/images/9782889759262_0_0_150_0_75.jpg,L'arte del tatuaggio giapponese,Costanza Brogi,Nuinui,2026,,https://www.ibs.it/arte-del-tatuaggio-giapponese-libro-costanza-brogi/e/9782889759262,False,2026-10-03
Editori Selezionati,https://www.ibs.it/images/2000000132778_0_0_150_0_75.jpg,Quello che la notte mi ha insegnato sulla luce. Copia autografata su ex libris,Luca Casadei,Vallardi A.,2026,"Luca Casadei ha passato anni ad ascoltare le ferite degli altri. Con il suo podcast One More Time ha dato voce a chi ha attraversato il dolore cercando una strada per tornare alla luce. Eppure, mentre accoglie i racconti dei suoi ospiti, il suo buio resta lì: silenzioso, radicato, sempre più difficile da ignorare. Finché tutto esplode in un attacco di panico. Da quel momento Luca comprende che non può più limitarsi a osservare la guarigione degli altri: deve entrare nella propria storia, riaprire le stanze che per troppo tempo ha tenuto chiuse. Dalla Francia della sua infanzia alla Brianza, dalle sale dorate dei casinò alle notti di paura, Casadei ripercorre il legame ambivalente con il padre Italo: imprenditore brillante, uomo seducente e fragile, presenza violenta e ingombrante. Un padre amato e temuto, la cui eredità riaffiora nel gioco, nella rabbia, nella ricerca compulsiva del successo e nel terrore di somigliargli. A fare da contrappunto i nonni Angelo e Ida, porto sicuro e modello di un’autorevolezza diversa; i fratelli, compagni d’infanzia prima e di lavoro poi; Samar, la moglie che lo costringe a guardarsi davvero;e i figli, per i quali desidera interrompere ciò che sembra scritto nel sangue.",https://www.ibs.it/quello-che-notte-mi-ha-libro-luca-casadei/e/2000000132778,False,2026-10-01
Altri Editori,https://www.ibs.it/images/9791281438705_0_0_150_0_75.jpg,Cromosoma K. Manuale completo di Kink e BDSM,"Giovanni “Vescovo"" Di Iacovo",Agenzia X,2026,,https://www.ibs.it/cromosoma-k-manuale-completo-di-libro-giovanni-vescovo-di-iacovo/e/9791281438705,False,2026-10-02
Editori Selezionati,https://www.ibs.it/images/9791222332277_0_0_150_0_75.jpg,Il mistero della transessualità,"Sarantis Thanopulos,Neviana Calzolari",Mimesis,2026,"Cosa origina la transessualità? Che ruolo giocano il corpo e il desiderio nell’esperienza di transizione? La nostra identità è autodeterminata o è conseguenza di spinte endogene? In questo dialogo epistolare tra Neviana Calzolari, sociologa e donna trans, e Sarantis Thanopulos, psicoanalista freudiano, viene costruito un percorso che affronta senza facili slogan e preconcetti il tema della transessualità. Una “zona franca” che non ricerca contrapposizioni, in cui emergono i nodi reali dell’esperienza, tra testimonianza personale e riflessione universale.",https://www.ibs.it/mistero-della-transessualita-libro-sarantis-thanopulos-neviana-calzolari/e/9791222332277,False,2026-10-02
Altri Editori,https://www.ibs.it/images/9791259633132_0_0_150_0_75.jpg,Solo un Dio ci può salvare? Lettere eversive,Raniero La Valle,Bordeaux,2026,,https://www.ibs.it/solo-dio-ci-puo-salvare-libro-raniero-la-valle/e/9791259633132,False,2026-10-05
Altri Editori,https://www.ibs.it/images/9788835194460_0_0_150_0_75.jpg,Altri da noi. Quanto c'è da capire sul pregiudizio degli italiani?,Walter Greco,Franco Angeli,2026,,https://www.ibs.it/altri-da-noi-quanto-c-libro-walter-greco/e/9788835194460,True,2026-10-06
Altri Editori,https://www.ibs.it/images/9788836153411_0_0_150_0_75.jpg,Limes. Rivista italiana di geopolitica (2026). Vol. 8: Cuba patria e morte,N/D,Gedi (Gruppo Editoriale),2026,,https://www.ibs.it/limes-rivista-italiana-di-geopolitica-libro-vari/e/9788836153411,False,2026-10-01
Altri Editori,https://www.ibs.it/images/9791280209825_0_0_150_0_75.jpg,La scuola a colori. Per un'educazione femminista e decoloniale,Sara Rossetti,Astarte Edizioni,2026,,https://www.ibs.it/scuola-a-colori-per-educazione-libro-sara-rossetti/e/9791280209825,False,2026-10-01
Altri Editori,https://www.ibs.it/images/9788833023274_0_0_150_0_75.jpg,Metapolitica della decrescita,Serge Latouche,Elèuthera,2026,,https://www.ibs.it/metapolitica-della-decrescita-libro-serge-latouche/e/9788833023274,False,2026-10-05
Editori Selezionati,https://www.ibs.it/images/9791259973108_0_0_150_0_75.jpg,PFAS. Veneto avvelenato,Gianni Poggi,Ronzani Editore,2026,"Una delle più gravi contaminazioni ambientali italiane: il Veneto avvelenato dai PFAS, sostanze chimiche “eterne” che per decenni hanno inquinato acqua, suolo, alimenti e corpi umani. Gianni Poggi ricostruisce il caso Miteni, le responsabilità industriali e istituzionali, la mobilitazione dei cittadini e la lunga battaglia per verità, salute e giustizia. Per decenni, nel cuore del Veneto, una contaminazione silenziosa ha attraversato falde, acquedotti, campi, animali e corpi umani. I PFAS, sostanze chimiche artificiali note come “inquinanti eterni”, sono entrati nell’acqua potabile e nella vita quotidiana di centinaia di migliaia di persone. A partire dallo stabilimento Miteni di Trissino, la contaminazione si è estesa in un’area vastissima, coinvolgendo province, comuni, gestori idrici, lavoratori, famiglie, comitati, istituzioni e magistratura. Quella che inizialmente sembrava una questione tecnica è diventata una delle più gravi emergenze ambientali e sanitarie italiane. Gianni Poggi ricostruisce la vicenda con rigore documentario: la storia industriale della Rimar e della Miteni, la scoperta tardiva dell’inquinamento, le responsabilità aziendali e istituzionali, il ruolo della Regione Veneto, le proteste delle Mamme No PFAS, le indagini scientifiche, il fallimento della società, il processo ai dirigenti e il difficile percorso della bonifica. ""PFAS. Veneto avvelenato"" è il racconto di una terra ferita e di una popolazione costretta a chiedere ciò che dovrebbe essere garantito a tutti: acqua pulita, salute, verità e giustizia.",https://www.ibs.it/pfas-veneto-avvelenato-libro-gianni-poggi/e/9791259973108,False,2026-09-30
Editori Selezionati,https://www.ibs.it/images/9791222334011_0_0_150_0_75.jpg,Visual culture studies. Rivista semestrale di cultura visuale. Vol. 10: Mitologia del mostruoso digitale,N/D,Mimesis,2026,,https://www.ibs.it/visual-culture-studies-rivista-semestrale-libro-vari/e/9791222334011,False,2026-10-02
Altri Editori,https://www.ibs.it/images/9791282420020_0_0_150_0_75.jpg,La morte rivelata. Viaggio nella sapienza iniziatica del morire,Karl Simon,Stella Mattutina Edizioni,2026,,https://www.ibs.it/morte-rivelata-viaggio-nella-sapienza-libro-karl-simon/e/9791282420020,False,2026-10-01
Altri Editori,https://www.ibs.it/images/9788893145954_0_0_150_0_75.jpg,Filosofe del Novecento. Genealogie e interpretazioni,N/D,Orthotes,2026,,https://www.ibs.it/filosofe-del-novecento-genealogie-interpretazioni-libro-vari/e/9788893145954,False,2026-10-02
Editori Selezionati,https://www.ibs.it/images/9788892251502_0_0_150_0_75.jpg,Gesù influencer. Alle origini (cristiane) del comunicare social,Giorgio Agagliati,San Paolo Edizioni,2026,"Cosa significa comunicare bene oggi, nell'epoca dei social media, degli influencer e dell'intelligenza artificiale? E cosa può insegnarci, in questo scenario, una figura vissuta duemila anni fa? In questo libro, Giorgio Agagliati propone una lettura sorprendente e attuale della figura di Gesù, che non solo è il cuore del messaggio cristiano, ma è anche stato un comunicatore straordinario, capace di parlare a tutti, attraversando le epoche. In un percorso agile e concreto, l'autore analizza gli stili comunicativi di Gesù — il dialogo, la narrazione, la provocazione, l'empatia — per mostrarne l'incredibile efficacia anche nel mondo contemporaneo. Dalle strade dell'Impero romano ai social network, dalla predicazione orale alle piattaforme digitali, emerge un filo rosso: la Buona Notizia si diffonde attraverso strumenti e linguaggi sempre nuovi, ma resta ancorata a un modello insuperabile. Con un taglio pratico e accessibile, il libro si rivolge a catechisti, educatori, comunicatori, influencer e follower (cui è dedicato un “decalogo""), a chiunque desideri annunciare — o semplicemente comprendere — il Vangelo in modo autentico e incisivo. Perché, ieri come oggi, la vera sfida non è solo dire qualcosa, ma dirlo bene.",https://www.ibs.it/gesu-influencer-alle-origini-cristiane-libro-giorgio-agagliati/e/9788892251502,False,2026-09-29
Altri Editori,https://www.ibs.it/images/9788854921047_0_0_150_0_75.jpg,Cose dell'altro secolo,Biagio Russo,Lavieri,2026,,https://www.ibs.it/cose-dell-altro-secolo-libro-biagio-russo/e/9788854921047,True,2026-10-06
Altri Editori,https://www.ibs.it/images/9788842570950_0_0_150_0_75.jpg,Sotto attacco di hater,Gabriele Parpiglia,Mursia,2026,,https://www.ibs.it/sotto-attacco-di-hater-libro-gabriele-parpiglia/e/9788842570950,True,2026-10-06
Altri Editori,https://www.ibs.it/images/9788835196020_0_0_150_0_75.jpg,"Visibilità e margine. Migrazioni, esclusione e riconoscimento nelle società",N/D,Franco Angeli,2026,,https://www.ibs.it/visibilita-margine-migrazioni-esclusione-riconoscimento-libro-vari/e/9788835196020,True,2026-10-06
Altri Editori,https://www.ibs.it/images/9791282556026_0_0_150_0_75.jpg,Lune spezzate,Teodora Mastrototaro,Pietre Vive,2026,,https://www.ibs.it/lune-spezzate-libro-teodora-mastrototaro/e/9791282556026,False,2026-09-30
Altri Editori,https://www.ibs.it/images/9791282383127_0_0_150_0_75.jpg,Elogio del nudo. Tra eros e pudore. Psicologia e moralità del corpo,Giovanni Chimirri,Fefè Editore,2026,,https://www.ibs.it/elogio-del-nudo-tra-eros-libro-giovanni-chimirri/e/9791282383127,False,2026-10-05
Altri Editori,https://www.ibs.it/images/9791282069366_0_0_150_0_75.jpg,"Rinascimento nazionale. Un'idea, una nazione, un futuro. Per la rinascita dell'Italia e dell'Occidente",Luca Sforzini,Iduna,2026,,https://www.ibs.it/rinascimento-nazionale-idea-nazione-futuro-libro-luca-sforzini/e/9791282069366,False,2026-10-02
Altri Editori,https://www.ibs.it/images/9791281805842_0_0_150_0_75.jpg,"Shaping the future of society in the age of new technologies. Rights, power and democratic governance",Laura Guercio,Gambini Editore,2026,,https://www.ibs.it/shaping-the-future-of-society-libro-laura-guercio/e/9791281805842,False,2026-10-02
Altri Editori,https://www.ibs.it/images/9791281305700_0_0_150_0_75.jpg,"Il grande saccheggio. Indagini, traffici e recuperi nel mercato dell'arte italiana",Frances Vieta,Be Strong,2026,,https://www.ibs.it/grande-saccheggio-indagini-traffici-recuperi-libro-frances-vieta/e/9791281305700,False,2026-10-03
Altri Editori,https://www.ibs.it/images/9791280227362_0_0_150_0_75.jpg,Una breve storia della transmisoginia,Jules Gill-Peterson,Asterisco,2026,,https://www.ibs.it/breve-storia-della-transmisoginia-libro-jules-gill-peterson/e/9791280227362,False,2026-10-02
Altri Editori,https://www.ibs.it/images/9791280071224_0_0_150_0_75.jpg,Elogio della stanchezza. L'attualità della psicoanalisi di fronte al disagio giovanile,Fabrizio Gambini,Paginaotto,2026,,https://www.ibs.it/elogio-della-stanchezza-attualita-della-libro-fabrizio-gambini/e/9791280071224,True,2026-10-06
Altri Editori,https://www.ibs.it/images/9791259633088_0_0_150_0_75.jpg,Disarmo globale. Il problema della guerra e la garanzia della pace,N/D,Bordeaux,2026,,https://www.ibs.it/disarmo-globale-problema-della-guerra-libro-vari/e/9791259633088,True,2026-10-06
Altri Editori,https://www.ibs.it/images/9791257893569_0_0_150_0_75.jpg,"Sono figa anche se mi tolgo gli occhiali da sole. Se non lo pensi, sei una bugiarda!",Sofia Archesi,EBS Print,2026,,https://www.ibs.it/sono-figa-anche-se-mi-libro-sofia-archesi/e/9791257893569,False,2026-10-01
Altri Editori,https://www.ibs.it/images/9791257392147_0_0_150_0_75.jpg,"Quando si accendono le strade. Commercio, comunità e relazioni: anatomia narrativa di un centro commerciale naturale",Alberto Macchi,C&P Adver Effigi,2026,,https://www.ibs.it/quando-si-accendono-strade-commercio-libro-alberto-macchi/e/9791257392147,False,2026-10-01
Altri Editori,https://www.ibs.it/images/9791256894499_0_0_150_0_75.jpg,La Porta Santa nel web. La prossimità nelle periferie digitali,N/D,Passione Scrittore selfpublishing,2026,,https://www.ibs.it/porta-santa-nel-web-prossimita-libro-vari/e/9791256894499,True,2026-10-06
Altri Editori,https://www.ibs.it/images/9791254850756_0_0_150_0_75.jpg,Margherita. Il sogno tra le stanze di palazzo Nardini,"Chiara Meneghetti,Mariagiovanna Esposito",Round Robin Editrice,2026,,https://www.ibs.it/margherita-sogno-tra-stanze-di-libro-chiara-meneghetti-mariagiovanna-esposito/e/9791254850756,False,2026-10-02
Altri Editori,https://www.ibs.it/images/9791254623985_0_0_150_0_75.jpg,"Fiducia e inclusione. Identità, comunità e crisi dell'Europa",Italo Radoccia,Passaggio al Bosco,2026,,https://www.ibs.it/fiducia-inclusione-identita-comunita-crisi-libro-italo-radoccia/e/9791254623985,False,2026-10-02
Altri Editori,https://www.ibs.it/images/9791224347040_0_0_150_0_75.jpg,Schegge di libera critica. Editoriali e testi per l'opinione delle libertà. Vol. 2: Editoriali 2023-2026,Antonino Sala,Autopubblicato,2026,,https://www.ibs.it/schegge-di-libera-critica-editoriali-libro-antonino-sala/e/9791224347040,False,2026-10-02
Altri Editori,https://www.ibs.it/images/9791224346647_0_0_150_0_75.jpg,"Non ci estingueremo. Una visione per ridare futuro ai piccoli paesi italiani. Collina Vecchia fa buon luogo. Proposta di rivitalizzazione di Collina Vecchia, un piccolo borgo abbandonato",Fernando De Santis,Autopubblicato,2026,,https://www.ibs.it/non-ci-estingueremo-visione-per-libro-fernando-de-santis/e/9791224346647,False,2026-10-05
Editori Selezionati,https://www.ibs.it/images/9791222334417_0_0_150_0_75.jpg,Paradoxa (2026). Vol. 3: Capitalismo e/o democrazia,N/D,Mimesis,2026,"Il capitalismo, l’ambiente economico e ideologico al quale siamo assuefatti come all’aria che respiriamo, non è affatto naturale come sembra, ma è il frutto di una lunga evoluzione, che vale la pena ricostruire. Si scopre, così, che capitalismo si dice, e si è detto, in molti modi – capitalismo mercantile, industriale, finanziario, capitalismo ibrido, tecno-capitalismo – e che ciascuno di essi, ciascuno a suo modo, insidia la democrazia. Esaminare i punti di frizione tra economia capitalistica e sistemi politico-istituzionali (dagli USA alla Cina) e praticare un’alternativa di mercato come l’economia civile, oggi ampiamente discussa, diventa sempre più necessario per permettere di arginare le molte derive in campo economico e ambientale e ritornare a una democrazia funzionante.",https://www.ibs.it/paradoxa-2026-vol-3-capitalismo-libro-vari/e/9791222334417,False,2026-10-02
Altri Editori,https://www.ibs.it/images/9791221121612_0_0_150_0_75.jpg,"Connected Marketing. Soluzioni di Digital Marketing nell'ecosistema Phygital, tra GenAI e Responsabilità Digitale",Francesca Negri,Giappichelli,2026,,https://www.ibs.it/connected-marketing-soluzioni-di-digital-libro-francesca-negri/e/9791221121612,False,2026-10-03
Altri Editori,https://www.ibs.it/images/9788898338047_0_0_150_0_75.jpg,Le interdittive antimafia. Evoluzioni giurisprudenziali ed efficacia temporale,Flavio Ferdani,UdA University Press,2026,,https://www.ibs.it/interdittive-antimafia-evoluzioni-giurisprudenziali-ed-libro-flavio-ferdani/e/9788898338047,True,2026-10-06
Altri Editori,https://www.ibs.it/images/9788891684455_0_0_150_0_75.jpg,L'assistente sociale e l'assistente sociale specialista. Manuale per l'esame di abilitazione per assistente sociale (sez. B) e assistente sociale specialista (sez. A),"Barbara Giacconi,Loretta Bonifazi",Maggioli Editore,2026,,https://www.ibs.it/assistente-sociale-assistente-sociale-specialista-libro-barbara-giacconi-loretta-bonifazi/e/9788891684455,False,2026-09-30
Altri Editori,https://www.ibs.it/images/9788867185382_0_0_150_0_75.jpg,Tre giorni che valgono una vita,Giovanni Ceraolo,Red Star Press,2026,,https://www.ibs.it/tre-giorni-che-valgono-vita-libro-giovanni-ceraolo/e/9788867185382,False,2026-10-01
Altri Editori,https://www.ibs.it/images/9788865586020_0_0_150_0_75.jpg,"Realtà o percezione? Cosa conta di più per la nostra felicità? Pensiero, virtù ed esperienze generative. Rapporto sul ben-vivere e la generatività dei territori (Aree vaste) 2026. Nuova ediz.","Leonardo Becchetti,Luca Raffaele,Lorenzo Semplici",Ecra,2026,,https://www.ibs.it/realta-o-percezione-cosa-conta-libro-vari/e/9788865586020,False,2026-10-01
Altri Editori,https://www.ibs.it/images/9788855212212_0_0_150_0_75.jpg,"Abitare il Giubileo. Architettura, comunità e spazi urbani. Ediz. a colori",N/D,Forma Edizioni,2026,,https://www.ibs.it/abitare-giubileo-architettura-comunita-spazi-libro-vari/e/9788855212212,True,2026-10-06
Altri Editori,https://www.ibs.it/images/9788849890754_0_0_150_0_75.jpg,GeoTrade. Rivista di geopolitica e commercio estero (2025). Vol. 14: Export control e sicurezza della ricerca,N/D,Rubbettino,2026,,https://www.ibs.it/geotrade-rivista-di-geopolitica-commercio-libro-vari/e/9788849890754,False,2026-09-30
Altri Editori,https://www.ibs.it/images/9788849889963_0_0_150_0_75.jpg,Disordine globale e nuova costituzione economica. Sicurezza economica e futuro dell'antitrust,Fabio Cintioli,Rubbettino,2026,,https://www.ibs.it/disordine-globale-nuova-costituzione-economica-libro-fabio-cintioli/e/9788849889963,False,2026-09-30
Altri Editori,https://www.ibs.it/images/9788846776259_0_0_150_0_75.jpg,"La liberazione possibile. Il manicomio, Franco Basaglia e noi. Ediz. illustrata","Gianni Berengo Gardin,Carla Cerati,Luciano D'Alessandro",Edizioni ETS,2026,,https://www.ibs.it/liberazione-possibile-manicomio-franco-basaglia-libro-vari/e/9788846776259,False,2026-10-01
Editori Selezionati,https://www.ibs.it/images/9788836825349_0_0_150_0_75.jpg,Vademecum per elettori disorientati,Stefano Passigli,Passigli,2026,"In Italia si vota ogni anno: elezioni politiche, elezioni europee, elezioni per Regioni e Comuni. E inoltre, referendum abrogativi e costituzionali. Delle elezioni i cittadini italiani dovrebbero conoscere ogni aspetto. Invece, disertano le urne perché hanno appreso a loro spese che il loro voto conta ben poco perché i loro rappresentanti in Parlamento non sono eletti, ma “nominati” dalle segreterie di partito. Gli italiani negli ultimi trenta anni hanno conosciuto quattro diverse leggi elettorali e sono ora chiamati a votare con una quinta. In tutte le principali democrazie invece il sistema elettorale non cambia da secoli o almeno da molti decenni. L’Italia rappresenta un’anomalia. Perché allora varare una nuova legge elettorale? La risposta è semplice: con la precedente legge Rosato l’attuale maggioranza perderebbe inevitabilmente le elezioni. Questo libro esamina dapprima i principali sistemi elettorali, e analizza in seguito la nuova legge elettorale voluta da Giorgia Meloni. Contrariamente a quanto affermato dal Governo, l’85% del Parlamento viene eletto con liste bloccate; il Premierato sottrae al Presidente della Repubblica molti dei suoi più fondamentali poteri; un abnorme premio di maggioranza, non del 15% come si vuol far credere, ma di poco meno del 22%, falsa inevitabilmente la volontà degli elettori. Dopo la sconfitta nel referendum sulla giustizia, la maggioranza di governo ha deciso di varare questa riforma con legge ordinaria anziché costituzionale, esponendola però al fondato rischio che la Corte dichiari la illegittimità costituzionale. Questo Vademecum indica infine la necessità di superare le divisioni che animano le nostre contrapposte coalizioni anche al loro interno. Non è con il falso bipolarismo creato da leggi iper-maggioritarie che danno vita a maggioranze non coese e divise al proprio interno che porteremo risposta ai grandi problemi che travagliano l’Italia. Come in altri momenti della nostra storia, solo uno sforzo unitario saprà superare la crisi che da anni attanaglia la nostra Nazione.",https://www.ibs.it/vademecum-per-elettori-disorientati-libro-stefano-passigli/e/9788836825349,False,2026-10-04
Altri Editori,https://www.ibs.it/images/9788835194620_0_0_150_0_75.jpg,Il diritto del minore all'unità familiare dopo la Riforma Cartabia. Il ruolo del Servizio Sociale e dell'autorità giudiziaria,Alessandra Ferri,Franco Angeli,2026,,https://www.ibs.it/diritto-del-minore-all-unita-libro-alessandra-ferri/e/9788835194620,True,2026-10-06
Altri Editori,https://www.ibs.it/images/9788835194606_0_0_150_0_75.jpg,"Donne, diritti e partecipazione politica. Ostacoli, opportunità e contraddizioni nell'era delle piattaforme","Marilena Macaluso,Giulia Agolino",Franco Angeli,2026,,https://www.ibs.it/donne-diritti-partecipazione-politica-ostacoli-libro-marilena-macaluso-giulia-agolino/e/9788835194606,True,2026-10-06
Altri Editori,https://www.ibs.it/images/9788835194255_0_0_150_0_75.jpg,"Heateconomy. Caldo, produttività, diseguaglianze",Filippo Monge,Franco Angeli,2026,,https://www.ibs.it/heateconomy-caldo-produttivita-diseguaglianze-libro-filippo-monge/e/9788835194255,True,2026-10-06
Altri Editori,https://www.ibs.it/images/9788835193678_0_0_150_0_75.jpg,Pay trasparency. Quadro normativo e manuale operativo,"Guido Cutillo,Mauro Ghilardi",Franco Angeli,2026,,https://www.ibs.it/pay-trasparency-quadro-normativo-manuale-libro-guido-cutillo-mauro-ghilardi/e/9788835193678,True,2026-10-06
Altri Editori,https://www.ibs.it/images/9788832987676_0_0_150_0_75.jpg,Come cambia la città. Genova. Appunti sul mutamento. Con Libro polisensoriale con materiali multimediali,Luca Borzani,ERGA,2026,,https://www.ibs.it/come-cambia-citta-genova-appunti-libro-luca-borzani/e/9788832987676,True,2026-10-06
Altri Editori,https://www.ibs.it/images/9788832078701_0_0_150_0_75.jpg,Azione e contemplazione. Indicazioni per chi non si è arreso,Fons Perennis,Altaforte Edizioni,2026,,https://www.ibs.it/azione-contemplazione-indicazioni-per-chi-libro-fons-perennis/e/9788832078701,True,2026-10-06
Altri Editori,https://www.ibs.it/images/9788832078695_0_0_150_0_75.jpg,"Fuoco, dèi e silicio. Dialoghi tra uomini e macchine per una nuova civiltà",MNC - Monferrato Non Conforme,Altaforte Edizioni,2026,,https://www.ibs.it/fuoco-dei-silicio-dialoghi-tra-libro-mnc-monferrato-non-conforme/e/9788832078695,True,2026-10-06
Altri Editori,https://www.ibs.it/images/9788822295644_0_0_150_0_75.jpg,IinteR-La+B: Ten years and beyond. First synthesis,N/D,Olschki,2026,,https://www.ibs.it/iinter-b-ten-years-and-libro-vari/e/9788822295644,True,2026-10-06
Altri Editori,https://www.ibs.it/images/9791282460323_0_0_150_0_75.jpg,Nitrogeno. L'anatomia sottile dell'uomo. Vol. 6/2: La pratica del corpo invisibile. Tracce sparse di un sentiero sempiterno,N/D,Fontana Editore,2026,,https://www.ibs.it/nitrogeno-anatomia-sottile-dell-uomo-libro-vari/e/9791282460323,True,2026-10-06
Altri Editori,https://www.ibs.it/images/9788831335676_0_0_150_0_75.jpg,"La seconda scomparsa. Donne indigene tra sparizioni, omicidi e silenzio nel Nord America",Raffaella Milandri,Mauna Kea Edizioni,2026,,https://www.ibs.it/seconda-scomparsa-donne-indigene-tra-libro-raffaella-milandri/e/9788831335676,False,2026-10-01
Altri Editori,https://www.ibs.it/images/9791224803188_0_0_150_0_75.jpg,La chiave della conoscenza,Marco Calzoli,Youcanprint,2026,,https://www.ibs.it/chiave-della-conoscenza-libro-marco-calzoli/e/9791224803188,False,2026-10-05
Altri Editori,https://www.ibs.it/images/9791224803119_0_0_150_0_75.jpg,"Il paradiso che non esiste. Il sogno europeo tra immigrazione, illusioni e realtà.",Shadia,Youcanprint,2026,,https://www.ibs.it/paradiso-che-non-esiste-sogno-libro-shadia/e/9791224803119,False,2026-10-01
Altri Editori,https://www.ibs.it/images/9791224802969_0_0_150_0_75.jpg,Social network come tribù digitali,Alessandro Fusi,Youcanprint,2026,,https://www.ibs.it/social-network-come-tribu-digitali-libro-alessandro-fusi/e/9791224802969,False,2026-10-01
Altri Editori,https://www.ibs.it/images/9791224802358_0_0_150_0_75.jpg,Il futuro non pensa da sè,Alessandro Fusi,Youcanprint,2026,,https://www.ibs.it/futuro-non-pensa-da-se-libro-alessandro-fusi/e/9791224802358,False,2026-10-01
Altri Editori,https://www.ibs.it/images/9791224096986_0_0_150_0_75.jpg,L'innesto tenace,Carla Puligheddu,Youcanprint,2026,,https://www.ibs.it/innesto-tenace-libro-carla-puligheddu/e/9791224096986,False,2026-10-05
Altri Editori,https://www.ibs.it/images/9791224095781_0_0_150_0_75.jpg,Professione ornitorinco,Luca Testoni,Youcanprint,2026,,https://www.ibs.it/professione-ornitorinco-libro-luca-testoni/e/9791224095781,False,2026-10-01
Altri Editori,https://www.ibs.it/images/9788855324175_0_0_150_0_75.jpg,L'alzheimer e le altre demenze oltre i farmaci,Fausto Fantò,Minerva Medica,2026,,https://www.ibs.it/alzheimer-altre-demenze-oltre-farmaci-libro-fausto-fanto/e/9788855324175,True,2026-10-06
Altri Editori,https://www.ibs.it/images/9791298656017_0_0_150_0_75.jpg,"Die unsichtbare Klinge. Vol. 1: Verborgene Muster erkennen und verändern, die Entscheidungen, Kommunikation und Ergebnisse prägen",Giovanni Ceroni,Invisible Blade Ceroni Publishing,2026,,https://www.ibs.it/die-unsichtbare-klinge-vol-1-libro-giovanni-ceroni/e/9791298656017,True,2026-10-06
Altri Editori,https://www.ibs.it/images/9791281910232_0_0_150_0_75.jpg,La rivolta delle civiltà,"Aleksandr Dugin,Nikolaj Danilevskij",AGA Editrice (Cusano Milanino),2026,,https://www.ibs.it/rivolta-delle-civilta-libro-aleksandr-dugin-nikolaj-danilevskij/e/9791281910232,True,2026-10-06
Altri Editori,https://www.ibs.it/images/9791256694662_0_0_150_0_75.jpg,Cronache di una crisi. Trent'anni di storie sul clima nelle pagine dell'«Osservatore Romano»,Federico Citterich,Tab edizioni,2026,,https://www.ibs.it/cronache-di-crisi-trent-anni-libro-federico-citterich/e/9791256694662,False,2026-10-02
Altri Editori,https://www.ibs.it/images/9791224097365_0_0_150_0_75.jpg,Il Cubone. Una storia che riguarda tutti,N/D,Youcanprint,2026,,https://www.ibs.it/cubone-storia-che-riguarda-tutti-libro-vari/e/9791224097365,True,2026-10-06
Altri Editori,https://www.ibs.it/images/9788878205956_0_0_150_0_75.jpg,MessinaRrcana,Giandomenico Ruta,EDAS,2026,,https://www.ibs.it/messinarrcana-libro-giandomenico-ruta/e/9788878205956,True,2026-10-06
Altri Editori,https://www.ibs.it/images/9788854959866_0_0_150_0_75.jpg,Le donne padovane notevoli,Rodolfo Balena,CLEUP,2026,,https://www.ibs.it/donne-padovane-notevoli-libro-rodolfo-balena/e/9788854959866,False,2026-10-02
Altri Editori,https://www.ibs.it/images/9788833659411_0_0_150_0_75.jpg,"Infrastrutture, geopolitica e sicurezza. Dalle connessioni materiali alle reti digitali",N/D,Nuova Cultura,2026,,https://www.ibs.it/infrastrutture-geopolitica-sicurezza-dalle-connessioni-libro-vari/e/9788833659411,True,2026-10-06
Altri Editori,https://www.ibs.it/images/9788827918999_0_0_150_0_75.jpg,Il manifesto dei diritti,Francesco Miragliuolo,Key Editore,2026,,https://www.ibs.it/manifesto-dei-diritti-libro-francesco-miragliuolo/e/9788827918999,False,2026-10-02
Altri Editori,https://www.ibs.it/images/9791281840041_0_0_150_0_75.jpg,Una difficoltà storica. Socialismo e Occidente,"Pietro Ingrao,Alberto Olivetti",Plan.ed,2027,,https://www.ibs.it/difficolta-storica-socialismo-occidente-libro-pietro-ingrao-alberto-olivetti/e/9791281840041,True,2026-10-06
Altri Editori,https://www.ibs.it/images/9788846776297_0_0_150_0_75.jpg,Dèi e miti dell'Antropocene,"Margherita Amateis,Pier Paolo Portinaro,Francesco Remotti",Edizioni ETS,2026,,https://www.ibs.it/dei-miti-dell-antropocene-libro-vari/e/9788846776297,True,2026-10-06
Altri Editori,https://www.ibs.it/images/9791281083967_0_0_150_0_75.jpg,Quando c'erano gli intellettuali. Rileggendo cultura popolare e marxismo,N/D,Kurumuny,2026,,https://www.ibs.it/quando-c-erano-intellettuali-rileggendo-libro-vari/e/9791281083967,True,2026-10-06
Altri Editori,https://www.ibs.it/images/9791256191208_0_0_150_0_75.jpg,Proteggere i fragili. La sicurezza invisibile: cosa fare quando qualcuno resta indietro,Ivano Zamboni,Calibano,2026,,https://www.ibs.it/proteggere-fragili-sicurezza-invisibile-cosa-libro-ivano-zamboni/e/9791256191208,True,2026-10-06
Altri Editori,https://www.ibs.it/images/9788899144494_0_0_150_0_75.jpg,Troppo amore,Laura Tappatà,Sefer Books,2026,,https://www.ibs.it/troppo-amore-libro-laura-tappata/e/9788899144494,True,2026-10-06
Altri Editori,https://www.ibs.it/images/9788893666107_0_0_150_0_75.jpg,Un echeggiare violento,N/D,Le Lettere,2026,,https://www.ibs.it/echeggiare-violento-libro-vari/e/9788893666107,True,2026-10-06
Editori Selezionati,https://www.ibs.it/images/9788820086473_0_0_150_0_75.jpg,Garlasco. Tutta la storia,Francesca Bugamelli,Sperling & Kupfer,2026,"A quasi vent'anni dall'omicidio di Chiara Poggi, il delitto di Garlasco continua a lasciare l'Italia in cerca di una verità che forse non è mai stata davvero raccontata. Quante domande sono rimaste senza risposta? E quanti elementi, per anni ai margini dell'inchiesta, meritano di essere riletti alla luce dei più recenti sviluppi delle indagini della Procura di Pavia? Francesca Bugamelli, conosciuta sui social come @Bugalalla, è oggi una delle voci più autorevoli del true crime italiano. Dopo un imponente lavoro di studio sugli atti processuali e sulle intercettazioni inedite, torna nella villetta di via Pascoli per riportare l'attenzione su dettagli che oggi assumono un significato completamente diverso.",https://www.ibs.it/garlasco-tutta-storia-libro-francesca-bugamelli/e/9788820086473,True,2026-10-06
Editori Selezionati,https://www.ibs.it/images/9788868355845_0_0_150_0_75.jpg,"Se l'Europa va alla guerra. Politica, economia e tecnologia della corsa al riarmo",Mario Pianta,Fondazione Giangiacomo Feltrinelli,2026,"Per settant’anni l’Europa ha costruito la propria identità attorno all’idea di uno spazio di pace. Oggi quella traiettoria si è interrotta e il riarmo è al centro dell’agenda politica europea. La spesa militare è cresciuta a ritmi senza precedenti nel dopoguerra, e il piano ReArm Europe prevede 800 miliardi di euro di investimenti in armamenti. Ma quale idea di sicurezza guida questa trasformazione? E quali conseguenze avrà sul futuro politico, economico, e sociale dell’Europa? Il volume ricostruisce le origini della nuova militarizzazione europea, analizza l’evoluzione delle politiche di difesa dell’Unione, il ruolo della NATO, la crescita dell’industria militare, l’intreccio tra tecnologie digitali e nuove armi, gli effetti economici dell’aumento della spesa militare e le implicazioni per il welfare, la transizione ecologica e il modello di sviluppo europeo. Prefazione di James K. Galbraith.",https://www.ibs.it/se-europa-va-alla-guerra-libro-mario-pianta/e/9788868355845,True,2026-10-06
Altri Editori,https://www.ibs.it/images/9788891683762_0_0_150_0_75.jpg,Formulario del contenzioso tributario,Studio Verna,Maggioli Editore,2026,,https://www.ibs.it/formulario-del-contenzioso-tributario-libro-studio-verna/e/9788891683762,False,2026-10-02
Altri Editori,https://www.ibs.it/images/9791298592339_0_0_150_0_75.jpg,Homo Mediocris. La medietà nella società contemporanea,Diego Han,Lekton Edizioni,2026,,https://www.ibs.it/homo-mediocris-medieta-nella-societa-libro-diego-han/e/9791298592339,False,2026-09-23
Altri Editori,https://www.ibs.it/images/9791282858007_0_0_150_0_75.jpg,European affairs. Il journal italiano di geopolitica e relazioni internazionali (2026). Vol. 1: L' Europa alla prova delle nuove leadership globali,N/D,AC Editore,2026,,https://www.ibs.it/european-affairs-journal-italiano-di-libro-vari/e/9791282858007,False,2026-10-01
Altri Editori,https://www.ibs.it/images/9791282630115_0_0_150_0_75.jpg,Le lacrime di Didone. Divagazioni filologiche su nove antiche eroine,Giuseppe Ramires,Mucchi Editore,2026,,https://www.ibs.it/lacrime-di-didone-divagazioni-filologiche-libro-giuseppe-ramires/e/9791282630115,True,2026-10-06
Altri Editori,https://www.ibs.it/images/9791282622103_0_0_150_0_75.jpg,Sostenibilità. Etica e religione,N/D,Edizioni La Vela (Viareggio),2026,,https://www.ibs.it/sostenibilita-etica-religione-libro-vari/e/9791282622103,True,2026-10-06
Altri Editori,https://www.ibs.it/images/9791282221450_0_0_150_0_75.jpg,Psicologia delle folle. Con audio commenti e riassunti esplicativi,Gustave Le Bon,SlQ editore,2026,,https://www.ibs.it/psicologia-delle-folle-con-audio-libro-gustave-le-bon/e/9791282221450,False,2026-10-01
Altri Editori,https://www.ibs.it/images/9791282122320_0_0_150_0_75.jpg,"Riscontri. Rivista di cultura e di attualità. Focus Montale intimo. Scrittura, memoria e a?etti",N/D,Terebinto Edizioni,2026,,https://www.ibs.it/riscontri-rivista-di-cultura-di-libro-vari/e/9791282122320,False,2026-10-02
Altri Editori,https://www.ibs.it/images/9791281091979_0_0_150_0_75.jpg,"Eppure, noi resteremo. Il genocidio a Gaza giorno per giorno. Ediz. illustrata",Sami Abu Omar,Prospero Editore,2026,,https://www.ibs.it/eppure-noi-resteremo-genocidio-a-libro-sami-abu-omar/e/9791281091979,True,2026-10-06
Altri Editori,https://www.ibs.it/images/9791257470609_0_0_150_0_75.jpg,Codice dell'energia 2026,"Eugenio Bruti Liberati,Cesare Mainardi,Aldo Travi",CASA NON CLASSIFICATA,2026,,https://www.ibs.it/codice-dell-energia-2026-libro-vari/e/9791257470609,False,2026-09-25
Editori Selezionati,https://www.ibs.it/images/9791256146161_0_0_150_0_75.jpg,La passione degli estranei,Marina Garcés,Castelvecchi,2026,,https://www.ibs.it/passione-degli-estranei-libro-marina-garces/e/9791256146161,False,2026-10-02
Altri Editori,https://www.ibs.it/images/9791254867594_0_0_150_0_75.jpg,"La prossimità. Uno sguardo all'incrocio tra politiche, comunità e relazioni",N/D,Pacini Editore,2026,,https://www.ibs.it/prossimita-sguardo-all-incrocio-tra-libro-vari/e/9791254867594,True,2026-10-06
Altri Editori,https://www.ibs.it/images/9788896156247_0_0_150_0_75.jpg,Oltre Bibbiano. Ricostruire la fiducia nei servizi sociali,Elena Gobbi,Format,2026,,https://www.ibs.it/oltre-bibbiano-ricostruire-fiducia-nei-libro-elena-gobbi/e/9788896156247,False,2026-10-05
Altri Editori,https://www.ibs.it/images/9788891684325_0_0_150_0_75.jpg,Formulario dei contratti,Niccolò Pianeschi,Maggioli Editore,2026,,https://www.ibs.it/formulario-dei-contratti-libro-niccolo-pianeschi/e/9788891684325,False,2026-10-02
Altri Editori,https://www.ibs.it/images/9788891683823_0_0_150_0_75.jpg,La riforma della prescrizione penale,Antonio Di Tullio D'Elisiis,Maggioli Editore,2026,,https://www.ibs.it/riforma-della-prescrizione-penale-libro-antonio-di-tullio-d-elisiis/e/9788891683823,False,2026-10-02
Altri Editori,https://www.ibs.it/images/9788891683779_0_0_150_0_75.jpg,IL NUOVO CCNL STEM,Beniamino Romano,Maggioli Editore,2026,,https://www.ibs.it/nuovo-ccnl-stem-libro-beniamino-romano/e/9788891683779,False,2026-10-02
Altri Editori,https://www.ibs.it/images/9788891683502_0_0_150_0_75.jpg,Fondo di garanzia PMI e credito deteriorato,"Pasquale Capaldo,Monica Mandico",Maggioli Editore,2026,,https://www.ibs.it/fondo-di-garanzia-pmi-credito-libro-pasquale-capaldo-monica-mandico/e/9788891683502,False,2026-10-02
Altri Editori,https://www.ibs.it/images/9788891683458_0_0_150_0_75.jpg,Gang giovanili e comportamenti devianti,"Loredana Borinato,Cinzia Mammoliti,Luca Zigiotti",Maggioli Editore,2026,,https://www.ibs.it/gang-giovanili-comportamenti-devianti-libro-vari/e/9788891683458,False,2026-10-02
Altri Editori,https://www.ibs.it/images/9788891682895_0_0_150_0_75.jpg,Manuale pratico dell'ufficiale d'anagrafe,N/D,Maggioli Editore,2026,,https://www.ibs.it/manuale-pratico-dell-ufficiale-d-libro-vari/e/9788891682895,False,2026-10-02
Altri Editori,https://www.ibs.it/images/9788890310768_0_0_150_0_75.jpg,Scritti pandemici,Teodosio De Bonis,Daphne Lab,2026,,https://www.ibs.it/scritti-pandemici-libro-teodosio-de-bonis/e/9788890310768,False,2026-10-02
Altri Editori,https://www.ibs.it/images/9788879849708_0_0_150_0_75.jpg,Come una sciamana con il tamburo rotto (2026),Maurizio Riotto,Luni Editrice,2026,,https://www.ibs.it/come-sciamana-con-tamburo-rotto-libro-maurizio-riotto/e/9788879849708,True,2026-10-06
Altri Editori,https://www.ibs.it/images/9788874242191_0_0_150_0_75.jpg,Me chiamo Giorgia,Carlo Cornaglia,Aliberti Editore,2026,,https://www.ibs.it/me-chiamo-giorgia-libro-carlo-cornaglia/e/9788874242191,True,2026-10-06
Altri Editori,https://www.ibs.it/images/9788864969510_0_0_150_0_75.jpg,Solcometro. Rotta di una navigazione interiore,Mauro Bonanno,Tipheret,2026,,https://www.ibs.it/solcometro-rotta-di-navigazione-interiore-libro-mauro-bonanno/e/9788864969510,True,2026-10-06
Editori Selezionati,https://www.ibs.it/images/9788858162118_0_0_150_0_75.jpg,Piccolo manuale per riparare la natura,Piero Genovesi,Laterza,2026,"Quando si parla di ‘conservazione della biodiversità' di solito si pensa che basti creare qualche area protetta, mettere al riparo le specie a rischio e poi lasciare che la natura faccia il suo. Ma la verità è che difendere l'esistente è un approccio fuori tempo. Abbiamo usato l'ambiente come se fosse un giocattolo, finché non si è rotto. Specie ed ecosistemi compromessi non si riparano da soli: tocca rimboccarsi le maniche. Piero Genovesi ci spiega come si può intervenire, in un prezioso manualetto che raccoglie tutti i trucchi e gli stratagemmi di un vero ‘meccanico della natura'. Ci piace pensare che l'ambiente sia sempre in grado di rimettersi in sesto, non importa quanti danni facciamo. Basta lasciar fare alla natura! Comodo, vero? Peccato che così si finisca per peggiorare le cose... Un pianeta in panne non si ripara da sé: serve qualcuno che faccia manutenzione. E quindi, che si fa? Per cominciare, potremmo dare ascolto a chi si sporca le mani ogni giorno cercando di mettere in salvo la biodiversità, cioè a quei tanto bistrattati tecnici della conservazione. Tra i tanti ‘meccanici della natura', Piero Genovesi è sicuramente uno dei più esperti e stimati al mondo. In questo libro, ci guida alla scoperta delle tecniche che han dato i risultati migliori, raccontando successi e disastri del passato, lezioni di cui si è fatto tesoro e questioni calde che richiedono la nostra attenzione. Si passa allora dalle reintroduzioni di specie che avevamo sterminato (come l'orso bruno sulle Alpi) al ripristino di interi habitat degradati; dalle strategie di adattamento ai cambiamenti climatici fino a temi spinosissimi come i conflitti con le specie selvatiche (ne sa qualcosa chi abita dove è tornato il lupo) o il concetto di una caccia ‘sostenibile'. Un prontuario ricco di curiosità, che esplora anche le possibilità offerte da tecnologie come droni, DNA ambientale, clonazione e biologia sintetica. Armi formidabili da adoperare con cautela, certo, ma senza immotivata paura del nuovo. Nello stato in cui versa la natura, stare con le mani in mano per timore di sbagliare è un lusso che non ci possiamo più permettere.",https://www.ibs.it/piccolo-manuale-per-riparare-natura-libro-piero-genovesi/e/9788858162118,False,2026-10-03
Editori Selezionati,https://www.ibs.it/images/9788806270322_0_0_150_0_75.jpg,Sotto stress. Scienza di un equilibrio possibile,Antonella Viola,Einaudi,2026,"C'è una parola che attraversa il nostro tempo come un filo teso, percettibile in ogni conversazione, in ogni respiro affannoso e in ogni «non ce la faccio piú» sussurrato o gridato. È la parola «stress». La usiamo continuamente, spesso con leggerezza, quasi fosse un'etichetta generica per ogni disagio. Ma dietro questo termine - usato troppo e male, eppure potentissimo - si nasconde un fenomeno biologico complesso, una risposta adattiva che ha garantito la sopravvivenza della nostra specie e che tuttavia oggi rischia di diventare una delle principali minacce per la nostra salute. Lo stress non è solo una sensazione psicologica: è una straordinaria forza biologica che modella il corpo, il cervello e la salute lungo tutto l'arco della vita. In questo libro Antonella Viola esplora in modo rigoroso e accessibile le forme in cui lo stress agisce sul cervello e sul cuore, sul sistema immunitario e su quello ormonale, intrecciandosi con moltissime funzioni vitali.",https://www.ibs.it/sotto-stress-scienza-di-equilibrio-libro-antonella-viola/e/9788806270322,False,2026-09-29
Altri Editori,https://www.ibs.it/images/9788859042570_0_0_150_0_75.jpg,La scuola che accende la mente,"Daniela Lucangeli,Gabriele Riva",Erickson,2026,,https://www.ibs.it/scuola-che-accende-mente-libro-daniela-lucangeli-gabriele-riva/e/9788859042570,False,2026-10-02
Altri Editori,https://www.ibs.it/images/9788850339785_0_0_150_0_75.jpg,"Come il progresso finisce. Tecnologia, innovazione e destino delle nazioni",Carl Benedikt Frey,Apogeo,2026,,https://www.ibs.it/come-progresso-finisce-tecnologia-innovazione-libro-carl-benedikt-frey/e/9788850339785,False,2026-09-29
Editori Selezionati,https://www.ibs.it/images/9788891846471_0_0_150_0_75.jpg,L'Italia nascosta. Come la natura ha plasmato il nostro Paese,Edward Cutler,Mondadori Electa,2026,"Celebre nel mondo per arte, storia, cucina e stile di vita, l'Italia custodisce un altro primato sorprendente: è il Paese con la maggiore biodiversità in Europa. Ospita oltre 60.000 specie animali, quasi 5000 delle quali endemiche, un terzo delle specie animali europee e metà di quelle vegetali, oltre a una ricchezza agricola senza paragoni. Scritto da un italiano d'adozione, questo libro ha un obiettivo chiaro: far conoscere un patrimonio poco raccontato, ispirare la sua tutela e far apprezzare la bellezza della nostra penisola, anche in questo frangente. Edward Cutler, storico dell'arte, inizia questo viaggio da un incontro casuale: una salamandra endemica scoperta nei dintorni della sua fattoria in Toscana. Da qui, si dipana un racconto affascinante che attraversa un territorio giovane e in continua evoluzione, fatto di montagne e vulcani, terremoti, laghi glaciali, isole, grotte e foreste, mostrando come la storia naturale italiana abbia profondamente influenzato l'uomo e tutto ciò che lo circonda. Tra creature preistoriche, specie rare e paesaggi inattesi, L'Italia nascosta rivela un Paese fragile e prezioso, ancora pieno di sorprese, invitando il lettore a guardarlo con occhi nuovi, a proteggerlo e amarlo.",https://www.ibs.it/italia-nascosta-come-natura-ha-libro-edward-cutler/e/9788891846471,False,2026-10-02
Editori Selezionati,https://www.ibs.it/images/9788833933399_0_0_150_0_75.jpg,La vita a portata di mano. La scienza ci racconta chi siamo,Christophe Galfard,Bollati Boringhieri,2026,"Dorion Sagan, autore di What Is Life? Che cos'è la vita? In questo maestoso libro, Christophe Galfard ci conduce in un viaggio ricco di meraviglia alla ricerca di una risposta, con uno stile accattivante e una grazia tutta particolare. Insieme al fisico francese scopriremo le svolte evolutive che hanno portato alla diversità della vita sulla Terra. Torneremo indietro nel tempo fino alle origini del nostro pianeta, saremo testimoni diretti dell'estinzione dei dinosauri, nuoteremo nel flusso sanguigno per immergerci nei dettagli delle nostre cellule, navigheremo nello spazio profondo in cerca di possibili tracce di vita aliena. A farci compagnia saranno decine di uomini e donne di scienza che con le loro scoperte hanno ampliato gli orizzonti dell'umanità e ripensato il nostro posto nel mondo: da Linneo a Enrico Fermi, da Charles Darwin e Alfred Wallace fino a Barbara McClintock e Katalin Karikó. La vita a portata di mano ci fa comprendere il fenomeno della vita come lo conosciamo oggi e offre uno sguardo su altri mondi, là dove la vita potrebbe prosperare. Al termine del viaggio resterà la travolgente consapevolezza che, in quanto membri di una lunga stirpe di creature viventi, apparteniamo a una realtà ben più vasta e complessa di quanto avremmo mai potuto immaginare.",https://www.ibs.it/vita-a-portata-di-mano-libro-christophe-galfard/e/9788833933399,False,2026-10-03
Altri Editori,https://www.ibs.it/images/9788832967142_0_0_150_0_75.jpg,Diete corrotte. Come difendersi dalle bugie dell'industria alimentare,Peter D'Angelo,Chiarelettere,2026,,https://www.ibs.it/diete-corrotte-come-difendersi-dalle-libro-peter-d-angelo/e/9788832967142,False,2026-09-30
Altri Editori,https://www.ibs.it/images/9788831176057_0_0_150_0_75.jpg,"Il futuro non aspetta, si costruisce. Una giornata all'insegna dell'economia circolare",Letizia Palmisano,Città Nuova,2026,,https://www.ibs.it/futuro-non-aspetta-si-costruisce-libro-letizia-palmisano/e/9788831176057,False,2026-10-03
Altri Editori,https://www.ibs.it/images/9788827234426_0_0_150_0_75.jpg,RE.A.GE®. Ricodificare la percezione dell'età,Osvaldo Sponzilli,Edizioni Mediterranee,2026,,https://www.ibs.it/reage-ricodificare-percezione-dell-eta-libro-osvaldo-sponzilli/e/9788827234426,True,2026-10-06
Altri Editori,https://www.ibs.it/images/9791255600817_0_0_150_0_75.jpg,Spazzatura! Memoir di un netturbino,Simon Paré-Poupart,Edizioni Alegre,2026,,https://www.ibs.it/spazzatura-memoir-di-netturbino-libro-simon-pare-poupart/e/9791255600817,False,2026-10-05
Altri Editori,https://www.ibs.it/images/9788868687984_0_0_150_0_75.jpg,La cacciatrice di rifiuti,Simona Roberta Malaspina,Curcio,2026,,https://www.ibs.it/cacciatrice-di-rifiuti-libro-simona-roberta-malaspina/e/9788868687984,False,2026-10-02
Altri Editori,https://www.ibs.it/images/9788835194699_0_0_150_0_75.jpg,Nostalgia dell'uno. Dalla memoria del grembo al monismo quantistico,Stefano Andreoli,Franco Angeli,2026,,https://www.ibs.it/nostalgia-dell-dalla-memoria-del-libro-stefano-andreoli/e/9788835194699,True,2026-10-06
Altri Editori,https://www.ibs.it/images/9791257893903_0_0_150_0_75.jpg,Anche le macchine possono pensare?,Luigi Simonetti,EBS Print,2026,,https://www.ibs.it/anche-macchine-possono-pensare-libro-luigi-simonetti/e/9791257893903,False,2026-10-01
Altri Editori,https://www.ibs.it/images/9788835194514_0_0_150_0_75.jpg,"Il turismo che fa bene. Il viaggio consapevole tra sogni, bisogni e realtà",Paolo Casetti,Franco Angeli,2026,,https://www.ibs.it/turismo-che-fa-bene-viaggio-libro-paolo-casetti/e/9788835194514,True,2026-10-06
Altri Editori,https://www.ibs.it/images/9791281966529_0_0_150_0_75.jpg,Nuova lettera matematica. Vol. 11,N/D,Scienza Express,2026,,https://www.ibs.it/nuova-lettera-matematica-vol-11-libro-vari/e/9791281966529,True,2026-10-06
Altri Editori,https://www.ibs.it/images/9788859625681_0_0_150_0_75.jpg,Città di vita (2026). Vol. 3: Maggio-giugno,N/D,Polistampa,2026,,https://www.ibs.it/citta-di-vita-2026-vol-libro-vari/e/9788859625681,True,2026-10-06
Altri Editori,https://www.ibs.it/images/9788835194958_0_0_150_0_75.jpg,Homo cosmicus. Storia inquieta di una specie che non ha mai smesso di guardare in alto,Jonathan Polotto,Franco Angeli,2026,,https://www.ibs.it/homo-cosmicus-storia-inquieta-di-libro-jonathan-polotto/e/9788835194958,True,2026-10-06
Altri Editori,https://www.ibs.it/images/9791224096610_0_0_150_0_75.jpg,Carl Jung e Wolfgang Pauli. L'entanglement dell'anima,Bruno Del Medico,Youcanprint,2026,,https://www.ibs.it/carl-jung-wolfgang-pauli-entanglement-libro-bruno-del-medico/e/9791224096610,False,2026-10-01
Altri Editori,https://www.ibs.it/images/9791257160876_0_0_150_0_75.jpg,"Terra ferita, bambini a rischio. Come la crisi climatica sta minacciando la salute dei nostri figli",Raffaele Domenici,Maria Pacini Fazzi Editore,2026,,https://www.ibs.it/terra-ferita-bambini-a-rischio-libro-raffaele-domenici/e/9791257160876,True,2026-10-06
Altri Editori,https://www.ibs.it/images/9788854959897_0_0_150_0_75.jpg,"Scienza, metodo, visione. L’eredità di Toni Mian. Liber amicorum",N/D,CLEUP,2026,,https://www.ibs.it/scienza-metodo-visione-eredita-di-libro-vari/e/9788854959897,False,2026-10-02
Altri Editori,https://www.ibs.it/images/9788893543897_0_0_150_0_75.jpg,Il primo prende tutto. La rivalità tra scienziati per assicurarsi il primato delle grandi scoperte,Salvatore Di Concilio,CSA Editrice,2026,,https://www.ibs.it/primo-prende-tutto-rivalita-tra-libro-salvatore-di-concilio/e/9788893543897,True,2026-10-06
Altri Editori,https://www.ibs.it/images/9791281974104_0_0_150_0_75.jpg,L'ecologia sognante. Guida al pensare con la natura,Alessandro Balzaretti,Anticamente Presente Editore,2026,,https://www.ibs.it/ecologia-sognante-guida-al-pensare-libro-alessandro-balzaretti/e/9791281974104,False,2026-10-02
Altri Editori,https://www.ibs.it/images/9788893543880_0_0_150_0_75.jpg,"Natura, terrore e conoscenza",Raffaele Morganti,CSA Editrice,2026,,https://www.ibs.it/natura-terrore-conoscenza-libro-raffaele-morganti/e/9788893543880,True,2026-10-06
Altri Editori,https://www.ibs.it/images/9788874213214_0_0_150_0_75.jpg,Vesuvio piccolo grand tour,Domenico Maria,Edizioni Intra Moenia,2026,,https://www.ibs.it/vesuvio-piccolo-grand-tour-libro-domenico-maria/e/9788874213214,True,2026-10-06
Altri Editori,https://www.ibs.it/images/9791298534940_0_0_150_0_75.jpg,Protagonisti dell'agromeccanica italiana. Ediz. italiana e inglese,Jacopo Oldani,Editoriale Orsa Maggiore,2026,,https://www.ibs.it/protagonisti-dell-agromeccanica-italiana-ediz-libro-jacopo-oldani/e/9791298534940,False,2026-09-30
Altri Editori,https://www.ibs.it/images/9791224096542_0_0_150_0_75.jpg,Quantum secrets. Ediz. inglese,Valentina Colaizzi,Youcanprint,2026,,https://www.ibs.it/quantum-secrets-ediz-inglese-libro-valentina-colaizzi/e/9791224096542,True,2026-10-06
Altri Editori,https://www.ibs.it/images/9788821459986_0_0_150_0_75.jpg,Endocrinologia del cane,"Sara Galac,Federico Fracassi",Edra,2026,,https://www.ibs.it/endocrinologia-del-cane-libro-sara-galac-federico-fracassi/e/9788821459986,True,2026-10-06
Editori Selezionati,https://www.ibs.it/images/9788820080730_0_0_150_0_75.jpg,"La dieta fuori casa di Bilanciamo®. Il metodo per mangiare in modo sano ed equilibrato, tra aperitivi e pranzi al volo",Giulia Biondi,Sperling & Kupfer,2026,"Chi sostiene che per prendersi cura della propria alimentazione sia necessario vivere a dieta e perdersi gran parte della vita sociale si sbaglia di grosso. Mangiare bene non vuol dire rinunciare a una pizza con gli amici, a un pranzo al ristorante o a una piadina in ufficio: al contrario, significa imparare a fare scelte consapevoli, in qualunque momento della giornata, e in qualunque situazione. Dopo aver aiutato milioni di persone a ritrovare un rapporto più sereno con il cibo, la docente di Nutrizione e divulgatrice scientifica Giulia Biondi torna con una guida pratica dedicata a una delle sfide più comuni della vita quotidiana: mangiare fuori casa senza sensi di colpa. Con il metodo Bilanciamo®, semplice, concreto e basato sulle linee guida dell'OMS per la sana e corretta alimentazione, Giulia ci insegna a leggere il menu con uno sguardo nuovo, orientarci tra ristoranti, aperitivi, mense, bar e fast food, stimare le porzioni a occhio, senza ossessioni né rinunce, e costruire pasti completi e - perché no? - appaganti. E quando, invece, il pranzo fuori casa dobbiamo prepararlo noi?",https://www.ibs.it/dieta-fuori-casa-di-bilanciamo-libro-giulia-biondi/e/9788820080730,False,2026-09-29
Editori Selezionati,https://www.ibs.it/images/9788832859416_0_0_150_0_75.jpg,Con una penna in mano. Il piacere necessario di scrivere,Nicola Gardini,Raffaello Cortina Editore,2026,"La scrittura a mano come gesto creativo, memoria viva e forma essenziale di libertà. La scrittura a mano è in crisi, e la scuola si sta dimostrando inadatta ad affrontarla, sempre più arresa alla pratica privata della digitazione. Serve una difesa. I neuroscienziati hanno da tempo dimostrato che chi scrive a mano apprende con maggiore sicurezza, ma in questo libro l’autore propone anche un altro argomento: i vantaggi della scrittura a mano non sono solo cognitivi, ma anche estetici ed etici. Gesto millenario, la scrittura a mano rappresenta il minimo di attività artistica; è un’esperienza creativa in cui ciascuno, agendo da artista, può ampliare gli spazi della sua libertà. Tra riflessioni e ricordi personali, storia dell’arte e letteratura, l’autore indaga la natura del segno grafico nelle sue componenti culturali, storiche e perfino anatomiche. Tracciare segni con la penna implica metafore e traslati che collegano il gesto della scrittura ad altre attività dell’essere umano, dall’agricoltura al ricamo. Scrivere presuppone, dunque, memorie sociali che hanno formato la coscienza collettiva e che ancora, per quanto implicite, hanno il potere di “fare comunità”.",https://www.ibs.it/con-penna-in-mano-piacere-libro-nicola-gardini/e/9788832859416,False,2026-09-30
Editori Selezionati,https://www.ibs.it/images/9788820084264_0_0_150_0_75.jpg,Ti meriti l'amore. Come costruire relazioni sane e felici senza rinunciare a chi sei,Andrea De Simone,Sperling & Kupfer,2026,"Andrea De Simone, psicologo e psicoterapeuta, dedica questo nuovo libro al tema che più di ogni altro ci mette alla prova: le relazioni. Perché ci innamoriamo sempre della persona sbagliata? Perché alcuni rapporti ci fanno sentire vivi e altri ci consumano? Come mai, anche quando desideriamo l'intimità, finiamo per difenderci, controllare, fuggire o rinunciare a ciò che siamo? Il nostro modo di amare, spiega l'autore, prende forma molto prima di quanto immaginiamo: nelle esperienze che hanno plasmato la nostra identità, nelle paure da cui abbiamo imparato a proteggerci, nelle convinzioni che, spesso inconsapevolmente, continuano a influenzare ogni nostro legame. Attraverso storie, casi clinici, riflessioni basate su studi scientifici e una straordinaria capacità di rendere accessibili i concetti della psicologia, Andrea De Simone ci aiuta a riconoscere i meccanismi che alimentano la dipendenza affettiva, il timore dell'abbandono, il bisogno di compiacere o l'incapacità di fidarsi, offrendoci gli strumenti per interrompere questi automatismi e costruire rapporti più autentici e liberi, senza perdere noi stessi lungo il cammino. Perché se non possiamo scegliere il nostro passato, possiamo modificare il nostro modo di amare e di lasciarci amare.",https://www.ibs.it/ti-meriti-amore-come-costruire-libro-andrea-de-simone/e/9788820084264,False,2026-09-29
Altri Editori,https://www.ibs.it/images/9788832975086_0_0_150_0_75.jpg,Storia della mia fame,Francesca Marzia Esposito,66thand2nd,2026,,https://www.ibs.it/storia-della-mia-fame-libro-francesca-marzia-esposito/e/9788832975086,False,2026-10-03
Editori Selezionati,https://www.ibs.it/images/9788817203302_0_0_150_0_75.jpg,Forse ti amo. Capire la paura dell'amore nel labirinto delle relazioni contemporanee,Livio Ricciardi,Rizzoli,2026,"Livio Ricciardi parla di sesso, intimità e relazioni. Partendo da storie comuni in cui tutti possiamo ritrovarci, ci aiuta a capire che cosa sia l'amore e perché ci faccia tanta paura. Incontriamo le storie di Anita e Tommaso che stanno assieme ma qualcosa inizia a incrinarsi; di Marco e Stefano che fanno i conti con il costo psicologico richiesto dal ""mercato dell'amore""; di Enrico e Chiara che sperimentano quanto sia centrale l'estetica nel comunicare se stessi, ma anche nel proiettarsi l'uno verso l'altro; di Elena e Giorgio che insieme ci raccontano molto concretamente cosa succede quando ci si espone e si rimane feriti. E incontriamo anche l'autore stesso che, qualche anno fa, si è ritrovato steso accanto a una persona, pervaso da un mare di sentimento, a pronunciare con tono flebile ma abbastanza coraggioso le parole: «Forse ti amo».",https://www.ibs.it/forse-ti-amo-capire-paura-libro-livio-ricciardi/e/9788817203302,False,2026-09-30
Altri Editori,https://www.ibs.it/images/9788834624241_0_0_150_0_75.jpg,La bambina del miracolo. Storia della mia mamma geniale,Myrta Merlino,La nave di Teseo,2026,,https://www.ibs.it/bambina-del-miracolo-storia-della-libro-myrta-merlino/e/9788834624241,False,2026-09-29
Altri Editori,https://www.ibs.it/images/9788836203345_0_0_150_0_75.jpg,Il nodo. I problemi si possono risolvere,Seth Godin,ROI edizioni,2026,,https://www.ibs.it/nodo-problemi-si-possono-risolvere-libro-seth-godin/e/9788836203345,False,2026-09-30
Editori Selezionati,https://www.ibs.it/images/9788817196475_0_0_150_0_75.jpg,"Il manuale delle mamme creative. Tecniche, consigli e progetti per divertirsi con tutta la famiglia","Maria Mancini,Maria Veneziano,CreativeMamy",Rizzoli,2026,"Hai mai guardato un barattolo di vetro e immaginato una lanterna? O un vecchio paio di jeans e visto un alberello di Natale? Per Maria Veneziano e Maria Mancini la creatività nasce proprio così: osservando gli oggetti di tutti i giorni con occhi nuovi. È questa l'idea che ha conquistato milioni di persone, dando vita a CreativeMamy, la più grande community italiana dedicata al fai-da-te creativo. Questo è il primo manuale ufficiale di CreativeMamy: un libro pensato per raccogliere i progetti più amati dalla community e accompagnare chiunque desideri riscoprire il piacere di creare con le proprie mani. Dalle decorazioni stagionali ai giochi, dagli oggetti per la casa alle idee regalo, ogni progetto nasce da materiali semplici o di recupero e prende forma grazie a spiegazioni chiare, fotografie passo passo, cartamodelli e tanti suggerimenti pratici. Organizzato per tecniche e per tipologia di materiale di recupero, il volume è una guida completa per imparare a trasformare barattoli, lattine, cartoni delle uova, tessuti e tanti altri oggetti di uso quotidiano in creazioni originali, belle e sorprendenti. Perché il riciclo creativo non è solo un modo per dare nuova vita alle cose, ma anche un'occasione per rallentare, allenare la fantasia e condividere momenti di qualità con le persone che amiamo.",https://www.ibs.it/manuale-delle-mamme-creative-tecniche-libro-vari/e/9788817196475,False,2026-10-05
Editori Selezionati,https://www.ibs.it/images/9791223802083_0_0_150_0_75.jpg,Come i girasoli sotto la pioggia. Diario sulla voglia di restare vivi,Stefano Marando,Piemme,2026,"A volte la malattia distorce il piano dei racconti, curva lo spazio-tempo delle storie: trascina tutto a sé, in una danza che ha il ritmo funereo della morte. Altre volte invece restituisce verità, coscienza, presenza. Giulia, una giovane ragazza romana alle prese con un dolore silenzioso che ne limita i passi e la difficoltà di trovare il proprio posto nel mondo, inizia a scrivere un diario psicologico su indicazione della sua psicoterapeuta. Non le viene chiesto di sforzarsi di descrivere il disagio che prova, ma di esprimere senza mediazioni i pensieri, i ricordi e le sensazioni che la attraversano, affinché si sedimentino e diventino esplorabili con una nuova consapevolezza. Come i girasoli sotto la pioggia è il suo journal terapeutico, ma anche la frattura che permette al lettore di entrare come spettatore nel racconto di una vita intensa, giovane, «viva». Giulia parla infatti di sé, e inevitabilmente rievoca amicizie, viaggi, relazioni e delusioni. Una narrazione che intreccia con grande delicatezza felicità e salute mentale, passioni e traumi profondi, offrendo uno sguardo realistico sulla complessità della vita e un invito a desiderarla, nonostante tutto.",https://www.ibs.it/come-girasoli-sotto-pioggia-diario-libro-stefano-marando/e/9791223802083,False,2026-09-29
Editori Selezionati,https://www.ibs.it/images/9791222203959_0_0_150_0_75.jpg,Amati per guarire. Trasforma le tue ferite interiori in un nuovo inizio,Alessio Fiorucci,Vallardi A.,2026,"Un amore finito, una persona che ti fa soffrire, la sensazione di non essere mai abbastanza: sanguini e non sai perché. La verità è che sei ferito, e non riesci ad amarti abbastanza per rialzarti. Ma certe ferite non si chiudono scappando: chiedono di essere attraversate. Chiedono di trasformare una crisi nell’occasione per tornare a te. Amati per guarire è un invito a ritrovare il tuo centro, ad ascoltare il cuore e a riconoscere ciò che davvero ti serve per guarire. Imparerai a non usare più l’altro come una stampella, a distinguere una fuga da una scelta autentica, a restare dentro le crisi senza smarrirti. Perché non sei le onde dei tuoi pensieri, delle tue paure e dei tuoi addii: sei l’oceano.",https://www.ibs.it/amati-per-guarire-trasforma-tue-libro-alessio-fiorucci/e/9791222203959,False,2026-09-30
Editori Selezionati,https://www.ibs.it/images/9791254633991_0_0_150_0_75.jpg,Cartography of solitudes. Ediz. inglese e italiana,Riseup,Marsilio Arte,2026,"Cartography of Solitudes è un viaggio fotografico dentro il morbo di Alzheimer: una storia profondamente privata e, allo stesso tempo, universale. Attraverso un flusso di immagini evocative, il progetto narra la progressiva dissoluzione della memoria, dell’identità e delle relazioni, seguendo il lento smarrirsi di una madre e di chi le resta accanto. All’inizio tutto appare ancora nitido: colori saturi, volti e paesaggi vivi. Poi qualcosa si incrina. Le composizioni visuali si fanno incerte sequenze di frammenti, i colori virano verso tonalità sempre più calde, divenendo metafore del progressivo disorientamento spazio-temporale. È il tempo del wandering, del camminare senza meta, dei sussurri di un tanto ineluttabile, quanto feroce, processo di perdita in corso. Quando la malattia viene finalmente nominata, il progetto penetra l’oscurità: i volti scompaiono, i dettagli si cancellano, il nero invade le pagine come simbolo del collasso neurologico e della solitudine che coinvolge tanto chi è malato quanto chi se ne prende cura. Nell’ultima fase, il nero lascia spazio a un bianco irreale e sospeso: non una rinascita, ma l’assenza definitiva della memoria e della comunicazione. Più che documentare la malattia, Cartography of Solitudes tenta di renderne percepibile l’esperienza emotiva, trasformando la fotografia in una mappa fragile dei territori invisibili dell’Alzheimer.",https://www.ibs.it/cartography-of-solitudes-ediz-inglese-libro-riseup/e/9791254633991,False,2026-09-29
Altri Editori,https://www.ibs.it/images/9791259793300_0_0_150_0_75.jpg,L'alfabeto dei sassi,Francesca Baraghini,People,2026,,https://www.ibs.it/alfabeto-dei-sassi-libro-francesca-baraghini/e/9791259793300,False,2026-10-02
Editori Selezionati,https://www.ibs.it/images/9788804819929_0_0_150_0_75.jpg,Tieni accesa la scintilla. La nuova dieta che mantiene giovani la mente e il corpo,Rosanna Lambertucci,Mondadori,2026,"Durante il suo lungo ed efficace percorso di divulgazione del benessere, Rosanna Lambertucci ha intuito una grande verità: il corpo e la mente parlano la stessa lingua e sono due vasi comunicanti. Non a caso, se il nostro cervello funziona bene ed è in salute, anche le gambe, le ossa e i muscoli ne traggono benefici. È quindi fondamentale tenere accesa la scintilla della nostra mente nel modo più ampio possibile. Oggi si parla moltissimo di invecchiamento attivo e di prevenzione. Tuttavia è fondamentale che gli anni a venire non siano solo numerosi, ma anche pienamente vissuti: ecco il messaggio di questo libro, un metodo che mette in correlazione dieta, suggerimenti e motivazioni per affrontare in modo attivo la fase della terza e quarta età. Secondo Lambertucci prendersi cura di noi stessi è una scelta alla cui base ci sono la libertà, la curiosità e il desiderio di restare ancorati al presente per godersi ogni giorno, anno dopo anno. E per far sì che ciò avvenga, è importante mantenere intatta la funzione cognitiva dalla nostra mente. Allenare la memoria con le parole crociate non basta: è necessario esercitare la nostra capacità di accogliere il nuovo, di emozionarci, di prendere decisioni. Il segreto per avere una mente attiva, capace di lasciarsi coinvolgere dagli stimoli giusti, risiede nei gesti più semplici che compongono la nostra quotidianità. Una passeggiata al parco, un'alimentazione sana, un tè con le amiche, la lettura di un buon libro ci consentono di tenere accesa la scintilla della mente. Questa luce, accompagnata dalla giusta dieta, dal movimento, dalla socialità, dalla cura del corpo e dello spirito, mette nelle nostre mani il giusto modo per invecchiare.",https://www.ibs.it/tieni-accesa-scintilla-nuova-dieta-libro-rosanna-lambertucci/e/9788804819929,True,2026-10-06
Altri Editori,https://www.ibs.it/images/9791282494076_0_0_150_0_75.jpg,"In punta di piedini. Mio figlio, l'autismo e una vita fuori programma",Sara Balotta,ON,2026,,https://www.ibs.it/in-punta-di-piedini-mio-libro-sara-balotta/e/9791282494076,True,2026-10-06
Editori Selezionati,https://www.ibs.it/images/9791255741657_0_0_150_0_75.jpg,Diventare grandi. Crescere conservando la meraviglia del bambino interiore,Teresa Capparelli,Giunti Psicologia.IO,2026,"Diventare grandi accompagna il lettore in un percorso di riflessione dedicato alle sfide dell'età adulta, intrecciando psicologia, esperienza clinica e vissuti personali. Attraverso il tema del “bambino interiore”, il libro esplora le ferite che abitano la nostra storia e il modo in cui influenzano il rapporto con noi stessi, con gli altri e con il mondo. La paura di perdere le persone amate, il dolore della morte e della separazione, il bisogno di sentirsi riconosciuti, la ricerca di approvazione, il peso della performance e delle aspettative sociali, così come il desiderio di generatività e di costruire una vita dotata di senso, diventano occasioni per interrogarsi su cosa significhi davvero diventare adulti. In una società che chiede di reprimere la vulnerabilità e di mostrarsi sempre autonomi, questo libro invita ad ascoltare i bisogni più profondi della propria parte bambina e a riconoscerla come una componente preziosa dell'identità adulta. Senza proporsi come un manuale, offre strumenti di conoscenza utili per attraversare il cambiamento, integrare la propria storia e vivere le relazioni con maggiore autenticità. Un invito a crescere conservando il proprio bambino interiore: quella parte di sé che custodisce creatività, spontaneità e meraviglia e che continua a rappresentare una risorsa fondamentale nella costruzione della propria identità adulta.",https://www.ibs.it/diventare-grandi-crescere-conservando-meraviglia-libro-teresa-capparelli/e/9791255741657,False,2026-10-01
Editori Selezionati,https://www.ibs.it/images/9788891847782_0_0_150_0_75.jpg,Il manuale del Buon recupero. Esercizi di fisioterapia per sciogliere le tensioni e muoversi meglio ogni giorno,Stefano Gaudio,Mondadori Electa,2026,"E se il tuo fisioterapista fosse sempre sul comodino, pronto ad aiutarti ogni volta che ne hai bisogno? Che sia la cervicale dopo una lunga giornata di lavoro, una fastidiosa rigidità nella schiena alta, un dolore lombare, la sciatalgia o una spalla che limita i movimenti, questo manuale è pensato per accompagnarti nei momenti in cui il tuo corpo ti chiede aiuto. Apri il libro, raggiungi il capitolo dedicato alla zona del corpo che ti crea fastidio e lasciati guidare, passo dopo passo, attraverso esercizi pratici illustrati e in modalità video da seguire secondo dopo secondo. Un metodo semplice, chiaro e accessibile per ritrovare sollievo, migliorare il movimento e prenderti cura del tuo corpo ogni giorno. Il manuale del buon recupero non è un libro da leggere una sola volta: è un compagno da tenere sempre a portata di mano, da consultare ogni volta che ne senti il bisogno, per trasformare pochi minuti dedicati a te stesso in un'abitudine capace di fare la differenza.",https://www.ibs.it/manuale-del-buon-recupero-esercizi-libro-stefano-gaudio/e/9788891847782,True,2026-10-06
Altri Editori,https://www.ibs.it/images/9791257001926_0_0_150_0_75.jpg,Rimedi di una volta. 1.001 trucchi per vivere bene con il sapere della tradizione,N/D,Terra Nuova Edizioni,2026,,https://www.ibs.it/rimedi-di-volta-1001-trucchi-libro-vari/e/9791257001926,False,2026-10-01
Altri Editori,https://www.ibs.it/images/9791255942252_0_0_150_0_75.jpg,Guarire il karma familiare. Tecniche e strumenti per scoprire la nostra eredità karmica e comprendere meglio noi stessi,Isabelle Cerf,Edizioni Il Punto d'Incontro,2026,,https://www.ibs.it/guarire-karma-familiare-tecniche-strumenti-libro-isabelle-cerf/e/9791255942252,False,2026-10-03
Editori Selezionati,https://www.ibs.it/images/9791255741626_0_0_150_0_75.jpg,Assertività batte manipolazione 10 a 1. Riconosci le dinamiche manipolatorie e afferma te stesso in ogni relazione,Olga Armento,Giunti Psicologia.IO,2026,"L'assertività è una competenza fondamentale per costruire relazioni sane, evitare dinamiche disfunzionali e trovare un equilibrio tra affermazione di sé e rispetto degli altri. Ti senti in colpa quando provi a stabilire un limite? Eviti i conflitti anche quando questo significa mettere da parte te stesso? Hai spesso la sensazione di essere manipolato dagli altri? Ti capita di dire “sì” quando vorresti dire “no”? Rimugini sulle decisioni prese, temendo di aver deluso qualcuno? Allora il presente libro è per te. Perché proprio l'assertività? Perché è uno degli strumenti più efficaci per contrastare la manipolazione. Oggi se ne parla spesso in modo improprio, come un concetto usato con leggerezza per soluzioni semplicistiche. Ma per star bene nei rapporti serve prima di tutto chiarezza. Questo libro è una guida concreta alle strategie comunicative da applicare nella vita quotidiana: con sé stessi, in famiglia, nel lavoro, nelle amicizie, nella coppia e nei contesti digitali. Non troverai riflessioni teoriche fini a loro stesse, ma esempi reali, pensieri e strumenti pratici per osservarti con più lucidità e agire in modo più efficace. Imparerai a riconoscere le dinamiche di potere sbilanciate, a rafforzare l'autostima, a dire “no” senza sensi di colpa, a stabilire confini chiari e a gestire critiche e aspettative. Smetterai di autosabotarti e inizierai a scegliere con maggiore consapevolezza. Un libro per chi vuole sentirsi più libero, più stabile nelle proprie relazioni e più felice.",https://www.ibs.it/assertivita-batte-manipolazione-10-a-libro-olga-armento/e/9791255741626,False,2026-10-01
Altri Editori,https://www.ibs.it/images/9791221224870_0_0_150_0_75.jpg,Promettimi che sarai felice. Come rialzarsi e prendersi tutto il bello che c’è,Francesca Contessini,De Agostini,2026,,https://www.ibs.it/promettimi-che-sarai-felice-come-libro-francesca-contessini/e/9791221224870,True,2026-10-06
Altri Editori,https://www.ibs.it/images/9788848181648_0_0_150_0_75.jpg,"Neuropelle tra biologia e psicosomatica. Lettura della pelle, rimedi e relazioni corpo-emozioni",Marilù Mengoni,Tecniche Nuove,2026,,https://www.ibs.it/neuropelle-tra-biologia-psicosomatica-lettura-libro-marilu-mengoni/e/9788848181648,True,2026-10-06
Editori Selezionati,https://www.ibs.it/images/9788830464957_0_0_150_0_75.jpg,9 mesi che valgono per sempre. Come la dieta in gravidanza plasma il futuro del tuo bambino,Jessie Inchauspé,Longanesi,2026,"Quando sei incinta ti assalgono mille dubbi e preoccupazioni. I più importanti riguardano quanto e come la tua alimentazione inciderà sul futuro del bambino. A molte donne viene detto che il corpo saprà fornire al feto tutto ciò di cui ha bisogno. Ma la scienza racconta un'altra verità: ciò che mangi in quei nove mesi plasma il cervello, il corpo e la salute di tuo figlio per il resto della sua vita. Partendo da un'analisi approfondita di centinaia di studi recentissimi e dalla propria esperienza personale, la biochimica Jessie Inchauspé identifica quattro nutrienti chiave nello sviluppo del bambino durante la gestazione: colina, DHA, proteine e glucosio. La cosa incredibile è che la maggior parte delle mamme assume dosi quasi sempre insufficienti dei primi tre, mentre eccede regolarmente con il quarto.",https://www.ibs.it/9-mesi-che-valgono-per-libro-jessie-inchauspe/e/9788830464957,False,2026-10-03
Editori Selezionati,https://www.ibs.it/images/9788809930995_0_0_150_0_75.jpg,I sette passi del risveglio. Illuminare il cervello per far danzare il cuore,Rick Hanson,Giunti Editore,2026,"Fermarci, tornare a respirare e ritrovare così la gioia interiore: chi non sente questo bisogno, in un mondo frenetico e in costante cambiamento come il nostro? Focalizzando la sua attenzione sui punti di forza delle antiche pratiche buddhiste e delle più recenti scoperte relative al cervello e ai nostri pattern di comportamento, lo psicologo di fama mondiale ed esperto di relazioni Rick Hanson ha studiato a lungo gli stili di vita che ci portano a costruire una felicità e un equilibrio personale che siano duraturi. Ne è nato questo libro sorprendente che, nella sua profondità, offre una via semplice e concreta per ritrovare l'armonia con se stessi e con gli altri. Opera dirompente, che ha suscitato molto interesse tra i lettori specializzati e non, I sette passi del risveglio esamina i modi di essere che sono al cuore della nozione buddhista di consapevolezza: il “magnifico viaggio che ci conduce verso la cima”, nelle parole di Hanson. Stabilità, amorevolezza, pienezza, interezza, presenza, totalità, atemporalità: ecco i sette straordinari stati che possiamo raggiungere grazie a altrettanto straordinari cambiamenti nel nostro sistema nervoso. Come si originano? Come ci consentono di sviluppare una presenza mentale incrollabile, un'accettazione totale di noi stessi e degli altri, una profonda contentezza, intuizioni liberatorie e un cuore coraggioso?",https://www.ibs.it/sette-passi-del-risveglio-illuminare-libro-rick-hanson/e/9788809930995,False,2026-10-01
Altri Editori,https://www.ibs.it/images/9791255942351_0_0_150_0_75.jpg,"Il santo, il surfista e l'amministratore delegato. Come vivere seguendo i desideri del cuore. Nuova ediz.",Robin S. Sharma,Edizioni Il Punto d'Incontro,2026,,https://www.ibs.it/santo-surfista-amministratore-delegato-come-libro-robin-s-sharma/e/9791255942351,False,2026-10-03
Editori Selezionati,https://www.ibs.it/images/9791224203780_0_0_150_0_75.jpg,Money Habits,"Ken Okoroafor,Mary Okoroafor",Newton Compton Editori,2026,"La ricchezza non nasce dal denaro, bensì da un'abitudine. La maggior parte delle persone pensa che sia riservata a pochi fortunati – chi è nato nel privilegio, chi ha il talento innato per l'imprenditorialità o una spiccata attitudine al risparmio. La verità è che il successo finanziario non dipende dalla fortuna, ma dalle abitudini. Money Habits è un approccio rivoluzionario alla costruzione della ricchezza, basato sui comportamenti: un metodo che riconfigura il modo in cui pensi al denaro, trasformando la fortuna finanziaria in una serie di azioni minuscole, semplici e ripetibili. Invece di sommergere il lettore con budget rigidi o strategie di investimento complesse, questo libro rivela come piccoli gesti quotidiani possano accumularsi nel tempo fino a generare una ricchezza capace di cambiare la vita, indipendentemente dal punto di partenza. Che tu stia lottando con il denaro, che voglia liberarti dal ciclo dello stipendio che finisce subito o che stia cercando un modo sereno e automatizzato per costruire ricchezza, questo libro ti offre una chiara tabella di marcia per assicurarti il successo finanziario.",https://www.ibs.it/money-habits-libro-ken-okoroafor-mary-okoroafor/e/9791224203780,False,2026-10-03
Editori Selezionati,https://www.ibs.it/images/9788891848666_0_0_150_0_75.jpg,I sette codici. Perché i grandi investitori immobiliari sbagliano meno,Giuseppe Gatti,Mondadori Electa,2026,"In oltre venticinque anni di attività nel mercato immobiliare, tra investimenti, formazione e operazioni complesse, Giuseppe Gatti ha osservato centinaia di operatori immobiliari. Ha visto i migliori costruire patrimoni solidi e li ha visti cadere — non per incompetenza, ma per eccesso di fiducia. Ha identificato sette principi ricorrenti che separano chi sopravvive al proprio successo da chi ne viene travolto. Li ha chiamati Codici. Controllo. Tempo. Struttura. Leva. Uscita. Scala. Continuità. Sette filtri che non dicono cosa fare, ma cosa non fare. Sette domande da porsi prima di ogni operazione, quando l'entusiasmo è al massimo e la lucidità al minimo. Ogni Codice viene raccontato attraverso la storia di un operatore italiano e di un grande investitore internazionale — da Samuel Zell a Lee Shau-kee, da Paul Reichmann ai duchi di Westminster — per mostrare come lo stesso errore si ripeta a qualsiasi scala: da un milione a trentanove miliardi. Al centro del libro, la storia che l'autore non avrebbe mai voluto raccontare: il proprio fallimento personale, analizzato con precisione chirurgica attraverso tutti e sette i Codici violati contemporaneamente. Non è un manuale. Non è una formula. È un sistema di protezione per chi ha già capito che nel mercato immobiliare il pericolo più grande non è il mercato. È l'operatore stesso nel momento in cui ha ragione.",https://www.ibs.it/sette-codici-perche-grandi-investitori-libro-giuseppe-gatti/e/9788891848666,False,2026-10-03
Altri Editori,https://www.ibs.it/images/9788860411952_0_0_150_0_75.jpg,Oltre il talento. Allenare i giovani atleti alle sfide dello sport e della vita,Claudia Mancinelli,Limina,2026,,https://www.ibs.it/oltre-talento-allenare-giovani-atleti-libro-claudia-mancinelli/e/9788860411952,False,2026-09-30
Editori Selezionati,https://www.ibs.it/images/9788892250802_0_0_150_0_75.jpg,Troppo amore. Come smettere di essere genitori ansiosi,Giuseppe Lavenia,San Paolo Edizioni,2026,"Troppo amore non è amore: è allarme! Essere genitori oggi significa muoversi in bilico su un filo sottilissimo: amare senza soffocare, proteggere senza invadere, esserci senza controllare. Eppure, più ci si impegna come genitori, più l'ansia cresce. Si vorrebbe che i figli non soffrissero, non sbagliassero, non cadessero, non restassero indietro, finendo per togliere proprio ciò che li renderebbe più forti. In questo libro — che non è un manuale, ma una mappa emotiva — Giuseppe Lavenia smonta con lucidità e delicatezza l'inganno più comune della genitorialità moderna: non è l'amore a far male, ma l'amore che non lascia spazio. Con un linguaggio diretto, capace di accarezzare e colpire, Lavenia accompagna il lettore in un viaggio intenso, offrendo consigli e suggerendo pratiche concrete, gesti, frasi che curano. Una guida sincera e imperfetta, come l'amore vero. Perché crescere un figlio non significa trattenerlo. Significa lasciarlo andare sapendo che, qualsiasi distanza attraversi, troverà sempre un posto in cui tornare. Un posto che si chiama casa.",https://www.ibs.it/troppo-amore-come-smettere-di-libro-giuseppe-lavenia/e/9788892250802,False,2026-09-29
Altri Editori,https://www.ibs.it/images/9791282678018_0_0_150_0_75.jpg,Abbecedario di un manipolatore. Ediz. illustrata,Kalina Muhova,Quinto Quarto,2026,,https://www.ibs.it/abbecedario-di-manipolatore-ediz-illustrata-libro-kalina-muhova/e/9791282678018,False,2026-10-02
Altri Editori,https://www.ibs.it/images/9788835194972_0_0_150_0_75.jpg,La lotta e altre due o tre cose sulla felicità,Alfonso Molina,Franco Angeli,2026,,https://www.ibs.it/lotta-altre-due-o-tre-libro-alfonso-molina/e/9788835194972,True,2026-10-06
Editori Selezionati,https://www.ibs.it/images/9791224600084_0_0_150_0_75.jpg,"Il mindset del trader. Numeri, emozioni e decisioni. Come vincere la battaglia mentale sui mercati finanziari",Gianluca Defendi,Ulrico Hoepli,2026,"La tua mente è il vero campo di battaglia! Fare trading non vuol dire soltanto applicare una strategia operativa. È, prima di tutto, una battaglia psicologica nella quale il vero avversario non è il mercato, ma la propria mente. In questo libro l’autore accompagna il lettore dentro quel conflitto interiore che ogni investitore deve affrontare, descrivendo il continuo scontro tra razionalità ed emotività, tra preparazione e improvvisazione, tra disciplina e impulsività. Partendo da alcuni principi di finanza comportamentale, il volume descrive come paura, avidità e bias cognitivi influenzino le decisioni operative, distorcendo la percezione del rischio e compromettendo i risultati. Attraverso un percorso strutturato, vengono descritti i principali profili psicologici del trader e le dinamiche emotive che si manifestano nei diversi cicli di mercato. L’autore illustra inoltre i pilastri tecnici del trading professionale: dalla costruzione di una strategia operativa alla sua validazione statistica, no alla comprensione della matematica del trading.",https://www.ibs.it/mindset-del-trader-numeri-emozioni-libro-gianluca-defendi/e/9791224600084,False,2026-10-05
Altri Editori,https://www.ibs.it/images/9791281733343_0_0_150_0_75.jpg,Il calendario felice 2027. 365 pensieri per rendere ogni giorno importante (unico). Ricarica,Hanico Midori,Ambrosia,2026,,https://www.ibs.it/calendario-felice-2027-365-pensieri-libro-hanico-midori/e/9791281733343,False,2026-09-30
Altri Editori,https://www.ibs.it/images/9791281733336_0_0_150_0_75.jpg,Il calendario felice 2027. 365 pensieri per rendere ogni giorno importante (unico). Con supporto,Hanico Midori,Ambrosia,2026,,https://www.ibs.it/calendario-felice-2027-365-pensieri-libro-hanico-midori/e/9791281733336,False,2026-09-30
Altri Editori,https://www.ibs.it/images/9791281133624_0_0_150_0_75.jpg,Le emozioni sulla bussola. Come orientarsi tra pensieri e relazioni durante l'adolescenza,Simone Migliorati,Phanes Publishing,2026,,https://www.ibs.it/emozioni-sulla-bussola-come-orientarsi-libro-simone-migliorati/e/9791281133624,True,2026-10-06
Altri Editori,https://www.ibs.it/images/9791281942707_0_0_150_0_75.jpg,#BloggerARotelle. MissG oltre le barriere architettoniche,Giulia Cavagna,Fox&Sparrows Edizioni,2026,,https://www.ibs.it/bloggerarotelle-missg-oltre-barriere-architettoniche-libro-giulia-cavagna/e/9791281942707,False,2026-10-02
Altri Editori,https://www.ibs.it/images/9791257893897_0_0_150_0_75.jpg,"Benefici per la salute con il vogatore a tutte le età. I consigli del geriatra. Forza, cuore e mobilità dalla giovinezza alla terza età","Gianfranco Salvioli,Giorgio Pellicelli",EBS Print,2026,,https://www.ibs.it/benefici-per-salute-con-vogatore-libro-gianfranco-salvioli-giorgio-pellicelli/e/9791257893897,False,2026-10-01
Altri Editori,https://www.ibs.it/images/9791224112570_0_0_150_0_75.jpg,"Oltre il limite. Come gestire mente, emozioni e pressioni nello sport","Loredana Gala,Giorgio Lucci",Aletti editore,2026,,https://www.ibs.it/oltre-limite-come-gestire-mente-libro-loredana-gala-giorgio-lucci/e/9791224112570,True,2026-10-06
Altri Editori,https://www.ibs.it/images/9791221096620_0_0_150_0_75.jpg,"Il metodo ventinove. Come il datore di lavoro valuta i rischi, scrive il DVR e lo aggiorna per aziende fino a 30 dipendenti",Urbano Tozzi,Autopubblicato,2026,,https://www.ibs.it/metodo-ventinove-come-datore-di-libro-urbano-tozzi/e/9791221096620,False,2026-10-01
Altri Editori,https://www.ibs.it/images/9788893762113_0_0_150_0_75.jpg,Le cinque regole del Leone. Follow the lion,Annamaria Pappalardo,Andrea Pacilli Editore,2026,,https://www.ibs.it/cinque-regole-del-leone-follow-libro-annamaria-pappalardo/e/9788893762113,False,2026-10-02
Editori Selezionati,https://www.ibs.it/images/9788892251465_0_0_150_0_75.jpg,Smetto quando voglio? Combattere e superare le dipendenze dal fumo e dall'alcol,"Silvio Garattini,Gardi Valentino",San Paolo Edizioni,2026,"Le statistiche, ma soprattutto la nostra personale esperienza, parlano chiaro: la società è minata da una serie di dipendenze dalle quali non riusciamo a liberarci e che avvelenano la nostra vita a tutte le età, a cominciare dalla loro forte diffusione tra i giovani. In questo libro, il professor Silvio Garattini, il medico e scienziato più celebre d'Italia, e il magistrato e docente universitario Valentino Gardi, esperto di materie giuridiche, spiegano ogni aspetto del problema, con uno sguardo diretto soprattutto alla necessità di liberarsi per sempre da questi veleni e alla possibilità di prevenirne la dipendenza e agire per contrastarla efficacemente. La scienza mostra cosa accade nel nostro corpo sotto l'influsso del fumo e dell'alcol, la medicina illustra i possibili percorsi alternativi alla dipendenza e la legge, con i limiti che impone e i valori che difende, ci aiuta in un percorso difficile ma doveroso, che può portarci a una vita di qualità e a una migliore convivenza civile.",https://www.ibs.it/smetto-quando-voglio-combattere-superare-libro-silvio-garattini-gardi-valentino/e/9788892251465,False,2026-10-02
Altri Editori,https://www.ibs.it/images/9788885798656_0_0_150_0_75.jpg,Non puoi essere triste. Stai diventando mamma!,Luana Valle,Tempesta Editore,2026,,https://www.ibs.it/non-puoi-essere-triste-stai-libro-luana-valle/e/9788885798656,False,2026-09-29
Altri Editori,https://www.ibs.it/images/9788884598523_0_0_150_0_75.jpg,"Il diritto di restare padre. Storia di un padre separato, di un figlio che cresce e di una paternità che non vuole diventare assenza",Mario Cattaneo,Wip Edizioni,2026,,https://www.ibs.it/diritto-di-restare-padre-storia-libro-mario-cattaneo/e/9788884598523,False,2026-10-01
Altri Editori,https://www.ibs.it/images/9788835196013_0_0_150_0_75.jpg,"Chi soffre, narra... chi cura, impara. La medicina con i pazienti formatori",N/D,Franco Angeli,2026,,https://www.ibs.it/chi-soffre-narra-chi-cura-libro-vari/e/9788835196013,True,2026-10-06
Altri Editori,https://www.ibs.it/images/9788835194750_0_0_150_0_75.jpg,"Nel nome del padel. Allenare mente, emozioni e carattere nel campo e nella vita",Andrea De Giorgio,Franco Angeli,2026,,https://www.ibs.it/nel-nome-del-padel-allenare-libro-andrea-de-giorgio/e/9788835194750,True,2026-10-06
Altri Editori,https://www.ibs.it/images/9791257632427_0_0_150_0_75.jpg,#PiccolePerleDiSaggezza,Maria Vittoria Strappafelci,Kimerik,2026,,https://www.ibs.it/piccoleperledisaggezza-libro-maria-vittoria-strappafelci/e/9791257632427,False,2026-10-01
Altri Editori,https://www.ibs.it/images/9791224803096_0_0_150_0_75.jpg,La clessidra della coscienza. Il metodo originale del coaching trasformativo,"Silvia Calzolari,Gianni Verde",Youcanprint,2026,,https://www.ibs.it/clessidra-della-coscienza-metodo-originale-libro-silvia-calzolari-gianni-verde/e/9791224803096,False,2026-10-05
Altri Editori,https://www.ibs.it/images/9791224801399_0_0_150_0_75.jpg,Una TNPEE per amica,"Erika D'Antonio,Francesca Tabellione",Youcanprint,2026,,https://www.ibs.it/tnpee-per-amica-libro-erika-d-antonio-francesca-tabellione/e/9791224801399,False,2026-10-02
Altri Editori,https://www.ibs.it/images/9791224099970_0_0_150_0_75.jpg,Sempre per sempre,Simona Malizia,Youcanprint,2026,,https://www.ibs.it/sempre-per-sempre-libro-simona-malizia/e/9791224099970,False,2026-10-05
Altri Editori,https://www.ibs.it/images/9791224096641_0_0_150_0_75.jpg,Stress come massimo alleato di salutogenesi,Roberto Cappellari,Youcanprint,2026,,https://www.ibs.it/stress-come-massimo-alleato-di-libro-roberto-cappellari/e/9791224096641,False,2026-10-01
Altri Editori,https://www.ibs.it/images/9791224091028_0_0_150_0_75.jpg,Il viaggio del coraggio,Rosa Annecca,Youcanprint,2026,,https://www.ibs.it/viaggio-del-coraggio-libro-rosa-annecca/e/9791224091028,False,2026-10-05
Altri Editori,https://www.ibs.it/images/9791224057123_0_0_150_0_75.jpg,Hierbas para fumar en cigarrillos botánicos. El herbario del fumador consciente,Emanuela Sola,Youcanprint,2026,,https://www.ibs.it/hierbas-para-fumar-en-cigarrillos-libro-emanuela-sola/e/9791224057123,False,2026-10-02
Altri Editori,https://www.ibs.it/images/9788894271638_0_0_150_0_75.jpg,Non ti lascio solo,Gino Aldi,Zetema Edizioni,2026,,https://www.ibs.it/non-ti-lascio-solo-libro-gino-aldi/e/9788894271638,False,2026-10-05
Altri Editori,https://www.ibs.it/images/9791298656093_0_0_150_0_75.jpg,"PNL estratégica. El filo invisible. Vol. 1-2: Lo que guía, sin que lo veas, tus pensamientos, tu comunicación y tus resultados",Giovanni Ceroni,Invisible Blade Ceroni Publishing,2026,,https://www.ibs.it/pnl-estrategica-el-filo-invisible-libro-giovanni-ceroni/e/9791298656093,True,2026-10-06
Altri Editori,https://www.ibs.it/images/9791257262471_0_0_150_0_75.jpg,Il mio kumite con l’epilessia,Sara Consonni,PubMe,2026,,https://www.ibs.it/mio-kumite-con-epilessia-libro-sara-consonni/e/9791257262471,True,2026-10-06
Altri Editori,https://www.ibs.it/images/9791257240240_0_0_150_0_75.jpg,"Feel-Good-Eating in der Menopause Basiswissen und 55 Rezepte, die guttun",Jenn Salib Huber,Raetia,2026,,https://www.ibs.it/feel-good-eating-in-der-libro-jenn-salib-huber/e/9791257240240,True,2026-10-06
Altri Editori,https://www.ibs.it/images/9791224800453_0_0_150_0_75.jpg,Gestire il sinistro in carrozzeria,Luigi Longhitano,Youcanprint,2026,,https://www.ibs.it/gestire-sinistro-in-carrozzeria-libro-luigi-longhitano/e/9791224800453,True,2026-10-06
Altri Editori,https://www.ibs.it/images/9791224094708_0_0_150_0_75.jpg,Un pensiero alla volta,Sissy,Youcanprint,2026,,https://www.ibs.it/pensiero-alla-volta-libro-sissy/e/9791224094708,True,2026-10-06
Altri Editori,https://www.ibs.it/images/9788882415860_0_0_150_0_75.jpg,Educare alla relazione nella differenza uomo-donna,N/D,Sciascia,2026,,https://www.ibs.it/educare-alla-relazione-nella-differenza-libro-vari/e/9788882415860,False,2026-10-02
Altri Editori,https://www.ibs.it/images/9791282526166_0_0_150_0_75.jpg,10 regole per avere successo ed essere padroni del proprio,Gianluca Barrington,Heisenberg Editore,2026,,https://www.ibs.it/10-regole-per-avere-successo-libro-gianluca-barrington/e/9791282526166,True,2026-10-06
Altri Editori,https://www.ibs.it/images/9791257021108_0_0_150_0_75.jpg,Memorie non autorizzate. Oltre il controllo della coscienza: guida per l'anima per ritrovare se stessa,Giulia Grigatti,TRIBAL EDIZIONI,2026,,https://www.ibs.it/memorie-non-autorizzate-oltre-controllo-libro-giulia-grigatti/e/9791257021108,False,2026-10-02
Altri Editori,https://www.ibs.it/images/9791257021085_0_0_150_0_75.jpg,Libertà dalle illusioni. Dalla prigione sociale al risveglio della consapevolezza individuale,Osho,TRIBAL EDIZIONI,2026,,https://www.ibs.it/liberta-dalle-illusioni-dalla-prigione-libro-osho/e/9791257021085,False,2026-10-02
Altri Editori,https://www.ibs.it/images/9791298604087_0_0_150_0_75.jpg,Come ho imparato a volare,Masha Kudry,M.A editions,2026,,https://www.ibs.it/come-ho-imparato-a-volare-libro-masha-kudry/e/9791298604087,False,2026-09-30
Altri Editori,https://www.ibs.it/images/9791282774086_0_0_150_0_75.jpg,Allena la tua postura con il respiro. 40 esercizi di ginnastica posturale a corpo libero,Vanni Jeni,Posturafacile Edizioni,2026,,https://www.ibs.it/allena-tua-postura-con-respiro-libro-vanni-jeni/e/9791282774086,True,2026-10-06
Altri Editori,https://www.ibs.it/images/9791280628299_0_0_150_0_75.jpg,La tiroide e «dintorni». Dalla teoria alla pratica con 123 domande e risposte,Stefano Biasioli,Di Leandro & Partners Società Editrice,2026,,https://www.ibs.it/tiroide-dintorni-dalla-teoria-alla-libro-stefano-biasioli/e/9791280628299,False,2026-10-01
Altri Editori,https://www.ibs.it/images/9791224348351_0_0_150_0_75.jpg,Guida sicura. Manuale pratico per le uscite turistiche e tecniche di guida per moto di grande cilindrata,N/D,BMW Motorrad Club Partenope,2026,,https://www.ibs.it/guida-sicura-manuale-pratico-per-libro-vari/e/9791224348351,False,2026-09-30
Altri Editori,https://www.ibs.it/images/9788899174552_0_0_150_0_75.jpg,12 strategie semplici per cambiare la tua vita,Brian Proctor,RP Publishing,2026,,https://www.ibs.it/12-strategie-semplici-per-cambiare-libro-brian-proctor/e/9788899174552,True,2026-10-06
Altri Editori,https://www.ibs.it/images/9788895425368_0_0_150_0_75.jpg,Breaking free. Come liberarsi dal gioco d'azzardo,N/D,Publiedit,2026,,https://www.ibs.it/breaking-free-come-liberarsi-dal-libro-vari/e/9788895425368,False,2026-10-02
Editori Selezionati,https://www.ibs.it/images/9788806271077_0_0_150_0_75.jpg,Francesco. Il Cantico,Roberto Benigni,Einaudi,2026,"Roberto Benigni Un viaggio pieno di sorprese attraverso la breve e avventurosa vita del santo piú famoso della cristianità. Un libro appassionato e poetico che culmina nella lettura e nel commento del Cantico delle creature : un inno d'amore per il creato che ancora oggi, dopo ottocento anni, colpisce ed emoziona per la modernità del suo messaggio. Non un mistico ingenuo e visionario, ma un uomo vitale e combattivo, innamorato di Dio, degli uomini, della natura. Un «sovversivo» che decide di abbandonare ricchezze e privilegi per farsi ultimo tra gli ultimi, promettendo a chi lo segue una nuova felicità: una felicità inedita e scandalosa anche per la Chiesa, che a lungo censurò le testimonianze di chi lo aveva conosciuto. È questo il ritratto del frate di Assisi che emerge dalle pagine di Francesco. Il Cantico , un'opera che vibra tra racconto, poesia e preghiera. Un gesto d'amore verso la parola, la bellezza, la possibilità di credere ancora nella luce. Roberto Benigni narra la vita di Francesco con tenerezza, stupore, e con un'urgenza tutta contemporanea: tra slanci comici e momenti di intensa commozione, la sua voce sembra cercare nel passato una risposta al disincanto del presente.",https://www.ibs.it/francesco-cantico-libro-roberto-benigni/e/9788806271077,True,2026-10-06
Altri Editori,https://www.ibs.it/images/9791259964984_0_0_150_0_75.jpg,Cammini di Francesco. L'atlante completo con tutti gli itinerari,N/D,Terre di Mezzo,2026,,https://www.ibs.it/cammini-di-francesco-atlante-completo-libro-vari/e/9791259964984,False,2026-10-03
Altri Editori,https://www.ibs.it/images/9791282434034_0_0_150_0_75.jpg,Il piccolo libro di Sadhguru,N/D,Crêuza de mä Edizioni,2026,,https://www.ibs.it/piccolo-libro-di-sadhguru-libro-vari/e/9791282434034,False,2026-10-02
Altri Editori,https://www.ibs.it/images/9788868948641_0_0_150_0_75.jpg,Una pietra per volta. Fondare la vita sui dieci comandamenti,N/D,Centro Ambrosiano,2026,,https://www.ibs.it/pietra-per-volta-fondare-vita-libro-vari/e/9788868948641,False,2026-09-29
Altri Editori,https://www.ibs.it/images/9791259628428_0_0_150_0_75.jpg,San Rocco. Le risposte al cuore nell'incontro con Cristo,Francesco Antonio Marcone,Cantagalli,2026,,https://www.ibs.it/san-rocco-risposte-al-cuore-libro-francesco-antonio-marcone/e/9791259628428,False,2026-10-03
Altri Editori,https://www.ibs.it/images/9788854985490_0_0_150_0_75.jpg,Scritti essenziali,Francesco d'Assisi (san),Edizioni Theoria,2026,,https://www.ibs.it/scritti-essenziali-libro-francesco-d-assisi-san/e/9788854985490,True,2026-10-06
Editori Selezionati,https://www.ibs.it/images/9788837241681_0_0_150_0_75.jpg,Dio nei doppi pensieri,"Bruno Forte,Massimo Cacciari",Morcelliana,2026,"Per decenni docente all'Università di Urbino, Italo Mancini (1925-1993) è stato tra i maggiori filosofi e teologi della seconda metà del Novecento. A lui la cultura italiana deve la scoperta di autori come Karl Barth, Dietrich Bonhoeffer e Rudolf Bultmann, in opere dove la filosofia poneva la domanda su Dio, e la teologia non dimenticava il rigore dei concetti. Un cammino che ha portato Mancini a riflettere su – e a far propria – un'espressione di Pascal e Dostoevskij: “Dio nei doppi pensieri”. In Dio coabitano i contrari, la miseria e la gloria, la perdizione e la salvezza. Pensieri abissali che, secondo Massimo Cacciari e Bruno Forte, mostrano l'eredità di Mancini, la sua attualità.",https://www.ibs.it/dio-nei-doppi-pensieri-libro-bruno-forte-massimo-cacciari/e/9788837241681,False,2026-10-03
Altri Editori,https://www.ibs.it/images/9788831135610_0_0_150_0_75.jpg,Teologia della bellezza. Aspetti centrali del pensiero di Hans Urs von Balthasar,Rodrigo Polanco,Città Nuova,2026,,https://www.ibs.it/teologia-della-bellezza-aspetti-centrali-libro-rodrigo-polanco/e/9788831135610,False,2026-10-03
Altri Editori,https://www.ibs.it/images/9791280611819_0_0_150_0_75.jpg,Frammenti di una religione universale,Annie Besant,Iduna,2026,,https://www.ibs.it/frammenti-di-religione-universale-libro-annie-besant/e/9791280611819,False,2026-10-01
Altri Editori,https://www.ibs.it/images/9791259628435_0_0_150_0_75.jpg,La buona notizia di Gesù. I vangeli riuniti in un unico racconto,Giuseppe Sandri,Cantagalli,2026,,https://www.ibs.it/buona-notizia-di-gesu-vangeli-libro-giuseppe-sandri/e/9791259628435,False,2026-10-03
Altri Editori,https://www.ibs.it/images/9791257500313_0_0_150_0_75.jpg,Il libro di Giobbe. Accompagnato da «The book of Job» di William Blake,N/D,SE,2026,,https://www.ibs.it/libro-di-giobbe-accompagnato-da-libro-vari/e/9791257500313,True,2026-10-06
Altri Editori,https://www.ibs.it/images/9788833365305_0_0_150_0_75.jpg,Il servizio,Bernardino Del Boca,L'Età dell'Acquario,2026,,https://www.ibs.it/servizio-libro-bernardino-del-boca/e/9788833365305,False,2026-10-03
Altri Editori,https://www.ibs.it/images/9788801070040_0_0_150_0_75.jpg,Testimoni di speranza disarmata. Elia Comini e Martino Capelli fratelli nel martirio,Lodovica Maria Zanet,Editrice Elledici,2026,,https://www.ibs.it/testimoni-di-speranza-disarmata-elia-libro-lodovica-maria-zanet/e/9788801070040,False,2026-09-29
Altri Editori,https://www.ibs.it/images/9788839917768_0_0_150_0_75.jpg,Teologie dell'India,"Emanuele Giordana,Paolo Trianni",Queriniana,2026,,https://www.ibs.it/teologie-dell-india-libro-emanuele-giordana-paolo-trianni/e/9788839917768,False,2026-09-29
Editori Selezionati,https://www.ibs.it/images/9788892249288_0_0_150_0_75.jpg,Youcat love forever. Ediz. italiana,N/D,San Paolo Edizioni,2026,"Ritorna la serie YouCat, il catechismo scritto dai giovani per i giovani, in un nuovo volume che risponde a domande, timori e curiosità sul sacramento del matrimonio. A partire dall'esperienza di una serie di coppie sposate, presbiteri e teologi provenienti da ogni parte del mondo, e con una Premessa di Papa Francesco, il libro offre spunti di riflessione e una guida pratica sul cammino verso un amore duraturo e sincero. Grazie a un linguaggio fresco e accattivante e a una struttura a “domanda e risposta"", che non snatura il contenuto di documenti della Chiesa come Familiaris consortio,Deus caritas est e Amoris laetitiae, questo volume si prefigge lo scopo di guidare i giovani adulti attraverso tutte le sfaccettature della vita da single e di coppia.",https://www.ibs.it/youcat-love-forever-ediz-italiana-libro-vari/e/9788892249288,False,2026-09-29
Altri Editori,https://www.ibs.it/images/9791259628138_0_0_150_0_75.jpg,Breve storia della messa secondo il rito romano,Uwe Michael Lang,Cantagalli,2026,,https://www.ibs.it/breve-storia-della-messa-secondo-libro-uwe-michael-lang/e/9791259628138,False,2026-10-03
Altri Editori,https://www.ibs.it/images/9788839924261_0_0_150_0_75.jpg,Teologia morale e liturgia,"Andrea Grillo,Matteo Martino",Queriniana,2026,,https://www.ibs.it/teologia-morale-liturgia-libro-andrea-grillo-matteo-martino/e/9788839924261,False,2026-09-29
Altri Editori,https://www.ibs.it/images/9788839924155_0_0_150_0_75.jpg,Nuovo corso di teologia sistematica. Vol. 15: Teologia pastorale. Le forme pratiche della mediazione ecclesiale,Paolo Carrara,Queriniana,2026,,https://www.ibs.it/nuovo-corso-di-teologia-sistematica-libro-paolo-carrara/e/9788839924155,False,2026-09-29
Altri Editori,https://www.ibs.it/images/9788839932501_0_0_150_0_75.jpg,Maria come non l'avete mai vista,"Anne Soupa,Sylvaine Landrivon",Queriniana,2026,,https://www.ibs.it/maria-come-non-avete-mai-libro-anne-soupa-sylvaine-landrivon/e/9788839932501,False,2026-09-29
Altri Editori,https://www.ibs.it/images/9791280497543_0_0_150_0_75.jpg,La resistenza al cristianesimo. Le eresie dalle origini al XVIII secolo,Raoul Vaneigem,Edizioni Malamente,2026,,https://www.ibs.it/resistenza-al-cristianesimo-eresie-dalle-libro-raoul-vaneigem/e/9791280497543,False,2026-09-30
Altri Editori,https://www.ibs.it/images/9788871055572_0_0_150_0_75.jpg,«Discese agli inferi». Provocazione della storia e pathos divino in Hans Urs von Balthasar,Mario Allolio,Glossa,2026,,https://www.ibs.it/discese-agli-inferi-provocazione-della-libro-mario-allolio/e/9788871055572,False,2026-09-29
Editori Selezionati,https://www.ibs.it/images/9788892251649_0_0_150_0_75.jpg,La Bibbia dell'amicizia. Brani del Nuovo Testamento commentati da ebrei e cristiani,"Marco Morselli Cassutto,Massimo Gargiulo,Giulio Michelini",San Paolo Edizioni,2026,"Un commento alla Bibbia scritto a più mani da ebrei e da cristiani rappresenta, nel panorama italiano, e non solo, una novità. Il progetto de La Bibbia dell'Amicizia nasce dall'incontro di due realtà: l'amore per la Parola di Dio e l'amicizia tra ebrei e cristiani. In questo momento storico, con il ritorno di pregiudizi antisemiti e una crescente ignoranza del testo biblico, una collaborazione tra studiosi delle due religioni monoteiste che condividono buona parte delle Scritture è un segno importante. Dopo il successo dei primi tre volumi, tradotti anche in brasiliano, portoghese e romeno, in questo quarto volume cinquanta studiosi commentano passi del Nuovo Testamento scelti tra i più significativi. Lo scopo non è quello di arrivare a una lettura unificata nella quale le diversità si stemperino fino ad annullarsi, ma quello di conoscersi meglio, di conoscere meglio le rispettive letture e interpretazioni, accettando che esse possano essere diverse. Prefazioni di David Sandmel e Etienne Veto. Postfazione di Liliana Segre.",https://www.ibs.it/bibbia-dell-amicizia-brani-del-libro-vari/e/9788892251649,False,2026-09-29
Altri Editori,https://www.ibs.it/images/9791256751419_0_0_150_0_75.jpg,"Francesco d'Assisi. Una scomoda eredità, una proposta di vita",Katia Roncalli,Effatà Editrice,2026,,https://www.ibs.it/francesco-d-assisi-scomoda-eredita-libro-katia-roncalli/e/9791256751419,False,2026-10-03
Editori Selezionati,https://www.ibs.it/images/9788892252431_0_0_150_0_75.jpg,Una Chiesa in cammino. Discorso di Leone XIV all'82ª Assemblea Generale della CEI,N/D,San Paolo Edizioni,2026,"“Questo volume, voluto e realizzato dalla Conferenza Episcopale Italiana, raccoglie tre testi diversi per natura e responsabilità, proponendoli in ordine cronologico inverso: il Discorso rivolto da Papa Leone XIV all'82ª Assemblea Generale della Conferenza Episcopale Italiana; le Linee di orientamento Radicati e costruiti in Cristo; il Documento di sintesi del Cammino sinodale Lievito di pace e di speranza. La scelta non è casuale: nelle indicazioni del Pontefice sono infatti racchiusi e rilanciati il discernimento dei Vescovi e i passi compiuti dalle comunità durante il Cammino sinodale con le scelte che ne sono derivate. Per questo, è importante leggere insieme i testi. Non sono a sé stanti; sono passaggi distinti di un unico discernimento ecclesiale, che ha coinvolto la parola di Pietro, il ministero dei Pastori e il Popolo di Dio"". Matteo Maria Card. Zuppi Presidente della Conferenza Episcopale Italiana.",https://www.ibs.it/chiesa-in-cammino-discorso-di-libro-vari/e/9788892252431,False,2026-09-30
Editori Selezionati,https://www.ibs.it/images/9788892251687_0_0_150_0_75.jpg,Avvento e Natale 2026-2027. Sussidio liturgico-pastorale,Valentina Angelucci,San Paolo Edizioni,2026,"Il sussidio liturgico-pastorale per il tempo di Avvento e Natale accompagna il cammino della Chiesa lungo l'Anno liturgico, offrendo strumenti di meditazione, preghiera e approfondimento per vivere con maggiore consapevolezza questo tempo di attesa e di gioia. Il volume propone: un'introduzione ai tempi liturgici di Avvento e Natale; lectio divina e catechesi sui vangeli domenicali; attualizzazione dei testi biblici con spunti di evangelizzazione; riflessioni sulle musiche natalizie per la liturgia; itinerari di preghiera personale per la sera; riferimenti liturgici per i riti Romano e Ambrosiano; rosari per l'Avvento e il Natale; novena di Natale e celebrazioni delle solennità; una veglia di Natale; proposte di lettura e meditazione per approfondire il rapporto con Gesù durante il tempo natalizio.",https://www.ibs.it/avvento-natale-2026-2027-sussidio-libro-valentina-angelucci/e/9788892251687,False,2026-09-29
Editori Selezionati,https://www.ibs.it/images/9788892251083_0_0_150_0_75.jpg,Cristianesimo controcorrente. Pensieri sul destino dell'uomo,Livio Fanzaga,San Paolo Edizioni,2026,"Questo libretto ripercorre, con pensieri brevi e spesso pungenti, le verità cristiane fondamentali, soprattutto quelle più dimenticate. Un certo cristianesimo secolarizzato le considera fuori moda. In realtà sono quelle che rischiarano di luce soprannaturale la vita dell'uomo e il suo destino. Non c'è neppure una parola di Gesù che sia superata. ""Cielo e terra passeranno, ma le mie parole non passeranno"".",https://www.ibs.it/cristianesimo-controcorrente-pensieri-sul-destino-libro-livio-fanzaga/e/9788892251083,False,2026-09-29
Editori Selezionati,https://www.ibs.it/images/9788892250727_0_0_150_0_75.jpg,Nel mondo ma non del mondo,N/D,San Paolo Edizioni,2026,"Tra i riferimenti più importanti per comprendere le origini del cristianesimo gli autori dei primi scritti cristiani di poco successivi al Nuovo Testamento sono fondamentali: parliamo del piccolo trattato della Didachè, della lettera e del racconto del Martirio di san Policarpo, delle lettere di san Clemente Romano, di sant'Ignazio di Antiochia e di Barnaba, oltre a quella, di autore ignoto, a Diogneto. Questi testi vengono qui riproposti in una edizione, corredata da schede che aiutano la comprensione e la possibilità di utilizzo per i singoli e nelle comunità cristiane di oggi. Il volume è il primo di una serie con la quale la casa editrice intende riproporre ai suoi lettori e lettrici gli scritti fondamentali della Chiesa dei primi secoli, non come opere appartenenti a un lontano passato, da tramandare passivamente, ma come testi vivi, preziosi tanto per la loro originalità quanto per la capacità di parlare ancora oggi agli uomini e alle donne di fede.",https://www.ibs.it/nel-mondo-ma-non-del-libro-vari/e/9788892250727,False,2026-09-29
Altri Editori,https://www.ibs.it/images/9788864343532_0_0_150_0_75.jpg,L'apparire dell'Eterno. Virtualità e attualità di Tommaso d'Aquino,N/D,Nerbini,2026,,https://www.ibs.it/apparire-dell-eterno-virtualita-attualita-libro-vari/e/9788864343532,True,2026-10-06
Altri Editori,https://www.ibs.it/images/9788863664676_0_0_150_0_75.jpg,Come scoprire il silenzio interiore,Anselm Grün,Gribaudi,2026,,https://www.ibs.it/come-scoprire-silenzio-interiore-libro-anselm-grun/e/9788863664676,False,2026-10-01
Altri Editori,https://www.ibs.it/images/9788851432416_0_0_150_0_75.jpg,Solo Dio ci può salvare? Da Babele a Gerusalemme. L'intelligenza artificiale alla luce di Magnifica Humanitas,Vincenzo Paglia,Ancora,2026,,https://www.ibs.it/solo-dio-ci-puo-salvare-libro-vincenzo-paglia/e/9788851432416,False,2026-10-02
Altri Editori,https://www.ibs.it/images/9788839911148_0_0_150_0_75.jpg,Presenza reale eucaristica e atto d'essere. Che cosa accade quando la chiesa celebra l'eucaristia? Una nuova risposta in dialogo con Tommaso d'Aquino in vista della conciliazione tra teologia sistematica e teologia liturgica,Dall'Olio Paolo,Queriniana,2026,,https://www.ibs.it/presenza-reale-eucaristica-atto-d-libro-dall-olio-paolo/e/9788839911148,False,2026-10-02
Editori Selezionati,https://www.ibs.it/images/9788834363638_0_0_150_0_75.jpg,Il Cantico delle creature e la poesia del mondo,"Piero Boitani,Giuseppe Bonfrate,Jean-Pierre Sonnet",Vita e Pensiero,2026,"Sin da quando fu composto, il Cantico delle creature di Francesco d’Assisi ha incantato per l’assoluta semplicità e il candore poetico, ma in realtà è un testo complesso e dalle mille risonanze teologiche e poetiche, come intende mostrare questo libro composto di tre capitoli dovuti a un teologo, un biblista e un critico letterario. Giuseppe Bonfrate rintraccia l’eco del Cantico nella poesia contemporanea di Mariangela Gualtieri e in quella del passato prossimo, da Borges a Whitman, sino a un altro Francesco, il Papa che per primo ha scelto il nome del Povero di Assisi, autore di un’enciclica intitolata appunto Laudato si’. Jean-Pierre Sonnet, unendo sensibilità poetica e sapienza biblica e teologica, mostra come la lode che scandisce il Cantico è quella che avvolge Dio, il canto di tutta la creazione ‘risvegliato’ da Francesco. Il Cantico è certo unico nella poesia del mondo, ma i suoi elementi, come i semi di tanti fiori, sono sparsi ovunque, e Piero Boitani li ritrova qui in un volo che risale dagli Inni omerici a Lucrezio, da Alain de Lille a Boezio, dalla poesia del Medioevo irlandese a Dante, per arrivare ai cantori moderni, come Rilke e Cardenal, fino a Marina Cvetaeva che scriveva: «Ti ringrazio, Signore, per l’Oceano e la Terra, / […]. Ti ringrazio per l’amore. / Ti ringrazio per ogni tempo».",https://www.ibs.it/cantico-delle-creature-poesia-del-libro-vari/e/9788834363638,True,2026-10-06
Altri Editori,https://www.ibs.it/images/9791282625036_0_0_150_0_75.jpg,Nel segno del Tau. Chronica de beato Francisco in civitate Pistoria,Umberto Grieco,La Traccia Buona,2026,,https://www.ibs.it/nel-segno-del-tau-chronica-libro-umberto-grieco/e/9791282625036,False,2026-10-05
Altri Editori,https://www.ibs.it/images/9791281917514_0_0_150_0_75.jpg,Voi chi dite che io sia?,"MichaelDavide Semeraro,Luca Gazzoni",Sanpino,2026,,https://www.ibs.it/voi-chi-dite-che-io-libro-michaeldavide-semeraro-luca-gazzoni/e/9791281917514,False,2026-09-30
Altri Editori,https://www.ibs.it/images/9791281658318_0_0_150_0_75.jpg,Un giovane santo di 800 anni,"Felice Accrocca,Francesco Gallo Mazzeo",Ignazio Pappalardo Editore,2026,,https://www.ibs.it/giovane-santo-di-800-anni-libro-felice-accrocca-francesco-gallo-mazzeo/e/9791281658318,False,2026-10-05
Altri Editori,https://www.ibs.it/images/9791281618749_0_0_150_0_75.jpg,La vita nuova nello spirito. Calendario 2027,N/D,Edizioni RnS,2026,,https://www.ibs.it/vita-nuova-nello-spirito-calendario-libro-vari/e/9791281618749,False,2026-09-30
Altri Editori,https://www.ibs.it/images/9791280818126_0_0_150_0_75.jpg,Padre Pio 25 anni di santità. Calendario da muro 2027. Ediz. illustrata,Fondazione Voce di Padre Pio,Voce di Padre Pio,2026,,https://www.ibs.it/padre-pio-25-anni-di-libro-fondazione-voce-di-padre-pio/e/9791280818126,False,2026-09-30
Altri Editori,https://www.ibs.it/images/9791259756237_0_0_150_0_75.jpg,I bambini sono i baci di Dio. La tenerezza divina che si rivela nella semplicità di cuore,Bien-Aime Bienneuse,Tau,2026,,https://www.ibs.it/bambini-sono-baci-di-dio-libro-bien-aime-bienneuse/e/9791259756237,False,2026-10-02
Altri Editori,https://www.ibs.it/images/9791259755957_0_0_150_0_75.jpg,Anime di cristi e spose. Per un rinnovamento della Chiesa,Ottavio De Bertolis,Tau,2026,,https://www.ibs.it/anime-di-cristi-spose-per-libro-ottavio-de-bertolis/e/9791259755957,False,2026-09-30
Altri Editori,https://www.ibs.it/images/9791257894375_0_0_150_0_75.jpg,Bellezza della croce. Da arbor infelix ad Arbor Vitae. Itinerario tra arte-Vangeli-poesia. L’arte come via privilegiata di evangelizzazione,Antonio G. Miele,EBS Print,2026,,https://www.ibs.it/bellezza-della-croce-da-arbor-libro-antonio-g-miele/e/9791257894375,False,2026-10-01
Altri Editori,https://www.ibs.it/images/9791257893873_0_0_150_0_75.jpg,Ecclesiologia nella storia. Lessico teologico-evolutivo. Vol. 1: Dal IV al XIX secolo,Giuseppe Tartamella,EBS Print,2026,,https://www.ibs.it/ecclesiologia-nella-storia-lessico-teologico-libro-giuseppe-tartamella/e/9791257893873,False,2026-10-01
Altri Editori,https://www.ibs.it/images/9791256922130_0_0_150_0_75.jpg,"Technai, arti e scienze tra filosofia e società",N/D,Moebius,2026,,https://www.ibs.it/technai-arti-scienze-tra-filosofia-libro-vari/e/9791256922130,False,2026-10-01
Altri Editori,https://www.ibs.it/images/9791256450602_0_0_150_0_75.jpg,Commenti ai vangeli,Angelo Comastri,OasiApp La Pietra d'Angolo,2026,,https://www.ibs.it/commenti-ai-vangeli-libro-angelo-comastri/e/9791256450602,False,2026-09-30
Altri Editori,https://www.ibs.it/images/9791255083887_0_0_150_0_75.jpg,"Il Cristo ri-crocifisso. Rotto e trasfigurato, trafugato, al centro, glorificato, crocifisso nel Santo Natale",Pasquale Perfetti,Velar,2026,,https://www.ibs.it/cristo-ri-crocifisso-rotto-trasfigurato-libro-pasquale-perfetti/e/9791255083887,False,2026-10-02
Altri Editori,https://www.ibs.it/images/9791255083832_0_0_150_0_75.jpg,Don Davide De Marchi. «Un prete straordinario»,Evelino Dal Bon,Velar,2026,,https://www.ibs.it/don-davide-de-marchi-prete-libro-evelino-dal-bon/e/9791255083832,False,2026-10-02
Altri Editori,https://www.ibs.it/images/9791255083801_0_0_150_0_75.jpg,LA basilique de San Giulio Abbaye Mater Ecclesiae. Île De San Giulio Orta (Novare),Anna Maria Cànopi,Velar,2026,,https://www.ibs.it/basilique-de-san-giulio-abbaye-libro-anna-maria-canopi/e/9791255083801,False,2026-10-02
Altri Editori,https://www.ibs.it/images/9791254751695_0_0_150_0_75.jpg,"Il peccato originale. Viaggio irrituale ai confini dell'ortodossia alla ricerca di un (difficile) equilibrio tra fede, ragione e rivelazione",Sandro Pomiato,Casa Editrice il Filo di Arianna,2026,,https://www.ibs.it/peccato-originale-viaggio-irrituale-ai-libro-sandro-pomiato/e/9791254751695,False,2026-10-03
Editori Selezionati,https://www.ibs.it/images/9788892251618_0_0_150_0_75.jpg,Stupore. Sguardo per la vita,Ezio Aceti,San Paolo Edizioni,2026,"In un tempo in cui il rumore sembra soffocare il senso, è ancora possibile meravigliarsi? Tra smarrimento, fragilità e inquietudine, l'uomo contemporaneo rischia di perdere la capacità di riconoscere la bellezza nascosta nella vita quotidiana. Eppure, esiste una via capace di riaprire il cuore e illuminare lo sguardo: lo stupore. Ezio Aceti accompagna il lettore in un intenso percorso spirituale e umano alla riscoperta di quella meraviglia originaria che appartiene all'infanzia, alla purezza del cuore e alla vera sapienza. Attraverso riflessioni profonde e concrete, l'autore invita a guardare la realtà con occhi nuovi, accogliendone le luci e le ombre, i limiti e le possibilità. Pagina dopo pagina emerge una convinzione semplice e potente: non è necessario fuggire il mondo per ritrovare speranza, ma imparare ad abitarlo con uno sguardo rinnovato. In questo cammino, lo Spirito Santo si rivela presenza viva e trasformante, sorgente di una meraviglia che rigenera, consola e restituisce all'esistenza il suo significato più autentico. Un libro che invita a fermarsi, contemplare e riscoprire il dono straordinario di essere vivi.",https://www.ibs.it/stupore-sguardo-per-vita-libro-ezio-aceti/e/9788892251618,False,2026-09-29
Altri Editori,https://www.ibs.it/images/9788884249661_0_0_150_0_75.jpg,Oscar Romero testimone di fede...Fino al martirio,Nicoletta Lattuada,Mimep-Docete,2026,,https://www.ibs.it/oscar-romero-testimone-di-fedefino-libro-nicoletta-lattuada/e/9788884249661,False,2026-09-30
Altri Editori,https://www.ibs.it/images/9788874242238_0_0_150_0_75.jpg,Disarmiamo il cuore. La pace possibile nello spirito di san Francesco,"Ibrahim Faltas,Pierluigi Senatore",Aliberti Editore,2026,,https://www.ibs.it/disarmiamo-cuore-pace-possibile-nello-libro-ibrahim-faltas-pierluigi-senatore/e/9788874242238,False,2026-09-30
Altri Editori,https://www.ibs.it/images/9788868948825_0_0_150_0_75.jpg,La sapienza ama tutti,Claudio Stercal,Centro Ambrosiano,2026,,https://www.ibs.it/sapienza-ama-tutti-libro-claudio-stercal/e/9788868948825,False,2026-09-30
Altri Editori,https://www.ibs.it/images/9788868948771_0_0_150_0_75.jpg,Vivere il mondo abitare l'oltre. Quasi un manuale per la resistenza,"Mario Delpini,Silvano Petrosino",Centro Ambrosiano,2026,,https://www.ibs.it/vivere-mondo-abitare-oltre-quasi-libro-mario-delpini-silvano-petrosino/e/9788868948771,False,2026-09-30
Altri Editori,https://www.ibs.it/images/9788863664652_0_0_150_0_75.jpg,Accrescere la propria vita spirituale. Meditazioni per tutto l'anno,Jacques Philippe,Gribaudi,2026,,https://www.ibs.it/accrescere-propria-vita-spirituale-meditazioni-libro-jacques-philippe/e/9788863664652,False,2026-10-01
Altri Editori,https://www.ibs.it/images/9788851432096_0_0_150_0_75.jpg,"Formazione degli insegnanti di religione cattolica. Sussidio per gli insegnanti della scuola dell'infanzia, della scuola primaria e della scuola secondaria di primo e di secondo grado (2025). Vol. 7",N/D,Ancora,2026,,https://www.ibs.it/formazione-degli-insegnanti-di-religione-libro-vari/e/9788851432096,False,2026-09-30
Altri Editori,https://www.ibs.it/images/9788849890303_0_0_150_0_75.jpg,L'armonauta. Diario di bordo 2025,Francesco Cicione,Rubbettino,2026,,https://www.ibs.it/armonauta-diario-di-bordo-2025-libro-francesco-cicione/e/9788849890303,False,2026-10-02
Altri Editori,https://www.ibs.it/images/9788827012789_0_0_150_0_75.jpg,Con la forza delle virtù,Luca Lucchini,Porziuncola,2026,,https://www.ibs.it/con-forza-delle-virtu-libro-luca-lucchini/e/9788827012789,False,2026-09-30
Editori Selezionati,https://www.ibs.it/images/9788826610382_0_0_150_0_75.jpg,La gioia è insieme. 365 pensieri per la vita,Leone XIV (Robert Francis Prevost),Libreria Editrice Vaticana,2026,"Brevi pensieri di Papa Leone XIV, uno al giorno, per un anno intero, in occasione del primo anniversario della sua elezione al soglio pontificio (8 maggio 2026). In questi pensieri, tratti da suoi discorsi e omelie, si condensa la sapienza evangelica di Papa Prevost, in particolare la sua attenzione alla vita interiore, sulla scia di Sant'Agostino.",https://www.ibs.it/gioia-insieme-365-pensieri-per-libro-leone-xiv-robert-francis-prevost/e/9788826610382,False,2026-10-01
Altri Editori,https://www.ibs.it/images/9791224803270_0_0_150_0_75.jpg,St. Thomas Becket di Canterbury,Domenico Scapati,Youcanprint,2026,,https://www.ibs.it/st-thomas-becket-di-canterbury-libro-domenico-scapati/e/9791224803270,False,2026-10-01
Altri Editori,https://www.ibs.it/images/9791224801870_0_0_150_0_75.jpg,"Pietre, frammenti di un cammino iniziatico",Giovanni Amolini,Youcanprint,2026,,https://www.ibs.it/pietre-frammenti-di-cammino-iniziatico-libro-giovanni-amolini/e/9791224801870,False,2026-10-05
Altri Editori,https://www.ibs.it/images/9791224736189_0_0_150_0_75.jpg,Atti degli apostati. Nelle chiese del XXI secolo,Antonino Taverna,StreetLib,2026,,https://www.ibs.it/atti-degli-apostati-nelle-chiese-libro-antonino-taverna/e/9791224736189,False,2026-10-05
Altri Editori,https://www.ibs.it/images/9791224095071_0_0_150_0_75.jpg,La religiosità cosmica di Albert Einstein,Lorenzo Guagnano,Youcanprint,2026,,https://www.ibs.it/religiosita-cosmica-di-albert-einstein-libro-lorenzo-guagnano/e/9791224095071,False,2026-10-01
Altri Editori,https://www.ibs.it/images/9791224093879_0_0_150_0_75.jpg,Francesco d'Assisi. Il santo che non abbiamo ancora capito. Vol. 1: Storia e memoria,Gabriele Vitella,Youcanprint,2026,,https://www.ibs.it/francesco-d-assisi-santo-che-libro-gabriele-vitella/e/9791224093879,False,2026-10-01
Altri Editori,https://www.ibs.it/images/9791222819891_0_0_150_0_75.jpg,Esercizi spirituali di S. Ignazio di Loyola in corretto siciliano. Ediz. italiana e siciliana,Lucia Tardino,ilmiolibro self publishing,2026,,https://www.ibs.it/esercizi-spirituali-di-s-ignazio-libro-lucia-tardino/e/9791222819891,False,2026-10-05
Altri Editori,https://www.ibs.it/images/9791282715010_0_0_150_0_75.jpg,Ieratikon,N/D,Edizioni Diakonia,2026,,https://www.ibs.it/ieratikon-libro-vari/e/9791282715010,True,2026-10-06
Altri Editori,https://www.ibs.it/images/9791282492133_0_0_150_0_75.jpg,Francesco D'Assisi. Una luce inattesa nelle tenebre del XIII secolo,Giovambattista Di Noi,Secop,2026,,https://www.ibs.it/francesco-d-assisi-luce-inattesa-libro-giovambattista-di-noi/e/9791282492133,True,2026-10-06
Altri Editori,https://www.ibs.it/images/9791282084338_0_0_150_0_75.jpg,Laudate opere bone,N/D,EFG,2026,,https://www.ibs.it/laudate-opere-bone-libro-vari/e/9791282084338,True,2026-10-06
Altri Editori,https://www.ibs.it/images/9791280321794_0_0_150_0_75.jpg,Navigare in mare aperto. Storie e parole del pensiero cristiano per ritrovare la rotta,Giuseppe Trapani,Pragmata,2026,,https://www.ibs.it/navigare-in-mare-aperto-storie-libro-giuseppe-trapani/e/9791280321794,False,2026-10-02
Altri Editori,https://www.ibs.it/images/9791280156822_0_0_150_0_75.jpg,Cruciverba liturgici. Metti alla prova la tua fede,Michele Di Leo,Edizioni del Poggio,2026,,https://www.ibs.it/cruciverba-liturgici-metti-alla-prova-libro-michele-di-leo/e/9791280156822,True,2026-10-06
Altri Editori,https://www.ibs.it/images/9791224097433_0_0_150_0_75.jpg,Il fuoco che custodisco. Viaggio nello sciamanesimo integrato,Maria Cristina Galigani,Youcanprint,2026,,https://www.ibs.it/fuoco-che-custodisco-viaggio-nello-libro-maria-cristina-galigani/e/9791224097433,True,2026-10-06
Altri Editori,https://www.ibs.it/images/9791224094333_0_0_150_0_75.jpg,"Padre Pio book of catholic healing prayers: daily prayers for healing, peace and spiritual comfort",Patrick Santoro,Youcanprint,2026,,https://www.ibs.it/padre-pio-book-of-catholic-libro-patrick-santoro/e/9791224094333,True,2026-10-06
Altri Editori,https://www.ibs.it/images/9788830820319_0_0_150_0_75.jpg,Geografia della vita interiore,Chiara Gubert,Cittadella,2026,,https://www.ibs.it/geografia-della-vita-interiore-libro-chiara-gubert/e/9788830820319,False,2026-10-01
Altri Editori,https://www.ibs.it/images/9791282787055_0_0_150_0_75.jpg,Racconto la genesi,Virgilio De Vito,WritersEditor,2026,,https://www.ibs.it/racconto-genesi-libro-virgilio-de-vito/e/9791282787055,True,2026-10-06
Altri Editori,https://www.ibs.it/images/9791298667822_0_0_150_0_75.jpg,"Coptic Egypt. History, art, spirituality and itineraries of Africa's oldest Church",Gabriele Cotti,Thot Medjatt,2026,,https://www.ibs.it/coptic-egypt-history-art-spirituality-libro-gabriele-cotti/e/9791298667822,False,2026-10-03
Altri Editori,https://www.ibs.it/images/9791298667808_0_0_150_0_75.jpg,"L'Egitto Copto. Storia, arte, spiritualità e itinerari della più antica Chiesa d'Africa",Gabriele Cotti,Thot Medjatt,2026,,https://www.ibs.it/egitto-copto-storia-arte-spiritualita-libro-gabriele-cotti/e/9791298667808,False,2026-10-03
Altri Editori,https://www.ibs.it/images/9791282650007_0_0_150_0_75.jpg,"Cristo e Cesare. Imperatori e governatori, intellettuali e popolo al cospetto dei cristiani",Giancarlo Rinaldi,Edizioni GBU,2026,,https://www.ibs.it/cristo-cesare-imperatori-governatori-intellettuali-libro-giancarlo-rinaldi/e/9791282650007,False,2026-10-01
Altri Editori,https://www.ibs.it/images/9791282482059_0_0_150_0_75.jpg,Esiste una natura umana?,N/D,Libreria Sole Editrice,2026,,https://www.ibs.it/esiste-natura-umana-libro-vari/e/9791282482059,False,2026-10-05
Altri Editori,https://www.ibs.it/images/9791282020176_0_0_150_0_75.jpg,La priorale benedettina di Sant’Angelo in Formis. Documenti e studi per un secolo di restauri,N/D,CoRes,2026,,https://www.ibs.it/priorale-benedettina-di-sant-angelo-libro-vari/e/9791282020176,False,2026-10-01
Altri Editori,https://www.ibs.it/images/9791256980994_0_0_150_0_75.jpg,Demonologia etrusca. Rielaborazione contemporanea del saggio del 1916,Ducati Pericle,Stamperia del Valentino,2026,,https://www.ibs.it/demonologia-etrusca-rielaborazione-contemporanea-del-libro-ducati-pericle/e/9791256980994,False,2026-10-02
Altri Editori,https://www.ibs.it/images/9791255830610_0_0_150_0_75.jpg,I carismi,N/D,Edizioni Comunità Magnificat,2026,,https://www.ibs.it/carismi-libro-vari/e/9791255830610,False,2026-10-02
Altri Editori,https://www.ibs.it/images/9791224347224_0_0_150_0_75.jpg,Il vangelo degli spiriti. Un testo rivelato. La verità degli spiriti. Vol. 2: La magia,Alex Peverada,Lux Nova di Alex Peverada,2026,,https://www.ibs.it/vangelo-degli-spiriti-testo-rivelato-libro-alex-peverada/e/9791224347224,False,2026-10-03
Altri Editori,https://www.ibs.it/images/9791224347217_0_0_150_0_75.jpg,"Il vangelo degli spiriti. Un testo rivelato. La verità degli spiriti. Vol. 1: Dio, spiriti e cosmogonia",Alex Peverada,Lux Nova di Alex Peverada,2026,,https://www.ibs.it/vangelo-degli-spiriti-testo-rivelato-libro-alex-peverada/e/9791224347217,False,2026-10-03
Altri Editori,https://www.ibs.it/images/9788894158045_0_0_150_0_75.jpg,"Bellissima è la mia sposa, la mia illustre chiesa. Magistero episcopale nella Chiesa di Monreale (2002-2006)",Cataldo Naro,Ente per le Opere di Religione e di Culto,2026,,https://www.ibs.it/bellissima-mia-sposa-mia-illustre-libro-cataldo-naro/e/9788894158045,False,2026-10-01
Editori Selezionati,https://www.ibs.it/images/9788832859447_0_0_150_0_75.jpg,L'intimità emotiva. Le ferite dell'infanzia e l'amore adulto,Galit Atlas,Raffaello Cortina Editore,2026,"Che cosa ci impedisce di vivere i rapporti che vorremmo? Perché continuiamo a replicare gli schemi che ci fanno soffrire? Come l’amore può essere riparato e trasformato. Qual è il segreto dell’intimità emotiva? Come ricavare da un esame delle nostre prime esperienze gli elementi di cui abbiamo bisogno per vivere rapporti appaganti e duraturi con le persone che abbiamo accanto? Galit Atlas, psicoanalista di fama internazionale, ci invita a esplorare le esistenze private dei suoi pazienti (e la propria), offrendo a queste domande fondamentali risposte capaci di riorientare le nostre vite. Individuati sei archetipi infantili – il bambino spaventato, il bambino malinconico, il bambino che si vergogna, il bambino invisibile, il bambino che si sente in colpa e il bambino prescelto – mostra quali ripercussioni ha sulla vita dell’adulto ciascuna tipologia di ferita infantile. Intrecciando vicende appassionanti e drammatiche, illustra come il bambino interiore piloti la nostra vita amorosa, formando schemi che spesso reiteriamo a nostra insaputa. Sul filo del mistero, rivivrete una vicenda dopo l’altra con il fiato sospeso, mettendo a nudo radici, individuando paralleli ed enucleando intuizioni come nel corso di ciascuna seduta. Per i lettori di Oliver Sacks e Irvin Yalom, il nuovo libro dell’autrice di bestseller internazionali Galit Atlas, che collega il modo in cui amiamo al modo in cui siamo stati amati.",https://www.ibs.it/intimita-emotiva-ferite-dell-infanzia-libro-galit-atlas/e/9788832859447,True,2026-10-06
Editori Selezionati,https://www.ibs.it/images/9788832859744_0_0_150_0_75.jpg,Il piccolo maestro. Quel che il bambino insegna sulla famiglia,Maurizio Andolfi,Raffaello Cortina Editore,2026,"Per capire una famiglia, bisogna imparare ad ascoltare i bambini. Dopo una vita dedicata allo studio e alla cura delle relazioni familiari, Maurizio Andolfi, pioniere della terapia familiare e fondatore dell’approccio multigenerazionale, consegna ai lettori il suo libro più personale. Al centro della sua riflessione c’è un’intuizione radicale: i bambini non sono soltanto coloro che hanno bisogno di essere accuditi, ma possono diventare guide capaci di rivelare la storia, le risorse e le ferite della famiglia a cui appartengono. Attraverso storie cliniche e incontri con genitori, figli e familiari, Andolfi mostra come la sofferenza infantile, i sintomi e i conflitti possano essere compresi solo guardando ai legami che attraversano le generazioni. Nascita, attaccamento, ruolo dei fratelli e dei nonni, separazioni e segreti diventano così occasioni per esplorare il modo in cui ogni persona costruisce la propria identità. Scritto con il tono diretto di chi da decenni accompagna le famiglie nei momenti di crisi, ""Il piccolo maestro"" invita ad ascoltare la voce dei bambini e a riconoscere nel loro sguardo una chiave preziosa per comprendere e trasformare le relazioni familiari.",https://www.ibs.it/piccolo-maestro-quel-che-bambino-libro-maurizio-andolfi/e/9788832859744,False,2026-09-30
Altri Editori,https://www.ibs.it/images/9788871869827_0_0_150_0_75.jpg,L'archetipo e l'onda. Il potere delle immagini nel processo di cura,Riccardo Mondo,Moretti & Vitali,2026,,https://www.ibs.it/archetipo-onda-potere-delle-immagini-libro-riccardo-mondo/e/9788871869827,False,2026-10-05
Altri Editori,https://www.ibs.it/images/9788893419093_0_0_150_0_75.jpg,La famiglia. Il contesto storico-sociale e il dolore,Alfia Rosa Scuderi,Algra,2026,,https://www.ibs.it/famiglia-contesto-storico-sociale-dolore-libro-alfia-rosa-scuderi/e/9788893419093,False,2026-10-04
Altri Editori,https://www.ibs.it/images/9788836251704_0_0_150_0_75.jpg,La malattia mentale è ancora un mito,Szasz Thomas,Giovanni Fioriti Editore,2026,,https://www.ibs.it/malattia-mentale-ancora-mito-libro-szasz-thomas/e/9788836251704,False,2026-10-01
Altri Editori,https://www.ibs.it/images/9788835194842_0_0_150_0_75.jpg,"Corpo, movimento e gioco. Il corpo ricorda, il movimento racconta e nel gioco conosciamo noi stessi e gli altri",Mauro Vecchiato,Franco Angeli,2026,,https://www.ibs.it/corpo-movimento-gioco-corpo-ricorda-libro-mauro-vecchiato/e/9788835194842,True,2026-10-06
Altri Editori,https://www.ibs.it/images/9788885806696_0_0_150_0_75.jpg,L'analisi,Armando Verdiglione,Spirali,2026,,https://www.ibs.it/analisi-libro-armando-verdiglione/e/9788885806696,True,2026-10-06
Altri Editori,https://www.ibs.it/images/9788864450674_0_0_150_0_75.jpg,ABLA-R. La valutazione delle abilità di apprendimento di base. Kit completo,"Laura Berteotti,Roberto Cavagnola",Vannini Editoria Scientifica,2026,,https://www.ibs.it/abla-r-valutazione-delle-abilita-libro-laura-berteotti-roberto-cavagnola/e/9788864450674,False,2026-10-05
Editori Selezionati,https://www.ibs.it/images/9791220603331_0_0_150_0_75.jpg,Studenti emotivamente e socialmente competenti. Opportunità per una scuola più inclusiva,Annalisa Morganti,Mondadori Università,2026,"Questo volume approfondisce il tema dell’educazione emotiva, sociale e prosociale intrecciandolo con quello dell’educazione inclusiva, analizzandone principi, limiti e potenzialità. L’autrice esplora i fondamenti teorici e le ricadute applicative, in ambito scolastico, di un’educazione orientata allo sviluppo di competenze emotive, sociali, prosociali, cognitive e metacognitive negli studenti di ogni età. Il testo propone modelli e pratiche didattiche capaci di accompagnare gli insegnanti nella quotidianità scolastica, tenendo conto della variabilità degli studenti e dei contesti educativi. L’educazione emotiva e la prosocialità diventano così strumenti fondamentali per trasformare la scuola in un ambiente autenticamente inclusivo, in cui la diversità rappresenta una risorsa collettiva e una concreta opportunità di crescita personale e relazionale.",https://www.ibs.it/studenti-emotivamente-socialmente-competenti-opportunita-libro-annalisa-morganti/e/9791220603331,True,2026-10-06
Altri Editori,https://www.ibs.it/images/9791256651337_0_0_150_0_75.jpg,Vacanze psichiatriche e altre favole psicologiche,Matteo Prati,Alpes Italia,2026,,https://www.ibs.it/vacanze-psichiatriche-altre-favole-psicologiche-libro-matteo-prati/e/9791256651337,True,2026-10-06
Altri Editori,https://www.ibs.it/images/9788899152888_0_0_150_0_75.jpg,La psicanalisi di Freud e Jung. Prospettive tradizionali,N/D,Simmetria Edizioni,2026,,https://www.ibs.it/psicanalisi-di-freud-jung-prospettive-libro-vari/e/9788899152888,False,2026-10-02
Altri Editori,https://www.ibs.it/images/9788855005074_0_0_150_0_75.jpg,"Villa Plinia come laboratorio di natura, cura e comunità. Una filosofia della cura contemporanea",Luciana La Stella,NeP edizioni,2026,,https://www.ibs.it/villa-plinia-come-laboratorio-di-libro-luciana-la-stella/e/9788855005074,False,2026-10-05
Editori Selezionati,https://www.ibs.it/images/9788817190312_0_0_150_0_75.jpg,The steps. Come sono diventato Rocky Balboa,Sylvester Stallone,Rizzoli,2026,"Sono passati cinquant’anni da quando Sylvester Stallone correva sulla gradinata del Philadelphia Art Museum; nel corso di questi cinquant’anni lui e quei gradini sono diventati simbolo di resilienza e determinazione, fonte di ispirazione per milioni di persone nel mondo che vogliono realizzare i propri sogni. In ""The Steps"", frutto di decenni di riflessioni, Stallone ci racconta come ha inseguito i suoi, di sogni. Condivide con i lettori le origini – dal difficile contesto in cui è nato a un’infanzia ancora più dura, fino agli anni faticosissimi della scuola, incompreso da tutti – e ci spiega che una vera storia di successo si costruisce affrontando, accettando e infine superando le difficoltà; che una vera storia di successo sta tutta nella distanza che siamo disposti a percorrere e nei passi che accettiamo di compiere per arrivare dove vogliamo. In una cornice narrativa che va dall’arrivo a New York nel 1969 fino al trionfo di ""Rocky"" ai premi Oscar del 1977, Sly tratteggia in modo vivido e incalzante la lotta, la sopravvivenza e, infine, la gloria. Scrive dei suoi inizi e anche degli anni più recenti, raccontando la perseveranza, la creatività e la resilienza che lo hanno portato non solo alla creazione di Rocky, ma a una carriera costellata di ruoli poi diventati iconici.",https://www.ibs.it/the-steps-come-sono-diventato-libro-sylvester-stallone/e/9788817190312,False,2026-09-29
Editori Selezionati,https://www.ibs.it/images/9788804799221_0_0_150_0_75.jpg,Diari. Vol. 6,Thomas Mann,Mondadori,2026,"Dagli anni dell'adolescenza fino a poche settimane prima della morte, Thomas Mann ha descritto le sue giornate in un diario. Questo esercizio quotidiano ha prodotto una documentazione biografica di dimensioni forse uniche nel panorama letterario del Novecento e consegna ai posteri una testimonianza altrettanto unica dei grandi sconvolgimenti del secolo breve. L'edizione italiana e commentata dei diari, che documentano venticinque anni della vita dell'autore e al contempo della storia tedesca, europea e mondiale del Novecento, costituisce la prima traduzione integrale in un'altra lingua e, dunque, un caso letterario assolutamente unico. Inoltre, presenterà i diari per la prima volta nella loro forma originaria: al momento della loro pubblicazione in Germania, iniziata nel 1977, si ritenne infatti di sopprimere alcuni passi considerati troppo intimi che ora l'edizione italiana reintegra.",https://www.ibs.it/diari-vol-6-libro-thomas-mann/e/9788804799221,False,2026-09-30
Altri Editori,https://www.ibs.it/images/9791256941056_0_0_150_0_75.jpg,La biblioteca di Collodi. Libri e passioni del papà di Pinocchio,Daniela Marcheschi,Bibliotheka Edizioni,2026,,https://www.ibs.it/biblioteca-di-collodi-libri-passioni-libro-daniela-marcheschi/e/9791256941056,False,2026-10-03
Altri Editori,https://www.ibs.it/images/9791259578945_0_0_150_0_75.jpg,I cowboy non mollano mai. L'autobiografia che ha ispirato la serie Sky,Max Pezzali,Magazzini Salani,2026,,https://www.ibs.it/cowboy-non-mollano-mai-autobiografia-libro-max-pezzali/e/9791259578945,False,2026-09-30
Altri Editori,https://www.ibs.it/images/9788865673270_0_0_150_0_75.jpg,Stan&Ollie. Nuova ediz.,Gianluca Buttolo,Renoir Comics,2026,,https://www.ibs.it/stanollie-nuova-ediz-libro-gianluca-buttolo/e/9788865673270,False,2026-09-30
Altri Editori,https://www.ibs.it/images/9791282461245_0_0_150_0_75.jpg,Lavezzi. L’irresistibile frenesia del Pocho,Davide Morgera,Garrincha Edizioni,2026,,https://www.ibs.it/lavezzi-irresistibile-frenesia-del-pocho-libro-davide-morgera/e/9791282461245,False,2026-09-30
Altri Editori,https://www.ibs.it/images/9791222115337_0_0_150_0_75.jpg,"Diego Rivera. L'arte, l'amore, la furia. Nuova ediz.","Andrea Voglino,Luca Bertelè",Gallucci Balloon,2026,,https://www.ibs.it/diego-rivera-arte-amore-furia-libro-andrea-voglino-luca-bertele/e/9791222115337,False,2026-10-02
Editori Selezionati,https://www.ibs.it/images/9788891847805_0_0_150_0_75.jpg,Dove corre il cuore. Lezioni d'amore e coraggio: come i cavalli hanno cambiato la mia vita,Gabriele Diamanti,Mondadori Electa,2026,"Se chiudi gli occhi e segui il filo della memoria, qual è il ricordo più vivido che riaffiora alla tua mente? Per Gabriele Diamanti è il profumo dei quaderni nuovi e il rumore ovattato dei corridoi scolastici, ma soprattutto una sensazione difficile da identificare: non sentirsi mai del tutto al posto giusto. Fino a quando la sua strada non incrocia quella dei cavalli. A sette anni avviene l'incontro che segna una svolta: Musetta, la sua prima cavalla. Una connessione istintiva, ma sufficiente a cambiare la sua vita. Tra Gabriele e i cavalli nasce un legame immediato, fatto di ascolto, cura e presenza reciproca. In sella, la confusione si spegne e resta solo l'essenziale. Da allora il maneggio diventa la sua casa. Ogni cavallo incontrato lungo il percorso, da Chairman a Kimano, porta con sé un insegnamento diverso, ma riconducibile a un'unica radice: la pazienza di scoprirsi a poco a poco, il rispetto che alimenta ogni relazione, la coerenza che rende possibile la fiducia. Un rapporto che va oltre la passione sportiva e diventa una lezione quotidiana di disciplina e responsabilità. Ma questa non è soltanto la storia di un ragazzo e del suo amore per i cavalli. È un invito a guardare più nel profondo il mondo che ci circonda, a riscoprire un linguaggio dimenticato: quello fatto di attenzione, presenza e sensibilità. Ciò che i cavalli insegnano a chi sa fermarsi è valido per tutti, al di là della storia e del percorso di ciascuno. Dove corre il cuore è un viaggio dentro delle relazioni speciali, un racconto che diventa esperienza universale: perché i cavalli non parlano solo a chi si prende cura di loro, ma a chiunque abbia il coraggio di rallentare e imparare a sentire per davvero.",https://www.ibs.it/dove-corre-cuore-lezioni-d-libro-gabriele-diamanti/e/9788891847805,False,2026-10-03
Altri Editori,https://www.ibs.it/images/9788836166176_0_0_150_0_75.jpg,Muhammad Alì. Dalla boxe alla storia: il campione che sfidò l’America. Nuova ediz.,Massimo Cecchini,DIARKOS,2026,,https://www.ibs.it/muhammad-ali-dalla-boxe-alla-libro-massimo-cecchini/e/9788836166176,False,2026-10-01
Editori Selezionati,https://www.ibs.it/images/9788828219385_0_0_150_0_75.jpg,"Se sembra impossibile, puoi farlo. Una vita nella moda, con una missione speciale",Marina Spadafora,Solferino,2026,"«Audrey Hepburn era una persona semplice, divertente e accogliente. Entrò nella mia vita lasciando subito un segno.» Quello con la grande icona del cinema e dello stile, madre del suo secondo marito, è soltanto uno degli incontri importanti nella vita di Marina Spadafora, ma è rimasto per lei un’ispirazione, un modello indelebile. Figura di rilievo della moda italiana, l’autrice racconta la sua avventura dalle Dolomiti a Hollywood, dalle passerelle di Milano alle Nazioni Unite, dal glamour all’impegno di Fashion Revolution. C’è il lancio di una propria collezione nei ruggenti anni Novanta che hanno segnato l’affermazione di Milano in quel campo, il lavoro per Ferragamo, Prada, Miu Miu e Marni, la direzione creativa della linea di abbigliamento e accessori di Altromercato, che l’ha portata a lavorare con artigiani in tutto il mondo. Un percorso professionale nel segno della responsabilità sociale e ambientale, sintetizzato dal suo motto Fashion with a Mission, nel nome del quale è diventata ambasciatrice internazionale della moda etica e sostenibile. Ma anche il viaggio di una donna che, radicata nell’affetto della grande famiglia di origine, ha attraversato continenti e delusioni amorose sino a realizzare finalmente il desiderio di costruire il suo nido e diventare madre. Un’intensa narrazione personale che non nasconde le difficoltà, dalla crisi della sua azienda alla battaglia contro la malattia, ma sempre con la ferma convinzione che «tutto è impossibile, se non provi a farlo».",https://www.ibs.it/se-sembra-impossibile-puoi-farlo-libro-marina-spadafora/e/9788828219385,False,2026-10-03
Altri Editori,https://www.ibs.it/images/9788816308169_0_0_150_0_75.jpg,Una bizantina in Occidente. Theofano sul trono imperiale,Réginald Grégoire,Jaca Book,2026,,https://www.ibs.it/bizantina-in-occidente-theofano-sul-libro-reginald-gregoire/e/9788816308169,False,2026-10-03
Altri Editori,https://www.ibs.it/images/9788892765054_0_0_150_0_75.jpg,La vita di Charlotte Brontë,Elizabeth Gaskell,Elliot,2026,,https://www.ibs.it/vita-di-charlotte-bronte-libro-elizabeth-gaskell/e/9788892765054,False,2026-10-03
Editori Selezionati,https://www.ibs.it/images/9788891847621_0_0_150_0_75.jpg,Viaggia insieme a noi. I nostri 2000 come non li hai mai sentiti,Eiffel 65,Mondadori Electa,2026,"Quali sono le storie dietro Blue (Da Ba Dee), Move Your Body, Too Much of Heaven, Voglia di Dance All Night, Quelli che non hanno età? A raccontarcele sono coloro che hanno dato vita a brani capaci di resistere al tempo: Jeffrey Jey e Maury Lobina, gli Eiffel 65. Dietro i successi della band che ha fatto ballare intere generazioni si nasconde una storia di riscatto sociale, di conquiste e momenti di buio, di incontri e separazioni. Un viaggio musicale che inizia negli anni Settanta nella provincia italiana e ci porta in America, poi ritorna in Sicilia e, infine, approda in quella Torino che tra i Novanta e i Duemila diventa la rampa di lancio per un successo mondiale. Il racconto della storia di un gruppo, e di due musicisti unici, si intreccia al clima sfavillante dei primi Duemila: moda e discoteche, videoclip e walkman, dettagli e spicchi di una vita degna di alimentare la più vivida nostalgia. Un libro per chi è cresciuto ""a cassa dritta"", per chi rimpiange di non aver vissuto quegli anni, per chi semplicemente si vuole emozionare leggendo una storia che non è fatta solo di musica, ma anche di boom talmente forti da togliere il fiato. Viaggia insieme a noi è il racconto intimo e inedito di un'epoca iconica attraverso le esperienze dei suoi protagonisti, legati da un'amicizia profonda che a distanza di oltre trent'anni dal primo incontro li vede ancora insieme a tenere viva la fiamma dell'epoca d'oro della dance italiana.",https://www.ibs.it/viaggia-insieme-a-noi-nostri-libro-eiffel-65/e/9788891847621,False,2026-09-29
Altri Editori,https://www.ibs.it/images/9791298654624_0_0_150_0_75.jpg,Orchidea De Santis ...e non è un nome d'arte,Orchidea De Santis,Bloodbuster,2026,,https://www.ibs.it/orchidea-de-santis-non-nome-libro-orchidea-de-santis/e/9791298654624,False,2026-10-02
Altri Editori,https://www.ibs.it/images/9791254622292_0_0_150_0_75.jpg,Il combattente eremita. Dalla lotta in gabbia al silenzio nel bosco,"Davide Morini,Davide Rossi",Passaggio al Bosco,2026,,https://www.ibs.it/combattente-eremita-dalla-lotta-in-libro-davide-morini-davide-rossi/e/9791254622292,True,2026-10-06
Altri Editori,https://www.ibs.it/images/9791222115535_0_0_150_0_75.jpg,Keith Haring. Graphic biography,Paolo Parisi,Gallucci Balloon,2026,,https://www.ibs.it/keith-haring-graphic-biography-libro-paolo-parisi/e/9791222115535,False,2026-10-02
Altri Editori,https://www.ibs.it/images/9791281646353_0_0_150_0_75.jpg,Carrozzeria Zanella. Storia di una meravigliosa realtà che avrebbe meritato molto di più,Roberto Zanella,Asi Service,2026,,https://www.ibs.it/carrozzeria-zanella-storia-di-meravigliosa-libro-roberto-zanella/e/9791281646353,True,2026-10-06
Altri Editori,https://www.ibs.it/images/9791298582156_0_0_150_0_75.jpg,"L'eremita di Gizah. Vita, scavi e pensiero di Giovanni Battista Caviglia. Archeologo, mistico, corsaro (2026)",Fabrizio Calzia,Galata,2026,,https://www.ibs.it/eremita-di-gizah-vita-scavi-libro-fabrizio-calzia/e/9791298582156,False,2026-10-01
Altri Editori,https://www.ibs.it/images/9791282461344_0_0_150_0_75.jpg,Valderrama. Il ballo del pibe,Alessio D'Addazio,Garrincha Edizioni,2026,,https://www.ibs.it/valderrama-ballo-del-pibe-libro-alessio-d-addazio/e/9791282461344,False,2026-10-03
Altri Editori,https://www.ibs.it/images/9791257894405_0_0_150_0_75.jpg,La strada verso la meraviglia,Roberto Fazzini,EBS Print,2026,,https://www.ibs.it/strada-verso-meraviglia-libro-roberto-fazzini/e/9791257894405,False,2026-10-01
Altri Editori,https://www.ibs.it/images/9791257894108_0_0_150_0_75.jpg,Diario di Ebe,Cristina Briacchi,EBS Print,2026,,https://www.ibs.it/diario-di-ebe-libro-cristina-briacchi/e/9791257894108,False,2026-10-01
Altri Editori,https://www.ibs.it/images/9791257894054_0_0_150_0_75.jpg,Tutto in una vita,Daniela Costa,EBS Print,2026,,https://www.ibs.it/tutto-in-vita-libro-daniela-costa/e/9791257894054,False,2026-10-02
Altri Editori,https://www.ibs.it/images/9791256894420_0_0_150_0_75.jpg,Io & Lady. Il coraggio nel cuore,Mirko Banco,Passione Scrittore selfpublishing,2026,,https://www.ibs.it/io-lady-coraggio-nel-cuore-libro-mirko-banco/e/9791256894420,True,2026-10-06
Altri Editori,https://www.ibs.it/images/9791255612926_0_0_150_0_75.jpg,Nino Migliori. 101 domande e risposte sulla fotografia. Ediz. illustrata,Mauro Zanchi,Dario Cimorelli Editore,2026,,https://www.ibs.it/nino-migliori-101-domande-risposte-libro-mauro-zanchi/e/9791255612926,False,2026-10-02
Altri Editori,https://www.ibs.it/images/9791254882221_0_0_150_0_75.jpg,D’Annunzio e la Duse. Storia di una relazione tormentata,Franco Di Tizio,Ianieri,2026,,https://www.ibs.it/d-annunzio-duse-storia-di-libro-franco-di-tizio/e/9791254882221,False,2026-10-05
Altri Editori,https://www.ibs.it/images/9791224336228_0_0_150_0_75.jpg,"Tre amiche, zero esperienza, un mare di chilometri",Stefania Pedrazzani,Autopubblicato,2026,,https://www.ibs.it/tre-amiche-zero-esperienza-mare-libro-stefania-pedrazzani/e/9791224336228,False,2026-10-02
Editori Selezionati,https://www.ibs.it/images/9791222336312_0_0_150_0_75.jpg,Oltre il giardino,Gabriele Scaramuzza,Mimesis,2026,"Questo libro include, nel nucleo fondamentale, “ritagli di memorie” relativi ai primi anni di vita dell’autore, che giungono fino agli ultimi sprazzi di un’adolescenza declinante ma incerta sul proprio destino. La prima parte si può considerare la cornice entro cui il tutto ha inizio, un contenitore di esperienze concrete ed emotive che illumina anche le vicende successive, dagli anni universitari agli ambienti di lavoro, alle considerazioni più elaborate della maturità. Non è mai in gioco un felice rammemorare, ma un interrogarsi: talvolta inquieto, talaltra perplesso ma sempre liberatorio, nella ricerca di una direzione del nostro vivere. Ricordare: il passato non è nostalgia né rammarico, ma fonte di vita. Che l’oblio spegne. La voglia di parole, la felicità di parole trovate o ritrovate diventano via di scampo e terreno di riflessione profonda, per ovviare al rischio che tutto si svuoti “in una lenta disperazione senza nomi”.",https://www.ibs.it/oltre-giardino-libro-gabriele-scaramuzza/e/9791222336312,False,2026-10-02
Altri Editori,https://www.ibs.it/images/9788873268833_0_0_150_0_75.jpg,Se cent’anni vi sembran pochi,"Maria Grazia Salonna,Francesco Ligorio",Affinità Elettive Edizioni,2026,,https://www.ibs.it/se-cent-anni-vi-sembran-libro-maria-grazia-salonna-francesco-ligorio/e/9788873268833,False,2026-10-05
Altri Editori,https://www.ibs.it/images/9788832764598_0_0_150_0_75.jpg,"Le radici del successo. Come l'etica famigliare, la responsabilità sociale e l'intraprendenza organizzativa possono essere solide basi di una vita costruttiva",Anna Del Prete,Homeless Book,2026,,https://www.ibs.it/radici-del-successo-come-etica-libro-anna-del-prete/e/9788832764598,False,2026-10-01
Altri Editori,https://www.ibs.it/images/9782378641030_0_0_150_0_75.jpg,"«Franco Califano, da saltimbanco a poeta»",Massimiliano Perrotta,Portaparole,2026,,https://www.ibs.it/franco-califano-da-saltimbanco-a-libro-massimiliano-perrotta/e/9782378641030,False,2026-09-30
Altri Editori,https://www.ibs.it/images/9791224804666_0_0_150_0_75.jpg,Anedonia,Autostima,Youcanprint,2026,,https://www.ibs.it/anedonia-libro-autostima/e/9791224804666,False,2026-10-05
Altri Editori,https://www.ibs.it/images/9791224803164_0_0_150_0_75.jpg,Il filo invisibile,Gianluca Farina,Youcanprint,2026,,https://www.ibs.it/filo-invisibile-libro-gianluca-farina/e/9791224803164,False,2026-10-01
Altri Editori,https://www.ibs.it/images/9791224802112_0_0_150_0_75.jpg,Disegnare narrando,Michele Bisazza,Youcanprint,2026,,https://www.ibs.it/disegnare-narrando-libro-michele-bisazza/e/9791224802112,False,2026-10-01
Altri Editori,https://www.ibs.it/images/9791224802068_0_0_150_0_75.jpg,Jconico. L'archivista dei ricordi,JCONiCO,Youcanprint,2026,,https://www.ibs.it/jconico-archivista-dei-ricordi-libro-jconico/e/9791224802068,False,2026-10-01
Altri Editori,https://www.ibs.it/images/9791224094616_0_0_150_0_75.jpg,A tale of italian worth,"Urbano Borgioli,Serena Pusceddu",Youcanprint,2026,,https://www.ibs.it/a-tale-of-italian-worth-libro-urbano-borgioli-serena-pusceddu/e/9791224094616,False,2026-10-01
Altri Editori,https://www.ibs.it/images/9791224087793_0_0_150_0_75.jpg,"Mémoires. Storia di una generazione, tra riscatto, piazze e memoria",Luigi Perrone,Youcanprint,2026,,https://www.ibs.it/memoires-storia-di-generazione-tra-libro-luigi-perrone/e/9791224087793,False,2026-10-01
Altri Editori,https://www.ibs.it/images/9791224076025_0_0_150_0_75.jpg,Madame Pizza. Non è mai troppo tardi,Maria Rosaria Franceschini,Youcanprint,2026,,https://www.ibs.it/madame-pizza-non-mai-troppo-libro-maria-rosaria-franceschini/e/9791224076025,False,2026-10-01
Altri Editori,https://www.ibs.it/images/9791222819846_0_0_150_0_75.jpg,"Nato vecchio. Racconto di memoria, luoghi e persone",Giovanni Pizzimenti,ilmiolibro self publishing,2026,,https://www.ibs.it/nato-vecchio-racconto-di-memoria-libro-giovanni-pizzimenti/e/9791222819846,False,2026-10-05
Altri Editori,https://www.ibs.it/images/9791259919267_0_0_150_0_75.jpg,Lady Diana. Dalle nozze del secolo alla notte di Parigi,N/D,Intra,2026,,https://www.ibs.it/lady-diana-dalle-nozze-del-libro-vari/e/9791259919267,False,2026-10-01
Altri Editori,https://www.ibs.it/images/9791257060961_0_0_150_0_75.jpg,Il tempo delle ciliegie,Bruno Bruni,G.C.L. edizioni,2026,,https://www.ibs.it/tempo-delle-ciliegie-libro-bruno-bruni/e/9791257060961,True,2026-10-06
Altri Editori,https://www.ibs.it/images/9791224802341_0_0_150_0_75.jpg,Ristorante Ma.Ri.Na. Storia di una famiglia semplice,Giorgio Rampinini,Youcanprint,2026,,https://www.ibs.it/ristorante-marina-storia-di-famiglia-libro-giorgio-rampinini/e/9791224802341,True,2026-10-06
Altri Editori,https://www.ibs.it/images/9791224800644_0_0_150_0_75.jpg,Un cuore speciale,Eleonora Accini,Youcanprint,2026,,https://www.ibs.it/cuore-speciale-libro-eleonora-accini/e/9791224800644,True,2026-10-06
Altri Editori,https://www.ibs.it/images/9791224800613_0_0_150_0_75.jpg,"Calvettissimo ™. Memoria rotta, storie vere e molta malvasia",Calvettissimo,Youcanprint,2026,,https://www.ibs.it/calvettissimo-memoria-rotta-storie-vere-libro-calvettissimo/e/9791224800613,True,2026-10-06
Altri Editori,https://www.ibs.it/images/9791224093152_0_0_150_0_75.jpg,Ricordi. Vol. 2,Pasquale Piccica,Youcanprint,2026,,https://www.ibs.it/ricordi-vol-2-libro-pasquale-piccica/e/9791224093152,True,2026-10-06
Altri Editori,https://www.ibs.it/images/9791224093145_0_0_150_0_75.jpg,Ricordi. Vol. 1,Pasquale Piccica,Youcanprint,2026,,https://www.ibs.it/ricordi-vol-1-libro-pasquale-piccica/e/9791224093145,True,2026-10-06
Altri Editori,https://www.ibs.it/images/9791224090175_0_0_150_0_75.jpg,Engin Akyürek. El silencio que toca el corazón,Laura Delpino,Youcanprint,2026,,https://www.ibs.it/engin-akyurek-el-silencio-que-libro-laura-delpino/e/9791224090175,True,2026-10-06
Altri Editori,https://www.ibs.it/images/9791224085027_0_0_150_0_75.jpg,Il ragazzo di Langa. Racconti di Alba e le sue Langhe,Mario Della Ferrera,Youcanprint,2026,,https://www.ibs.it/ragazzo-di-langa-racconti-di-libro-mario-della-ferrera/e/9791224085027,True,2026-10-06
Altri Editori,https://www.ibs.it/images/9791224068631_0_0_150_0_75.jpg,Gustavo Rol. L'architetto dell'invisibile,Gianluca Lamberti,Youcanprint,2026,,https://www.ibs.it/gustavo-rol-architetto-dell-invisibile-libro-gianluca-lamberti/e/9791224068631,True,2026-10-06
Altri Editori,https://www.ibs.it/images/9788891334336_0_0_150_0_75.jpg,Vincenzo Arangio Ruiz la nascita della papirologia italiana tra scienza e Fascismo,Orazio Licandro,L'Erma di Bretschneider,2026,,https://www.ibs.it/vincenzo-arangio-ruiz-nascita-della-libro-orazio-licandro/e/9788891334336,False,2026-10-02
Altri Editori,https://www.ibs.it/images/9788889524152_0_0_150_0_75.jpg,Un pastore fra due epoche. Don Placido Ponchia parroco di Salboro dal 1939 al 1975. Dalle pagine del cronistorico parrocchiale,N/D,Grafiche Turato,2026,,https://www.ibs.it/pastore-fra-due-epoche-don-libro-vari/e/9788889524152,False,2026-09-30
Altri Editori,https://www.ibs.it/images/9791298679306_0_0_150_0_75.jpg,Mimì Vicoli. Padre della Cooperazione e del Socialismo a San Salvo,Orazio Di Stefano,Osvaldo Menna,2026,,https://www.ibs.it/mimi-vicoli-padre-della-cooperazione-libro-orazio-di-stefano/e/9791298679306,False,2026-10-02
Altri Editori,https://www.ibs.it/images/9791282701020_0_0_150_0_75.jpg,Ludwig van Beethoven. Una vita inaudita,Gianna Volpi,Garini della Sforzesca editore,2026,,https://www.ibs.it/ludwig-van-beethoven-vita-inaudita-libro-gianna-volpi/e/9791282701020,False,2026-10-05
Altri Editori,https://www.ibs.it/images/9791282157513_0_0_150_0_75.jpg,Francesco 800,N/D,Edizioni L'Ancora,2026,,https://www.ibs.it/francesco-800-libro-vari/e/9791282157513,False,2026-10-02
Altri Editori,https://www.ibs.it/images/9791281522091_0_0_150_0_75.jpg,"Carta, colla e tempo",Luigi Buonaiuto,Hanta Edizioni,2026,,https://www.ibs.it/carta-colla-tempo-libro-luigi-buonaiuto/e/9791281522091,False,2026-10-05
Altri Editori,https://www.ibs.it/images/9791259853370_0_0_150_0_75.jpg,La sala buia,Enrico Vanzina,HarperCollins Italia,2026,,https://www.ibs.it/sala-buia-libro-enrico-vanzina/e/9791259853370,True,2026-10-06
Altri Editori,https://www.ibs.it/images/9791256670772_0_0_150_0_75.jpg,Rose e ortiche. A prescindere. Nuova ediz.,Antonio Nardo,Grafichéditore,2026,,https://www.ibs.it/rose-ortiche-a-prescindere-nuova-libro-antonio-nardo/e/9791256670772,False,2026-10-05
Altri Editori,https://www.ibs.it/images/9788885604742_0_0_150_0_75.jpg,Leonardo. Un viaggio nel Regno di Napoli. Ediz. illustrata,Ernesto Solari,Giuseppe De Nicola,2026,,https://www.ibs.it/leonardo-viaggio-nel-regno-di-libro-ernesto-solari/e/9788885604742,False,2026-10-02
Altri Editori,https://www.ibs.it/images/9791259628350_0_0_150_0_75.jpg,Mozart Beethoven Schubert,Dietrich von Hildebrand,Cantagalli,2026,,https://www.ibs.it/mozart-beethoven-schubert-libro-dietrich-von-hildebrand/e/9791259628350,True,2026-10-06
Editori Selezionati,https://www.ibs.it/images/9788829796618_0_0_150_0_75.jpg,Il denaro «Sterco del demonio»,Massimo Fini,Marsilio,2026,"Il denaro è una logica affascinante ma tremendamente insidiosa che ha finito per soggiogarci e determinare gli stili, i ritmi, le modalità e gli scopi della nostra vita, disegnando prospettive inquietanti. Se dal punto di vista individuale il denaro è un credito, preso globalmente è un debito sempre più colossale che stiamo accumulando col futuro. È una scommessa continua su se stessa, cioè sul vuoto. Fino a quando potrà durare il gioco? Il libro di Massimo Fini è da un lato una storia del denaro, rigorosamente documentata, dall’altro è un attacco radicale alla società contemporanea di cui il denaro, col suo abnorme sviluppo, è insieme metafora e concretissimo strumento.",https://www.ibs.it/denaro-sterco-del-demonio-libro-massimo-fini/e/9788829796618,False,2026-09-29
Altri Editori,https://www.ibs.it/images/9791259628107_0_0_150_0_75.jpg,Latinorum e altri scritti,Paolo Sardos Albertini,Cantagalli,2026,,https://www.ibs.it/latinorum-altri-scritti-libro-paolo-sardos-albertini/e/9791259628107,True,2026-10-06
Altri Editori,https://www.ibs.it/images/9791254723272_0_0_150_0_75.jpg,Antonin Artaud. Forsennare il soggettile,Jacques Derrida,Abscondita,2026,,https://www.ibs.it/antonin-artaud-forsennare-soggettile-libro-jacques-derrida/e/9791254723272,False,2026-10-01
Altri Editori,https://www.ibs.it/images/9791282420006_0_0_150_0_75.jpg,Matri Vani. Parole di saggezza di Anandamayi Ma,Anandamayi Ma,Stella Mattutina Edizioni,2026,,https://www.ibs.it/matri-vani-parole-di-saggezza-libro-anandamayi-ma/e/9791282420006,False,2026-10-01
Editori Selezionati,https://www.ibs.it/images/9791222333755_0_0_150_0_75.jpg,Il dono del filosofo. Sul gesto originario della filosofia,Andrea Tagliapietra,Mimesis,2026,"In un’epoca dominata dall’utile, dall’accumulazione e dalla prestazione, la filosofia può ancora rappresentare un gesto di libertà. Andrea Tagliapietra propone una riflessione radicale sul significato originario del pensare filosofico, individuandolo nella figura del dono: un atto che interrompe la logica dell’interesse, sospende il dominio della realtà e apre uno spazio di possibilità inedite. Attraverso un percorso che at-traversa la storia delle idee, il libro mostra come la filosofia non coincida con la conquista del reale né con la costruzione di sistemi, ma con un esercizio critico capace di indebolire ogni assolutismo. Un saggio originale e provocatorio che restituisce alla filosofia la sua vocazione più autentica: trasformare il nostro sguardo sul mondo.",https://www.ibs.it/dono-del-filosofo-sul-gesto-libro-andrea-tagliapietra/e/9791222333755,False,2026-10-02
Editori Selezionati,https://www.ibs.it/images/9791222328225_0_0_150_0_75.jpg,Nomos e poikilía dell'essere. Genesi metafisica del molteplice. Una deduzione schellinghiana,Andrea Dezi,Mimesis,2026,"Il presente saggio è un’indagine metafisica intorno alla natura e all’origine del molteplice. Punto d’avvio, nonché liminare orizzonte ermeneutico, sono le lezioni tenute da Schelling a Erlangen nel 1820-1821. Attraverso una rigorosa tessitura teoretica, scandita da fecondi attraversamenti del pensiero antico – da Esiodo ad Aristotele, da Platone a Pindaro, fino alle intuizioni esegetiche di Heidegger –, l’indagine perviene a una peculiare lettura del concetto di Nomos. Trascesa ogni determinazione politica, giuridica, sociale, il Nomos vi appare come principio ontologico dell’infinita, policroma molteplicità delle forme, significativamente ricondotte al concetto greco di poikilía. Tra radicalità speculativa e rigore filologico, l’opera affronta, nella freschezza di un audace sviluppo del pensiero schellinghiano, una delle più originarie questioni della tradizione metafisica europea.",https://www.ibs.it/nomos-poikilia-dell-essere-genesi-libro-andrea-dezi/e/9791222328225,False,2026-10-02
Altri Editori,https://www.ibs.it/images/9788877232793_0_0_150_0_75.jpg,Gioberti,Marcello Mustè,Ist. Italiano Studi Filosofici,2026,,https://www.ibs.it/gioberti-libro-marcello-muste/e/9788877232793,False,2026-10-02
Altri Editori,https://www.ibs.it/images/9788825061789_0_0_150_0_75.jpg,Gentilezza,Giovanni Grandi,EMP - Edizioni Messaggero Padova,2026,,https://www.ibs.it/gentilezza-libro-giovanni-grandi/e/9788825061789,False,2026-09-30
Altri Editori,https://www.ibs.it/images/9791257230463_0_0_150_0_75.jpg,Lettere filosofiche,Voltaire,MA,2026,,https://www.ibs.it/lettere-filosofiche-libro-voltaire/e/9791257230463,False,2026-10-01
Altri Editori,https://www.ibs.it/images/9791256894383_0_0_150_0_75.jpg,La trilogie de la boulangerie de Sainte Hélène: Automne Paris Noël. L'éloge de la folie-Les quatre saisons de la restauration catholique-Le Roi des rois,Lino Arenare De Cesare,Passione Scrittore selfpublishing,2026,,https://www.ibs.it/trilogie-de-boulangerie-de-sainte-libro-lino-arenare-de-cesare/e/9791256894383,True,2026-10-06
Altri Editori,https://www.ibs.it/images/9791256894376_0_0_150_0_75.jpg,Anthology of two writings: Urbi et Orbi. Saint Patrick’s Rosetta-They continued calling Him in the name of the Father and of the Son and of the Holy Spirit. The Rosetta Romana’s Lichtspielhaus Shamrock,Lino Arenare De Cesare,Passione Scrittore selfpublishing,2026,,https://www.ibs.it/anthology-of-two-writings-urbi-libro-lino-arenare-de-cesare/e/9791256894376,True,2026-10-06
Altri Editori,https://www.ibs.it/images/9791256894369_0_0_150_0_75.jpg,Antologia di tre opere periodo newyorkese: La danza dei filosofi. Una sublime nota musicale. Filosofia dell’estetica musicale-Shakespeare and l’estro dell’arte. La filosofica e divina rappresentazione del mondo-Woody Allen. The philosophical alter ego,Lino Arenare De Cesare,Passione Scrittore selfpublishing,2026,,https://www.ibs.it/antologia-di-tre-opere-periodo-libro-lino-arenare-de-cesare/e/9791256894369,True,2026-10-06
Altri Editori,https://www.ibs.it/images/9791256894352_0_0_150_0_75.jpg,Antologia di due scritti periodo irlandese: L’aristocratico discepolo. Estetica ed Etica nel noumeno della libertà-Albaricoque. L’arte dell’esistenza. Il Nulla-Pieno,Lino Arenare De Cesare,Passione Scrittore selfpublishing,2026,,https://www.ibs.it/antologia-di-due-scritti-periodo-libro-lino-arenare-de-cesare/e/9791256894352,True,2026-10-06
Altri Editori,https://www.ibs.it/images/9791256894345_0_0_150_0_75.jpg,Il sentiero verso la verità. La reincarnazione del Logos nel risveglio Fiammingo-Partenopeo-Romano,Lino Arenare De Cesare,Passione Scrittore selfpublishing,2026,,https://www.ibs.it/sentiero-verso-verita-reincarnazione-del-libro-lino-arenare-de-cesare/e/9791256894345,True,2026-10-06
Altri Editori,https://www.ibs.it/images/9791256131006_0_0_150_0_75.jpg,"La scrittura che salva. Tre letture su Kafka: Arendt, Benjamin, Canetti",Renata Viti Cavaliere,La Scuola di Pitagora,2026,,https://www.ibs.it/scrittura-che-salva-tre-letture-libro-renata-viti-cavaliere/e/9791256131006,True,2026-10-06
Editori Selezionati,https://www.ibs.it/images/9791222334349_0_0_150_0_75.jpg,"L'inconfessabile. La disciplina dell'arcano in Kierkegaard, Wittgenstein, Derrida",Enrico Cerasi,Mimesis,2026,"L’Illuminismo ha posto l’esigenza della trasparenza al centro sia delle istituzioni sociali sia della soggettività. Senza alcuna polemica anti-illuministica o oscurantista, il libro analizza la questione del segreto in tre pensatori moderni e contemporanei: Kierkegaard, Wittgenstein e Derrida. Filosofi diversissimi tra loro, eppur mossi da un’analoga esigenza. Non si tratta del segreto come qualcosa di misterioso o di occulto, nemmeno come l’indicibile. Segreta è la dimensione inconfessabile dell’io, ossia ciò che costituisce la nostra singolarità irripetibile. Su di esso non si deve tacere. Il segreto non si custodisce nel silenzio ma, al contrario, nel linguaggio. Il libro analizza dunque il modo in cui Kierkegaard, Wittgenstein e Derrida declinano il rapporto tra la dimensione comunicativa, dunque pubblica e trasparente, e quella lacuna privata, inconfessabile perché intraducibile nel linguaggio pubblico. In tal modo prospetta una diversa chiave di lettura di pensatori che, normalmente, sono tra loro incompatibili.",https://www.ibs.it/inconfessabile-disciplina-dell-arcano-in-libro-enrico-cerasi/e/9791222334349,False,2026-10-01
Editori Selezionati,https://www.ibs.it/images/9791222331232_0_0_150_0_75.jpg,Quaderni di Villa Mirafiori. Dottorato di ricerca in Filosofia Sapienza Università di Roma. Vol. 3,N/D,Mimesis,2026,,https://www.ibs.it/quaderni-di-villa-mirafiori-dottorato-libro-vari/e/9791222331232,False,2026-10-02
Editori Selezionati,https://www.ibs.it/images/9791222331171_0_0_150_0_75.jpg,"Filosofia futura. Vol. 25: Identità, essere, divenire. Parte seconda",N/D,Mimesis,2026,"La filosofia futura ospita discussioni su questioni filosofiche partendo da due premesse: il tema costitutivo della filosofia è quello della ""verità"" e la ""filosofia futura"" è il futuro della filosofia. Ogni discussione è sempre e innanzitutto un richiamo, esplicito o implicito, a riflettere sul tema della verità come negazione della sua negazione. Contributi di: Pietro Caiano Chris. O. Ioniţă Nicoletta Cusano Nicola Cirulli Massimo Donà Leonardo Messinese Paolo Polizzi Gianni Filippi.",https://www.ibs.it/filosofia-futura-vol-25-identita-libro-vari/e/9791222331171,False,2026-10-02
Altri Editori,https://www.ibs.it/images/9788884103697_0_0_150_0_75.jpg,Tenere all'oscuro. Etica e politica della segretezza,Dino Galli,Clinamen,2026,,https://www.ibs.it/tenere-all-oscuro-etica-politica-libro-dino-galli/e/9788884103697,False,2026-10-02
Altri Editori,https://www.ibs.it/images/9791256694457_0_0_150_0_75.jpg,"L'acqua e la notte. Etica, estetica e musica nel pensiero di Jankélévitch",Michele Gardini,Tab edizioni,2026,,https://www.ibs.it/acqua-notte-etica-estetica-musica-libro-michele-gardini/e/9791256694457,False,2026-10-01
Altri Editori,https://www.ibs.it/images/9791224803218_0_0_150_0_75.jpg,Orfici e pitagorici,Theodor Gomperz,Youcanprint,2026,,https://www.ibs.it/orfici-pitagorici-libro-theodor-gomperz/e/9791224803218,False,2026-10-05
Altri Editori,https://www.ibs.it/images/9791224803089_0_0_150_0_75.jpg,"Alle porte della Grecia: Veda, Upanisad e il problema di Pitagora e Parmenide",Arthur Berriedale Keith,Youcanprint,2026,,https://www.ibs.it/alle-porte-della-grecia-veda-libro-arthur-berriedale-keith/e/9791224803089,False,2026-10-05
Altri Editori,https://www.ibs.it/images/9791224802600_0_0_150_0_75.jpg,Mai come voluto. Perché il genio compare solo per caso e la civiltà continua a combatterlo,Riccardo Dri,Youcanprint,2026,,https://www.ibs.it/mai-come-voluto-perche-genio-libro-riccardo-dri/e/9791224802600,False,2026-10-01
Altri Editori,https://www.ibs.it/images/9791224802266_0_0_150_0_75.jpg,Amaraugha. Le vie segrete dello yoga secondo Goraksanatha,N/D,Youcanprint,2026,,https://www.ibs.it/amaraugha-vie-segrete-dello-yoga-libro-vari/e/9791224802266,False,2026-10-05
Altri Editori,https://www.ibs.it/images/9791281382695_0_0_150_0_75.jpg,Un filosofo da operetta. Omaggio a Giacomo Leopardi nel bicentenario delle Operette Morali (1827-2027),Fulvio Baldoino,Sabatelli,2026,,https://www.ibs.it/filosofo-da-operetta-omaggio-a-libro-fulvio-baldoino/e/9791281382695,False,2026-09-30
Altri Editori,https://www.ibs.it/images/9791255355847_0_0_150_0_75.jpg,"Late show. Religion, law, and politics in Trump's age",Marcello Neri,EDUCatt Università Cattolica,2026,,https://www.ibs.it/late-show-religion-law-and-libro-marcello-neri/e/9791255355847,True,2026-10-06
Altri Editori,https://www.ibs.it/images/9788832091960_0_0_150_0_75.jpg,La filosofia di Hegel. Ciò che è vivo e ciò che è morto,Benedetto Croce,Trabant,2026,,https://www.ibs.it/filosofia-di-hegel-cio-che-libro-benedetto-croce/e/9788832091960,True,2026-10-06
Altri Editori,https://www.ibs.it/images/9788846776563_0_0_150_0_75.jpg,Italo Calvino e il sensibile saggio di estetica letteraria,Elena Mancioppi,Edizioni ETS,2026,,https://www.ibs.it/italo-calvino-sensibile-saggio-di-libro-elena-mancioppi/e/9788846776563,True,2026-10-06
Altri Editori,https://www.ibs.it/images/9791256931262_0_0_150_0_75.jpg,Segno e immagine-Le due vie,Cesare Brandi,Edizioni di Storia e Letteratura,2026,,https://www.ibs.it/segno-immagine-due-vie-libro-cesare-brandi/e/9791256931262,False,2026-09-25
Altri Editori,https://www.ibs.it/images/9788893469883_0_0_150_0_75.jpg,Metafisica della luce,Roberto Grossatesta,La Vita Felice,2026,,https://www.ibs.it/metafisica-della-luce-libro-roberto-grossatesta/e/9788893469883,False,2026-09-25
Altri Editori,https://www.ibs.it/images/9791282175050_0_0_150_0_75.jpg,Poligonie di Giovanni Gentile,N/D,Edizioni Accademia Vivarium Novum,2026,,https://www.ibs.it/poligonie-di-giovanni-gentile-libro-vari/e/9791282175050,False,2026-10-05
Altri Editori,https://www.ibs.it/images/9791281641198_0_0_150_0_75.jpg,"La felicità a un crocevia. Intelletti, rivelazione e politica nel pensiero arabo, ebraico e latino del Medioevo. Studi in memoria di Mauro Zonta",N/D,Villa Vigoni Editore,2026,,https://www.ibs.it/felicita-a-crocevia-intelletti-rivelazione-libro-vari/e/9791281641198,False,2026-10-01
Altri Editori,https://www.ibs.it/images/9791280888259_0_0_150_0_75.jpg,Cassiodoro e Sant'Anselmo,N/D,Leggimi,2026,,https://www.ibs.it/cassiodoro-sant-anselmo-libro-vari/e/9791280888259,True,2026-10-06
Altri Editori,https://www.ibs.it/images/9788877230584_0_0_150_0_75.jpg,L'umanesimo italiano del Rinascimento e il suo significato,Paul Oskar Kristeller,Ist. Italiano Studi Filosofici,2026,,https://www.ibs.it/umanesimo-italiano-del-rinascimento-suo-libro-paul-oskar-kristeller/e/9788877230584,True,2026-10-06
Altri Editori,https://www.ibs.it/images/9788855126311_0_0_150_0_75.jpg,L'uomo che voleva incontrare Dio. Miti e storie che spiegano l'inesplicabile,Saraswati Shantananda,Edizioni del faro,2026,,https://www.ibs.it/uomo-che-voleva-incontrare-dio-libro-saraswati-shantananda/e/9788855126311,False,2026-10-01
Altri Editori,https://www.ibs.it/images/9791281682351_0_0_150_0_75.jpg,La regola sanitaria salernitana. Ediz. illustrata,N/D,Ripostes,2026,,https://www.ibs.it/regola-sanitaria-salernitana-ediz-illustrata-libro-vari/e/9791281682351,False,2026-10-03
Altri Editori,https://www.ibs.it/images/9791257170462_0_0_150_0_75.jpg,Psichedelici. Nuove frontiere terapeutiche tra neuroscienze e coscienza,David Nutt,AnimaMundi Edizioni,2026,,https://www.ibs.it/psichedelici-nuove-frontiere-terapeutiche-tra-libro-david-nutt/e/9791257170462,False,2026-10-05
Altri Editori,https://www.ibs.it/images/9788836251643_0_0_150_0_75.jpg,"Compendio dei disturbi del comportamento alimentare in età pediatrica. Guida per gli operatori del settore. Aspetti epidemiologici, psicologici, psicodiagnostici, nutrizionali, internistici e clinici","Sandra Maestro,Olivia Curzio",Giovanni Fioriti Editore,2026,,https://www.ibs.it/compendio-dei-disturbi-del-comportamento-libro-sandra-maestro-olivia-curzio/e/9788836251643,False,2026-10-01
Altri Editori,https://www.ibs.it/images/9788835194781_0_0_150_0_75.jpg,Non solo farmaci. Pillole e parole in terapia,Francesco Rovetto,Franco Angeli,2026,,https://www.ibs.it/non-solo-farmaci-pillole-parole-libro-francesco-rovetto/e/9788835194781,True,2026-10-06
Altri Editori,https://www.ibs.it/images/9791224348979_0_0_150_0_75.jpg,150 anni di oculistica all'Annunziata di Cosenza. Con biografie di illustri medici cosentini,Alessandro Perrone,Autopubblicato,2026,,https://www.ibs.it/150-anni-di-oculistica-all-libro-alessandro-perrone/e/9791224348979,False,2026-10-01
Altri Editori,https://www.ibs.it/images/9791224333401_0_0_150_0_75.jpg,La cura come relazione. Un approccio neuro-relazionale ai processi di cura,Maurizio Cianetti,Autopubblicato,2026,,https://www.ibs.it/cura-come-relazione-approccio-neuro-libro-maurizio-cianetti/e/9791224333401,False,2026-10-03
Altri Editori,https://www.ibs.it/images/9788891684806_0_0_150_0_75.jpg,Concorso ASL Caserta 40 assistenti amministrativi. Teoria e test per la preparazione alle prove preselettiva e scritta. Con software di simulazione,Fosco Foglietta,Maggioli Editore,2026,,https://www.ibs.it/concorso-asl-caserta-40-assistenti-libro-fosco-foglietta/e/9788891684806,False,2026-10-01
Altri Editori,https://www.ibs.it/images/9788866086802_0_0_150_0_75.jpg,Corpi nello spazio. La medicina oltre i confini della terra,"Silvia De Francia,Francesco Chiara,Cinzia Ballesio",Neos Edizioni,2026,,https://www.ibs.it/corpi-nello-spazio-medicina-oltre-libro-vari/e/9788866086802,False,2026-10-02
Altri Editori,https://www.ibs.it/images/9788832942811_0_0_150_0_75.jpg,L'oceano della mente,Fabio Villa,Edizioni Il Papavero,2026,,https://www.ibs.it/oceano-della-mente-libro-fabio-villa/e/9788832942811,True,2026-10-06
Altri Editori,https://www.ibs.it/images/9788821451782_0_0_150_0_75.jpg,PGR. Prosthetically guided regeneration. Implantologia Digitale Multidisciplinare,"Paolo Casentini,Matteo Chiapasco",Edra,2026,,https://www.ibs.it/pgr-prosthetically-guided-regeneration-implantologia-libro-paolo-casentini-matteo-chiapasco/e/9788821451782,True,2026-10-06
Altri Editori,https://www.ibs.it/images/9791282488068_0_0_150_0_75.jpg,Parkland. Manuale tascabile di chirurgia del trauma. Ediz. italiana e inglese,N/D,Effedi Editrice,2026,,https://www.ibs.it/parkland-manuale-tascabile-di-chirurgia-libro-vari/e/9791282488068,True,2026-10-06
Altri Editori,https://www.ibs.it/images/9791257622633_0_0_150_0_75.jpg,"Tutto parte da un sorriso. Scelte consapevoli, medicina etica, storie vere: perché volersi bene è sempre una priorità",Giorgio Toffanetti,Bookness,2026,,https://www.ibs.it/tutto-parte-da-sorriso-scelte-libro-giorgio-toffanetti/e/9791257622633,False,2026-10-01
Altri Editori,https://www.ibs.it/images/9788879478892_0_0_150_0_75.jpg,Nuovo trattato di cure infermieristiche,"Anna Brugnolli,Luisa Saiani",Idelson-Gnocchi,2026,,https://www.ibs.it/nuovo-trattato-di-cure-infermieristiche-libro-anna-brugnolli-luisa-saiani/e/9788879478892,True,2026-10-06
Altri Editori,https://www.ibs.it/images/9788846775757_0_0_150_0_75.jpg,Percorsi di psicoterapia sistemico-relazionale. Dagli esordi all'approccio consenziente,Corrado Bogliolo,Edizioni ETS,2026,,https://www.ibs.it/percorsi-di-psicoterapia-sistemico-relazionale-libro-corrado-bogliolo/e/9788846775757,True,2026-10-06
Altri Editori,https://www.ibs.it/images/9791298647114_0_0_150_0_75.jpg,"Il ruolo dell'alimentazione nelle malattie autoimmuni e nella fibromialgia. Intestino, infiammazione e strategie nutrizionali per migliorare la qualità della vita",Giulio Ercolani,Fruska (Soci),2026,,https://www.ibs.it/ruolo-dell-alimentazione-nelle-malattie-libro-giulio-ercolani/e/9791298647114,False,2026-10-02
Altri Editori,https://www.ibs.it/images/9791224098560_0_0_150_0_75.jpg,"Logopedia, scuola e disabilità. Come il logopedista può lavorare a scuola, dall'infanzia alla secondaria, collaborando con l'insegnante di sostegno",Barbara Bozzetto,Youcanprint,2026,,https://www.ibs.it/logopedia-scuola-disabilita-come-logopedista-libro-barbara-bozzetto/e/9791224098560,True,2026-10-06
Altri Editori,https://www.ibs.it/images/9788898851324_0_0_150_0_75.jpg,Medici e Illuminismo in Capitanata nella transumanza di fine ‘700,Lorenzo Pellegrino,Società Storia Patria Bari,2026,,https://www.ibs.it/medici-illuminismo-in-capitanata-nella-libro-lorenzo-pellegrino/e/9788898851324,False,2026-09-30
Altri Editori,https://www.ibs.it/images/9788829118984_0_0_150_0_75.jpg,Codice civile e di procedura civile e leggi complementari 2026,N/D,La Tribuna,2026,,https://www.ibs.it/codice-civile-di-procedura-civile-libro-vari/e/9788829118984,False,2026-09-30
Altri Editori,https://www.ibs.it/images/9791255962243_0_0_150_0_75.jpg,"Orizzonte nucleare. Economia, istituzioni e futuro dell'industria italiana",Massimo Beccarello,Luiss University Press,2026,,https://www.ibs.it/orizzonte-nucleare-economia-istituzioni-futuro-libro-massimo-beccarello/e/9791255962243,True,2026-10-06
Editori Selezionati,https://www.ibs.it/images/9788836022953_0_0_150_0_75.jpg,Marketing 7.0. Guida per marketer consapevoli nell'era dell'AI,"Philip Kotler,Hermawan Kartajaya,Iwan Setiawan",Ulrico Hoepli,2026,"In un’epoca in cui l’intelligenza artificiale domina il marketing, le aziende faticano a creare un autentico engagement negli spazi fisici come in quelli digitali. Marketing 7.0 introduce approcci di marketing incentrati sulla mente che armonizzano la tecnologia con una genuina connessione umana. Scritta da Philip Kotler, una delle massime autorità mondiali nel campo, insieme a Hermawan Kartajaya e Iwan Setiawan, questa guida aiuta i professionisti del marketing a orientarsi nei contesti governati dall’AI conservando l’autenticità e creando esperienze significative per i clienti. Il libro esplora come i social media, l’intelligenza artificiale e le tecnologie immersive sblocchino nuove vie d’accesso alla comprensione della mente dei clienti, affrontando al contempo insidie critiche come l’ossessione per la performance che uccide l’autenticità. I lettori scopriranno tecniche di mappatura cognitiva per estrapolare insight approfonditi e impareranno a coinvolgere gli “esseri umani aumentati”, un pubblico frammentato di individui selettivi e attenti al risparmio. L’opera propone schemi di riferimento pratici per il brand storytelling, mostrando tre percorsi per entrare nella mente dei clienti, e insegna a sfruttare i pregiudizi umani nell’elaborazione delle value proposition. Gli autori descrivono strategie per costruire rapporti di fiducia e progettare customer experience memorabili che ispirino advocacy. Coinvolgente e accessibile, il nuovo lavoro di Kotler colma il divario tra innovazione tecnologica e marketing incentrato sull’essere umano, mostrando come definire un posizionamento per l’imprenditoria sociale, creare differenziazione attraverso i principi dell’economia circolare e costruire brand orientati a un purpose, in cui i consumatori moderni possano riconoscersi. Marketing 7.0 disegna sapientemente l’itinerario verso una convergenza genuina tra i canali e il coinvolgimento autentico dei clienti nell’era dell’AI.",https://www.ibs.it/marketing-70-guida-per-marketer-libro-vari/e/9788836022953,True,2026-10-06
Altri Editori,https://www.ibs.it/images/9788891446923_0_0_150_0_75.jpg,Comune di Napoli 110 funzionari. 51 assistenti sociali (COD.ASS/D-2026). Manuale. Con espansioni online. Con software per la simulazione della prova,N/D,Edizioni Giuridiche Simone,2026,,https://www.ibs.it/comune-di-napoli-110-funzionari-libro-vari/e/9788891446923,False,2026-10-05
Altri Editori,https://www.ibs.it/images/9791282428132_0_0_150_0_75.jpg,Il mito McLaren. La nobiltà britannica della Formula 1,Francesco Domenighini,DFG Lab,2026,,https://www.ibs.it/mito-mclaren-nobilta-britannica-della-libro-francesco-domenighini/e/9791282428132,False,2026-10-03
Altri Editori,https://www.ibs.it/images/9788891684318_0_0_150_0_75.jpg,"Organizzare l'intelligenza artificiale in azienda. Ruoli, competenze e responsabilità secondo la UNI 11621-8:2026","Michele Iaselli,Valeria Lazzaroli,Luciano Tarantino",Maggioli Editore,2026,,https://www.ibs.it/organizzare-intelligenza-artificiale-in-azienda-libro-vari/e/9788891684318,False,2026-10-02
Altri Editori,https://www.ibs.it/images/9788891682970_0_0_150_0_75.jpg,"Contratti esclusi e attivi nella P.A. Guida pratica, adempimenti fiscali e modulistica per la gestione di affidamenti fiduciari, accordi e valorizzazione del patrimonio nel nuovo codice dei contratti pubblici","Pietro Salomone,Michele Salomone",Maggioli Editore,2026,,https://www.ibs.it/contratti-esclusi-attivi-nella-pa-libro-pietro-salomone-michele-salomone/e/9788891682970,False,2026-09-30
Altri Editori,https://www.ibs.it/images/9788891446992_0_0_150_0_75.jpg,Comune di Napoli 110 Funzionari. 24 Educatori Professionali (COD. EDUP/D-2026). Manuale per la preparazione. Prova scritta unica. Manuale + quiz. Con espansioni online. Con software per la simulazione della prova,N/D,Edizioni Giuridiche Simone,2026,,https://www.ibs.it/comune-di-napoli-110-funzionari-libro-vari/e/9788891446992,False,2026-10-02
Altri Editori,https://www.ibs.it/images/9788891446947_0_0_150_0_75.jpg,Comune di Napoli 110 Funzionari. 35 Funzionari Psicologi (COD. PSI/D-2026). Manuale per la preparazione. Prova scritta unica. Manuale + quiz. Con espansione online. Con software per la simulazione della prova,N/D,Edizioni Giuridiche Simone,2026,,https://www.ibs.it/comune-di-napoli-110-funzionari-libro-vari/e/9788891446947,False,2026-10-02
Editori Selezionati,https://www.ibs.it/images/9788836825332_0_0_150_0_75.jpg,La validazione come parte essenziale dell'uso e dell’etica dell’intelligenza artificiale,N/D,Passigli,2026,"La rapida diffusione delle tecniche di IA ha sollecitato un’offerta di servizi da parte di società talvolta senza adeguate referenze. Inoltre gli acquirenti di questi servizi devono avvalersi delle elaborazioni dei propri dipendenti, non sempre idonei a valutare la rispondenza delle soluzioni adottate agli obiettivi perseguiti. Nel caso dei Consigli di Amministrazione la distanza da colmare tra queste scelte e le responsabilità che ne derivano è ancora più rilevante. Si consideri che in passato un analogo problema si è posto per i bilanci societari, spesso non rispondenti all’effettiva situazione dell’impresa, e tali da offrire ai finanziatori informazioni non sempre sufficienti per valutare il merito di credito. A ciò si pose rimedio attraverso la introduzione obbligatoria della certificazione i cui risultati vengono espressi tramite rating. Attualmente, i bilanci sono già elaborati con algoritmi IA relativamente semplici, che ricevono istruzioni dai manager su come combinare i dati contabili elementari sulla base di obiettivi che, oltre agli aspetti tributari, devono incorporare la loro coerenza con la normativa. Nella stessa direzione si deve andare per quanto concerne i servizi di IA. A tal fine, un gruppo di ricerca creato dalla IIEC e dal Quantum & AI Lab della LUISS Guido Carli ha studiato da tempo questa necessità e i risultati raggiunti sono stati illustrati nel corso del convegno nel quale sono stati altresì esaminati e approfonditi i numerosi problemi giuridici che ne nascono. Prefazione di Giuseppe Morbidelli.",https://www.ibs.it/validazione-come-parte-essenziale-dell-libro-vari/e/9788836825332,True,2026-10-06
Altri Editori,https://www.ibs.it/images/9788891446961_0_0_150_0_75.jpg,Segretariato Generale della Presidenza della Repubblica. 6 Referendari amministrativi. Manuale per la preparazione. Prova preselettiva e scritta. Manuale e quiz. Con Espansioni online. Con Software per la simulazione della prova,N/D,Edizioni Giuridiche Simone,2026,,https://www.ibs.it/segretariato-generale-della-presidenza-della-libro-vari/e/9788891446961,True,2026-10-06
Altri Editori,https://www.ibs.it/images/9788829119066_0_0_150_0_75.jpg,Codice civile e leggi complementari 2026,N/D,La Tribuna,2026,,https://www.ibs.it/codice-civile-leggi-complementari-2026-libro-vari/e/9788829119066,False,2026-09-30
Altri Editori,https://www.ibs.it/images/9788823824225_0_0_150_0_75.jpg,Crescita istituzioni e sviluppo economico,"Paolo Buonanno,Giampaolo Lecce,Laura Ogliari",EGEA,2026,,https://www.ibs.it/crescita-istituzioni-sviluppo-economico-libro-vari/e/9788823824225,False,2026-10-02
Altri Editori,https://www.ibs.it/images/9788891684738_0_0_150_0_75.jpg,Concorso Regione Umbria PuntoZero S.c.ar.l 100 Operatore/Operatrice CUP. Prova scritta. Manuale completo per la preparazione. Con simulatore online. Con tutor digitale,N/D,Maggioli Editore,2026,,https://www.ibs.it/concorso-regione-umbria-puntozero-scarl-libro-vari/e/9788891684738,False,2026-09-30
Altri Editori,https://www.ibs.it/images/9791221121162_0_0_150_0_75.jpg,Il sistema penale,"Carlo Sotis,Grazia Mannozzi,Marco Scoletta",Giappichelli,2026,,https://www.ibs.it/sistema-penale-libro-vari/e/9791221121162,True,2026-10-06
Altri Editori,https://www.ibs.it/images/9788891446862_0_0_150_0_75.jpg,Schemi & schede di diritto del lavoro,N/D,Edizioni Giuridiche Simone,2026,,https://www.ibs.it/schemi-schede-di-diritto-del-libro-vari/e/9788891446862,False,2026-10-02
Altri Editori,https://www.ibs.it/images/9791259981318_0_0_150_0_75.jpg,"Stand up Coop! Il punto di rottura del modello cooperativo, visto dall'interno",Enrico Quarello,Luca Sossella Editore,2026,,https://www.ibs.it/stand-up-coop-punto-di-libro-enrico-quarello/e/9791259981318,True,2026-10-06
Altri Editori,https://www.ibs.it/images/9788835194613_0_0_150_0_75.jpg,Digital banking. Dal dato al valore nell'era dell'intermediazione algoritmica,Sabrina Leo,Franco Angeli,2026,,https://www.ibs.it/digital-banking-dal-dato-al-libro-sabrina-leo/e/9788835194613,True,2026-10-06
Altri Editori,https://www.ibs.it/images/9788891684011_0_0_150_0_75.jpg,Concorso Agenzia delle Dogane e Monopoli 2026. 480 Assistenti amministrativi. Teoria e test per la preparazione al concorso. Con software di simulazione,N/D,Maggioli Editore,2026,,https://www.ibs.it/concorso-agenzia-delle-dogane-monopoli-libro-vari/e/9788891684011,False,2026-09-30
Altri Editori,https://www.ibs.it/images/9788891446916_0_0_150_0_75.jpg,Ipercompendio di diritto amministrativo,N/D,Edizioni Giuridiche Simone,2026,,https://www.ibs.it/ipercompendio-di-diritto-amministrativo-libro-vari/e/9788891446916,False,2026-10-02
Altri Editori,https://www.ibs.it/images/9791282152334_0_0_150_0_75.jpg,Vinegrié,Nanni Gianaria,Fusta Editore,2026,,https://www.ibs.it/vinegrie-libro-nanni-gianaria/e/9791282152334,True,2026-10-06
Altri Editori,https://www.ibs.it/images/9791281033429_0_0_150_0_75.jpg,"Economia per tutti. Capire gli operatori economici, gli scambi, la moneta e l'economia della vita quotidiana",Vanda Zoccali,Edizioni Vallescrivia,2026,,https://www.ibs.it/economia-per-tutti-capire-operatori-libro-vanda-zoccali/e/9791281033429,False,2026-10-02
Altri Editori,https://www.ibs.it/images/9791280430717_0_0_150_0_75.jpg,Codice dell'edilizia e dell'urbanistica,N/D,CEL Editrice,2026,,https://www.ibs.it/codice-dell-edilizia-dell-urbanistica-libro-vari/e/9791280430717,False,2026-10-01
Altri Editori,https://www.ibs.it/images/9791280430694_0_0_150_0_75.jpg,I principi contabili per gli enti locali. Principi generali ed applicati. Vol. 2,N/D,CEL Editrice,2026,,https://www.ibs.it/principi-contabili-per-enti-locali-libro-vari/e/9791280430694,False,2026-10-01
Altri Editori,https://www.ibs.it/images/9791280015679_0_0_150_0_75.jpg,Harvard Business Review Italia. Ottobre (2026),N/D,Strategiqs,2026,,https://www.ibs.it/harvard-business-review-italia-ottobre-libro-vari/e/9791280015679,False,2026-10-02
Altri Editori,https://www.ibs.it/images/9791257810375_0_0_150_0_75.jpg,Sindacalista per ventura,Arduino Baietto,Araba Fenice,2026,,https://www.ibs.it/sindacalista-per-ventura-libro-arduino-baietto/e/9791257810375,True,2026-10-06
Altri Editori,https://www.ibs.it/images/9791257710958_0_0_150_0_75.jpg,Introduzione al diritto del turismo sostenibile,"Francesca Leotta,Francesco Paterniti",Pacini Giuridica,2026,,https://www.ibs.it/introduzione-al-diritto-del-turismo-libro-francesca-leotta-francesco-paterniti/e/9791257710958,False,2026-10-05
Altri Editori,https://www.ibs.it/images/9791257710781_0_0_150_0_75.jpg,"Manuale del diritto di asilo. Aggiornato con il Patto europeo sulla migrazione e l'asilo e con la Legge 7 agosto 2026, n. 145, che ha convertito il decreto-legge 12 giugno 2026, n. 100",Marco Gattuso,Pacini Giuridica,2026,,https://www.ibs.it/manuale-del-diritto-di-asilo-libro-marco-gattuso/e/9791257710781,False,2026-10-05
Altri Editori,https://www.ibs.it/images/9791255860471_0_0_150_0_75.jpg,Società in house. Modalità di affidamento e gestione del modello,Maria Francesca Mattei,Legislazione Tecnica,2026,,https://www.ibs.it/societa-in-house-modalita-di-libro-maria-francesca-mattei/e/9791255860471,False,2026-10-01
Altri Editori,https://www.ibs.it/images/9791255860464_0_0_150_0_75.jpg,"Prevenzione della corruzione negli uffici tecnici. Modelli operativi e analisi predittiva nei settori urbanistica, edilizia e appalti pubblici",Biagio Bisignani,Legislazione Tecnica,2026,,https://www.ibs.it/prevenzione-della-corruzione-negli-uffici-libro-biagio-bisignani/e/9791255860464,False,2026-10-01
Altri Editori,https://www.ibs.it/images/9791255860457_0_0_150_0_75.jpg,GDPR e codice privacy annotati,"Laura Liguori,Giulio Novellini,Eleonora Curreli",Legislazione Tecnica,2026,,https://www.ibs.it/gdpr-codice-privacy-annotati-libro-vari/e/9791255860457,False,2026-10-01
Altri Editori,https://www.ibs.it/images/9791222931449_0_0_150_0_75.jpg,Tutto si trasforma. Sei pezzi facili per capire l'economia,"Leo Ferraris,Giovanna Iannantuoni",EGEA,2026,,https://www.ibs.it/tutto-si-trasforma-sei-pezzi-libro-leo-ferraris-giovanna-iannantuoni/e/9791222931449,True,2026-10-06
Altri Editori,https://www.ibs.it/images/9791222931418_0_0_150_0_75.jpg,"Distribuire futuro. Tendenze, casi e strategie per il retail di domani","Francesco Morace,Marco Zanardi",EGEA,2026,,https://www.ibs.it/distribuire-futuro-tendenze-casi-strategie-libro-francesco-morace-marco-zanardi/e/9791222931418,True,2026-10-06
Altri Editori,https://www.ibs.it/images/9791221510850_0_0_150_0_75.jpg,Uno strumento vivente: l’impatto della CEDU sull’ordinamento italiano a 75 anni dalla sua adozione,N/D,Firenze University Press,2026,,https://www.ibs.it/strumento-vivente-impatto-della-cedu-libro-vari/e/9791221510850,True,2026-10-06
Altri Editori,https://www.ibs.it/images/9791221122695_0_0_150_0_75.jpg,Codice di giustizia amministrativa. Con note di legislazione e giurisprudenza,Giovanni D'Angelo,Giappichelli,2026,,https://www.ibs.it/codice-di-giustizia-amministrativa-con-libro-giovanni-d-angelo/e/9791221122695,True,2026-10-06
Altri Editori,https://www.ibs.it/images/9791221122008_0_0_150_0_75.jpg,Antologia di casi giurisprudenziali. Materiali per lo studio del diritto privato,N/D,Giappichelli,2026,,https://www.ibs.it/antologia-di-casi-giurisprudenziali-materiali-libro-vari/e/9791221122008,False,2026-10-01
Altri Editori,https://www.ibs.it/images/9791221121988_0_0_150_0_75.jpg,Manuale di diritto penale del lavoro,Federico Consulich,Giappichelli,2026,,https://www.ibs.it/manuale-di-diritto-penale-del-libro-federico-consulich/e/9791221121988,False,2026-10-01
Altri Editori,https://www.ibs.it/images/9791221121971_0_0_150_0_75.jpg,Marketibility: la rivoluzione responsabile delle 7P del marketing,"Chiara Civera,Brigida Morelli",Giappichelli,2026,,https://www.ibs.it/marketibility-rivoluzione-responsabile-delle-7p-libro-chiara-civera-brigida-morelli/e/9791221121971,True,2026-10-06
Altri Editori,https://www.ibs.it/images/9791221121704_0_0_150_0_75.jpg,I postulati del bilancio d'esercizio,Marco Maffei,Giappichelli,2026,,https://www.ibs.it/postulati-del-bilancio-d-esercizio-libro-marco-maffei/e/9791221121704,True,2026-10-06
Altri Editori,https://www.ibs.it/images/9791221121179_0_0_150_0_75.jpg,Diritto penale,Marco Pelissero,Giappichelli,2026,,https://www.ibs.it/diritto-penale-libro-marco-pelissero/e/9791221121179,False,2026-10-01
Altri Editori,https://www.ibs.it/images/9791221121094_0_0_150_0_75.jpg,Principi e strumenti dell'indagine tecnologica. Diritto e tecnica nell'investigazione penale,"Marina Baldi,Sebastiano Battiato,Elisabetta De Vittori",Giappichelli,2026,,https://www.ibs.it/principi-strumenti-dell-indagine-tecnologica-libro-vari/e/9791221121094,True,2026-10-06
Altri Editori,https://www.ibs.it/images/9791221119633_0_0_150_0_75.jpg,Una filosofia del giusto,Stéphane Bauzon,Giappichelli,2026,,https://www.ibs.it/filosofia-del-giusto-libro-stephane-bauzon/e/9791221119633,False,2026-10-01
Altri Editori,https://www.ibs.it/images/9788891684066_0_0_150_0_75.jpg,"Cybercrime. Reati informatici, indagini e prova digitale",Giuseppe Corasaniti,Maggioli Editore,2026,,https://www.ibs.it/cybercrime-reati-informatici-indagini-prova-libro-giuseppe-corasaniti/e/9788891684066,False,2026-10-03
Altri Editori,https://www.ibs.it/images/9788891683922_0_0_150_0_75.jpg,Struttura e dinamiche del mercato pubblicitario. Un approccio strategico nell'era delle piattaforme,"Marco Dall'Olio,Valeria Donato",Maggioli Editore,2026,,https://www.ibs.it/struttura-dinamiche-del-mercato-pubblicitario-libro-marco-dall-olio-valeria-donato/e/9788891683922,False,2026-10-01
Altri Editori,https://www.ibs.it/images/9788891683885_0_0_150_0_75.jpg,Consulente del lavoro esame di abilitazione. Guida alle prove scritte. Temi svolti di Diritto del Lavoro e Legislazione sociale (1ª prova). Prove teoriche-pratiche di Diritto tributario (2ª prova),Luigi Tramontano,Maggioli Editore,2026,,https://www.ibs.it/consulente-del-lavoro-esame-di-libro-luigi-tramontano/e/9788891683885,False,2026-09-30
Altri Editori,https://www.ibs.it/images/9788891683786_0_0_150_0_75.jpg,Come gestire il contenzioso dei bonus edilizi. Guida pratica con oltre 110 casi risolti,Fabiola Pietrella,Maggioli Editore,2026,,https://www.ibs.it/come-gestire-contenzioso-dei-bonus-libro-fabiola-pietrella/e/9788891683786,False,2026-09-30
Altri Editori,https://www.ibs.it/images/9788891683564_0_0_150_0_75.jpg,"Affitto d'azienda. Guida completa e operativa, ammortamenti, fondo di ripristino e intersezioni con le operazioni straordinarie",Luciano Sorgato,Maggioli Editore,2026,,https://www.ibs.it/affitto-d-azienda-guida-completa-libro-luciano-sorgato/e/9788891683564,False,2026-09-30
Altri Editori,https://www.ibs.it/images/9788891683021_0_0_150_0_75.jpg,Guida operativa al concorso per tecnico comunale. Come prepararsi. Con simulatore online. Con tutor digitale,Vito Bivacco,Maggioli Editore,2026,,https://www.ibs.it/guida-operativa-al-concorso-per-libro-vito-bivacco/e/9788891683021,False,2026-10-01
Altri Editori,https://www.ibs.it/images/9788891446930_0_0_150_0_75.jpg,Nuovo codice dei contratti pubblici 2026,N/D,Edizioni Giuridiche Simone,2026,,https://www.ibs.it/nuovo-codice-dei-contratti-pubblici-libro-vari/e/9788891446930,False,2026-10-03
Altri Editori,https://www.ibs.it/images/9788875342487_0_0_150_0_75.jpg,Strategie di impresa e potere di mercato. Esercizi e applicazioni,Valeria Gattai,EGEA Tools,2026,,https://www.ibs.it/strategie-di-impresa-potere-di-libro-valeria-gattai/e/9788875342487,False,2026-10-05
Editori Selezionati,https://www.ibs.it/images/9788859831143_0_0_150_0_75.jpg,Il fondo interbancario di tutela dei depositi. Funzione ed evoluzione sistemica,Andrea Miglionico,Utet Giuridica,2026,,https://www.ibs.it/fondo-interbancario-di-tutela-dei-libro-andrea-miglionico/e/9788859831143,False,2026-10-05
Altri Editori,https://www.ibs.it/images/9788849890969_0_0_150_0_75.jpg,"Economics of cybersecurity. Incentivi, fallimenti di mercato e rischio sistemico nell'economia digitale",Fabio Bisogni,Rubbettino,2026,,https://www.ibs.it/economics-of-cybersecurity-incentivi-fallimenti-libro-fabio-bisogni/e/9788849890969,False,2026-09-30
Altri Editori,https://www.ibs.it/images/9788849890860_0_0_150_0_75.jpg,Istituzioni del federalismo. Rivista di studi giuridici e politici (2026). Vol. 1: Uniformità e differenziazione nel diritto degli enti locali,N/D,Rubbettino,2026,,https://www.ibs.it/istituzioni-del-federalismo-rivista-di-libro-vari/e/9788849890860,False,2026-09-30
Altri Editori,https://www.ibs.it/images/9788849890778_0_0_150_0_75.jpg,Tracciare il futuro. Il sistema pensionistico italiano in una prospettiva di solidarietà intergenerazionale,N/D,Rubbettino,2026,,https://www.ibs.it/tracciare-futuro-sistema-pensionistico-italiano-libro-vari/e/9788849890778,False,2026-09-30
Altri Editori,https://www.ibs.it/images/9788848181945_0_0_150_0_75.jpg,La nuova disciplina dei reati alimentari,Carlo Correra,Tecniche Nuove,2026,,https://www.ibs.it/nuova-disciplina-dei-reati-alimentari-libro-carlo-correra/e/9788848181945,False,2026-10-01
Altri Editori,https://www.ibs.it/images/9788846513571_0_0_150_0_75.jpg,La missione della curia romana tra storia e riforma. Lettura ecclesiologico-canonistica alla luce di Praedicate Evangelium,Antonio Peduto,Lateran University Press,2026,,https://www.ibs.it/missione-della-curia-romana-tra-libro-antonio-peduto/e/9788846513571,False,2026-10-05
Altri Editori,https://www.ibs.it/images/9788835196105_0_0_150_0_75.jpg,Economia aziendale. Ediz. ampliata,"Aurelio Tommasetti,Marco Bisogno",Franco Angeli,2026,,https://www.ibs.it/economia-aziendale-ediz-ampliata-libro-aurelio-tommasetti-marco-bisogno/e/9788835196105,True,2026-10-06
Altri Editori,https://www.ibs.it/images/9788835196099_0_0_150_0_75.jpg,"FinTech: rethinking financial intermediation. Innovation, markets, and regulation","Stefano Bonini,Giuliana Caivano",Franco Angeli,2026,,https://www.ibs.it/fintech-rethinking-financial-intermediation-innovation-libro-stefano-bonini-giuliana-caivano/e/9788835196099,True,2026-10-06
Altri Editori,https://www.ibs.it/images/9788835194866_0_0_150_0_75.jpg,"La vita nascosta delle organizzazioni. Dove si formano leadership, fiducia e risultati",Giuseppe Codeluppi,Franco Angeli,2026,,https://www.ibs.it/vita-nascosta-delle-organizzazioni-dove-libro-giuseppe-codeluppi/e/9788835194866,True,2026-10-06
Altri Editori,https://www.ibs.it/images/9788823852266_0_0_150_0_75.jpg,"Dietro le quinte dei grandi hotel. Aneddoti, persone e sostenibilità nell'ospitalità a cinque stelle",Giorgio Caire di Lauzet,EGEA,2026,,https://www.ibs.it/dietro-quinte-dei-grandi-hotel-libro-giorgio-caire-di-lauzet/e/9788823852266,False,2026-10-02
Altri Editori,https://www.ibs.it/images/9788813391508_0_0_150_0_75.jpg,Diritto amministrativo,Elisa D'Alterio,CEDAM,2026,,https://www.ibs.it/diritto-amministrativo-libro-elisa-d-alterio/e/9788813391508,False,2026-10-05
Altri Editori,https://www.ibs.it/images/9791224093831_0_0_150_0_75.jpg,Il Sistemista Enterprise 360°. Vol. 2,Stefano Zannoni,Youcanprint,2026,,https://www.ibs.it/sistemista-enterprise-360-vol-2-libro-stefano-zannoni/e/9791224093831,False,2026-10-01
Altri Editori,https://www.ibs.it/images/9791224083177_0_0_150_0_75.jpg,Gestione delle commesse edili,Simone Soardo,Youcanprint,2026,,https://www.ibs.it/gestione-delle-commesse-edili-libro-simone-soardo/e/9791224083177,False,2026-10-05
Altri Editori,https://www.ibs.it/images/9791298668263_0_0_150_0_75.jpg,"Executive business growth. Building enduring organisations through strategy, leadership and execution",Anna Guarneri,AG Executive Press,2026,,https://www.ibs.it/executive-business-growth-building-enduring-libro-anna-guarneri/e/9791298668263,True,2026-10-06
Altri Editori,https://www.ibs.it/images/9791298543836_0_0_150_0_75.jpg,L'archetypal branding è una cagata pazzesca. Un manifesto contro gli archetipi di brand in azienda e contro chi li insegna come scienza,Samuel Gentile,Liquid Diamond,2026,,https://www.ibs.it/archetypal-branding-cagata-pazzesca-manifesto-libro-samuel-gentile/e/9791298543836,True,2026-10-06
Altri Editori,https://www.ibs.it/images/9791224803898_0_0_150_0_75.jpg,Agenda legale 2027,Agostino La Rana,Youcanprint,2026,,https://www.ibs.it/agenda-legale-2027-libro-agostino-la-rana/e/9791224803898,True,2026-10-06
Altri Editori,https://www.ibs.it/images/9791224802457_0_0_150_0_75.jpg,"Il modello sociale europeo. Effettività dei diritti, convergenza e trasformazioni dell'Europa sociale dal 2017 al 2026",Andrea Ferretti,Youcanprint,2026,,https://www.ibs.it/modello-sociale-europeo-effettivita-dei-libro-andrea-ferretti/e/9791224802457,True,2026-10-06
Altri Editori,https://www.ibs.it/images/9791221121711_0_0_150_0_75.jpg,Fonti normative di diritto ecclesiastico,"Giovanni Barberini,Marco Canonico",Giappichelli,2026,,https://www.ibs.it/fonti-normative-di-diritto-ecclesiastico-libro-giovanni-barberini-marco-canonico/e/9791221121711,True,2026-10-06
Altri Editori,https://www.ibs.it/images/9791221121063_0_0_150_0_75.jpg,Diritto processuale civile. Processi speciali e procedure alternative. Vol. 3,"Crisanto Mandrioli,Antonio Carratta",Giappichelli,2026,,https://www.ibs.it/diritto-processuale-civile-processi-speciali-libro-crisanto-mandrioli-antonio-carratta/e/9791221121063,True,2026-10-06
Altri Editori,https://www.ibs.it/images/9788875435615_0_0_150_0_75.jpg,Microeconomia,"Hal R. Varian,Marc J. Melitz",Libreria Editrice Cafoscarina,2026,,https://www.ibs.it/microeconomia-libro-hal-r-varian-marc-j-melitz/e/9788875435615,False,2026-10-01
Altri Editori,https://www.ibs.it/images/9788849562934_0_0_150_0_75.jpg,La tutela inibitoria nel mondo digitale,Federico Ungaretti Dell'Immagine,Edizioni Scientifiche Italiane,2026,,https://www.ibs.it/tutela-inibitoria-nel-mondo-digitale-libro-federico-ungaretti-dell-immagine/e/9788849562934,True,2026-10-06
Altri Editori,https://www.ibs.it/images/9788849562743_0_0_150_0_75.jpg,"Europa. Autonomia, autonomie, autonomia differenziata",N/D,Edizioni Scientifiche Italiane,2026,,https://www.ibs.it/europa-autonomia-autonomie-autonomia-differenziata-libro-vari/e/9788849562743,True,2026-10-06
Altri Editori,https://www.ibs.it/images/9788828885719_0_0_150_0_75.jpg,La responsabilità professionale,Giuseppe Musolino,Giuffrè,2026,,https://www.ibs.it/responsabilita-professionale-libro-giuseppe-musolino/e/9788828885719,True,2026-10-06
Altri Editori,https://www.ibs.it/images/9788828884705_0_0_150_0_75.jpg,Il concetto di diritto e la Corte di Giustizia dell'Unione europea,Jacopo Volpi,Giuffrè,2026,,https://www.ibs.it/concetto-di-diritto-corte-di-libro-jacopo-volpi/e/9788828884705,True,2026-10-06
Altri Editori,https://www.ibs.it/images/9788828879411_0_0_150_0_75.jpg,Controversie bancarie. Casi e soluzioni giurisprudenziali,Fabio Fiorucci,Giuffrè,2026,,https://www.ibs.it/controversie-bancarie-casi-soluzioni-giurisprudenziali-libro-fabio-fiorucci/e/9788828879411,False,2026-10-02
Altri Editori,https://www.ibs.it/images/9788828876519_0_0_150_0_75.jpg,L'aumento del capitale sociale delle S.r.l,Alberto Cimmino Nelson,Giuffrè,2026,,https://www.ibs.it/aumento-del-capitale-sociale-delle-libro-alberto-cimmino-nelson/e/9788828876519,False,2026-10-05
Altri Editori,https://www.ibs.it/images/9788828875789_0_0_150_0_75.jpg,I riti alternativi,N/D,Giuffrè,2026,,https://www.ibs.it/riti-alternativi-libro-vari/e/9788828875789,True,2026-10-06
Altri Editori,https://www.ibs.it/images/9788828875116_0_0_150_0_75.jpg,Diritto internazionale privato per l'attività notarile,Chiara Nobili,Giuffrè,2026,,https://www.ibs.it/diritto-internazionale-privato-per-attivita-libro-chiara-nobili/e/9788828875116,True,2026-10-06
Altri Editori,https://www.ibs.it/images/9788828863748_0_0_150_0_75.jpg,I brevetti per invenzione e per modello di utilità. I disegni e modelli. Artt. 2584-2594,"Vincenzo Di Cataldo,Davide Arcidiacono",Giuffrè,2026,,https://www.ibs.it/brevetti-per-invenzione-per-modello-libro-vincenzo-di-cataldo-davide-arcidiacono/e/9788828863748,True,2026-10-06
Altri Editori,https://www.ibs.it/images/9788821787812_0_0_150_0_75.jpg,Italian company law,"Davide Mascagni,Valerio Piacentini",Ipsoa,2026,,https://www.ibs.it/italian-company-law-libro-davide-mascagni-valerio-piacentini/e/9788821787812,False,2026-10-05
Altri Editori,https://www.ibs.it/images/9791298572331_0_0_150_0_75.jpg,"Per filo, per segno. Dall'ingegno di Luciano Savio ai manifesti del '900: un viaggio nella storia del tessile. Ediz. bilingue",N/D,Palazzo del Fumetto,2026,,https://www.ibs.it/per-filo-per-segno-dall-libro-vari/e/9791298572331,False,2026-10-02
Altri Editori,https://www.ibs.it/images/9788849562798_0_0_150_0_75.jpg,Diritto civile minorile,"Alessandra Cordiano,Roberto Senigaglia",Edizioni Scientifiche Italiane,2026,,https://www.ibs.it/diritto-civile-minorile-libro-alessandra-cordiano-roberto-senigaglia/e/9788849562798,True,2026-10-06
Altri Editori,https://www.ibs.it/images/9788835196082_0_0_150_0_75.jpg,"Gli economisti hanno fatto anche cose buone. Economia, potere e altri modi di capire il mondo",Lucio Picci,Franco Angeli,2026,,https://www.ibs.it/economisti-hanno-fatto-anche-cose-libro-lucio-picci/e/9788835196082,True,2026-10-06
Altri Editori,https://www.ibs.it/images/9788891679680_0_0_150_0_75.jpg,Casi professionali di creazione della holding,"Silvia Bettiol,Ennio Vial",Maggioli Editore,2026,,https://www.ibs.it/casi-professionali-di-creazione-della-libro-silvia-bettiol-ennio-vial/e/9788891679680,False,2026-10-02
Altri Editori,https://www.ibs.it/images/9788858219829_0_0_150_0_75.jpg,Codice civile annotato con la giurisprudenza. Con Aggiornamento online,"Francesco Caringella,Roberto Pardolesi",Dike Giuridica,2026,,https://www.ibs.it/codice-civile-annotato-con-giurisprudenza-libro-francesco-caringella-roberto-pardolesi/e/9788858219829,True,2026-10-06
Altri Editori,https://www.ibs.it/images/9788812012626_0_0_150_0_75.jpg,Corte Costituzionale. Settant'anni di giurisprudenza (1956-2026),N/D,Treccani,2026,,https://www.ibs.it/corte-costituzionale-settant-anni-di-libro-vari/e/9788812012626,True,2026-10-06
Altri Editori,https://www.ibs.it/images/9791298679801_0_0_150_0_75.jpg,"Il manuale di marketing per le PMI italiane. Capire, misurare, investire: dati, advertising e AI per chi guida un'impresa",Dario Pagnoni,Veda Publishing,2026,,https://www.ibs.it/manuale-di-marketing-per-pmi-libro-dario-pagnoni/e/9791298679801,False,2026-10-05
Altri Editori,https://www.ibs.it/images/9788891684035_0_0_150_0_75.jpg,Pianificazione strategica per PMI,Marcella Caradonna,Maggioli Editore,2026,,https://www.ibs.it/pianificazione-strategica-per-pmi-libro-marcella-caradonna/e/9788891684035,False,2026-10-02
Altri Editori,https://www.ibs.it/images/9788891683571_0_0_150_0_75.jpg,La trasformazione da Associazione sportiva dilettantistica a Società sportiva dilettantistica,Patrizia Sideri,Maggioli Editore,2026,,https://www.ibs.it/trasformazione-da-associazione-sportiva-dilettantistica-libro-patrizia-sideri/e/9788891683571,False,2026-10-02
Altri Editori,https://www.ibs.it/images/9788855005067_0_0_150_0_75.jpg,Dall'econometria all'e.conometria:. verso un nuovo modello di comprensione economica?,Luciana La Stella,NeP edizioni,2026,,https://www.ibs.it/dall-econometria-all-econometria-verso-libro-luciana-la-stella/e/9788855005067,False,2026-10-05
Altri Editori,https://www.ibs.it/images/9788828879404_0_0_150_0_75.jpg,Le operazioni di gestione straordinaria,Giuseppe Savioli,Giuffrè,2026,,https://www.ibs.it/operazioni-di-gestione-straordinaria-libro-giuseppe-savioli/e/9788828879404,False,2026-10-05
