Categoria,Data_Aggiunta,Editore,Copertina,Titolo,Autore,Descrizione,Link
Novità,2026-10-08,Penguin Random House,https://images2.penguinrandomhouse.com/cover/9780593446096,Tell Me Everything: Oprah’s Book Club Reader’s Guide,Elizabeth Strout,N/D,https://www.penguinrandomhouse.com/books/706912/tell-me-everything-oprahs-book-club-by-elizabeth-strout/9780593446096/readers-guide/
Novità,2026-10-08,Penguin Random House,https://images2.penguinrandomhouse.com/cover/9780385550369,James (Pulitzer Prize Winner) Reader’s Guide,Percival Everett,N/D,https://www.penguinrandomhouse.com/books/738749/james-by-percival-everett/9780385550369/readers-guide/
Novità,2026-10-08,Penguin Random House,https://images4.penguinrandomhouse.com/cover/9798217386000,Something is Killing the Children #50,Comic Script byJames Tynion IVIllustrated byWerther Dell’Edera,"Witness the return of Erica Slaughter in this momentous milestone issue for the bestselling horror phenomenon! Jump back into present-day storyline of Erica Slaughter after the horrifying events of the Tribulation saga! Erica, completely distraught from her encounter with Cutter and the death of Gabi, is on the run from the Order. In her escape, she turns to a formative place for her: the Valmont Mountain Lodge. But beyond memories of her past, what and who will Erica find there now awaiting her?",https://www.penguinrandomhouse.com/books/852735/something-is-killing-the-children-50-by-james-tynion-iv/
Novità,2026-10-08,Penguin Random House,https://images1.penguinrandomhouse.com/cover/9780307906915,Hotel and Farm,Ben KatchorOn Tour,"From award-winning cartoonist and author of The Dairy Restaurant , Real Estate Photographer , and The Jew of New York : a new collection of graphic narratives preserved in Ben Katchor’s timeless illustrations. Late one night, in an Echoic City basement cafeteria, a group of story-addicts linger after dinner to share 140 tales that examine the mysteries and idiosyncrasies of hotel culture and agriculture. The hotel stories explore the erotic quality of miniature shampoo containers, the pleasures of life between international time zones, the dangers of glossy magazines, and the hotel lobby as a breeding ground for petty crime. The agriculture stories detail the little-known practice of twice-killing meat, the cultivation and sale of exotic produce, the whitewashing of trees, and the arrangement of fruit as an art form. With Ben Katchor’s signature style and wit, the stories in Hotel and Farm weave together the joys and woes of both industries into one unprecedented and unerring graphic novel.",https://www.penguinrandomhouse.com/books/213742/hotel-and-farm-by-ben-katchor/
Novità,2026-10-08,Penguin Random House,https://images4.penguinrandomhouse.com/cover/9780345806932,The Most of Nora Ephron,Nora EphronIntroduction byMeg WolitzerOn Tour,"A whopping big celebration of the work of the late, great Nora Ephron, America’s funniest—and most acute—writer, famous for her brilliant takes on life as we’ve been living it these last forty years. A Kirkus Reviews Best Nonfiction Book of the Century Everything you could possibly want from Nora Ephron is here—from her writings on journalism, feminism, and being a woman (the notorious piece on being flat-chested, the clarion call of her commencement address at Wellesley) to her best-selling novel, Heartburn, written in the wake of her devastating divorce from Carl Bernstein; from her hilarious and touching screenplay for the movie When Harry Met Sally . . . (“I’ll have what she’s having”) to her recent play Lucky Guy (published here for the first time); from her ongoing love affair with food, recipes and all, to her extended takes on such controversial women as Lillian Hellman and Helen Gurley Brown; from her pithy blogs on politics to her moving meditations on aging (“I Feel Bad About My Neck”) and dying. Her superb writing, her unforgettable movies, her honesty and fearlessness, her nonpareil humor have made Nora Ephron an icon for America’s women—and not a few of its men.",https://www.penguinrandomhouse.com/books/228023/the-most-of-nora-ephron-by-nora-ephron-with-an-introduction-by-meg-wolitzer/
Novità,2026-10-08,Penguin Random House,https://images3.penguinrandomhouse.com/cover/9798217182459,The Daily Stoic 10th Anniversary Edition,Ryan HolidayandStephen Hanselman,"#1 WALL STREET JOURNAL BESTSELLER • The beloved classic daily devotional of Stoic meditations—now fully updated and expanded, featuring more than sixty new translations and two bonus chapters—with more than three million copies sold! “A generous gift of guidance on modern living culled from a canon of wisdom hatched long ago.”—Maria Popova, editor of The Marginalian Why have history’s greatest minds—from George Washington to Frederick the Great to Ralph Waldo Emerson, along with today’s top performers from Super Bowl-winning football coaches to CEOs and celebrities—embraced the wisdom of the ancient Stoics? Because they realize that the most valuable wisdom is timeless and that philosophy is for living a better life, not a classroom exercise. The Daily Stoic offers 366 days of Stoic insights and exercises, featuring all-new translations from the Emperor Marcus Aurelius, the playwright Seneca, or slave-turned-philosopher Epictetus, as well as lesser-known luminaries like Zeno, Cleanthes, Chrysippus, Antipater, Panaetius, Arius Didymus, and Musonius Rufus. Every day of the year you’ll find one of their pithy, powerful quotations, as well as historical anecdotes, provocative commentary, a helpful glossary of Greek terms, and an expanded list for further reading. By following these teachings over the course of a year (and, indeed, for years to come) you’ll find the serenity, self-knowledge, and resilience you need to live well.",https://www.penguinrandomhouse.com/books/545426/the-daily-stoic-10th-anniversary-edition-by-ryan-holiday-and-stephen-hanselman/
Novità,2026-10-08,Penguin Random House,https://images1.penguinrandomhouse.com/cover/9780399590115,Next of Kin,Gabrielle Hamilton,"In her long-awaited new memoir, the author of the New York Times bestseller and James Beard Award winner Blood, Bones & Butter tells the “raw and darkly humorous” ( People ) story of her family’s unexpected dissolution. “Hamilton’s voice is as singular and rollicking as ever in Next of Kin, but it feels rare and special to have it applied to the kind of complicated family history that so many of us only come to confront in adulthood (if at all).”— Vogue “We were a family veined through with certain brutalities, rifts, and unresolved conflicts, as well as some remarkable violences and some decades-long silences. But together we had rituals, systems, congruent cohering events that made us who we were as one. I thought of the black and blue marks as if they were the desirable spores of mold found in noble cheeses.” The youngest of five children, Gabrielle Hamilton took pride in her unsentimental, idiosyncratic family. She idolized her parents’ charisma and non-conformity. She worshipped her siblings’ mischievousness and flair. Hers was a family with no fondness for the humdrum. Hamilton grew up to find enormous success, first as a chef and then as the author of award-winning, bestselling books. But her family ties frayed in ways both seismic and mundane until eventually she was estranged from them all. In the wake of one brother’s sudden death and another’s suicide, while raising young children of her own, Hamilton was compelled to examine the sprawling, complicated root system underlying her losses. She began investigating her family’s devout independence and individualism with a nearly forensic rigor, soon discovering a sobering warning in their long-held self-satisfaction. By the time she was called to care for her declining mother—the mother she’d seen only twice in thirty years—Hamilton had realized a certain freedom, one made possible only through a careful psychological autopsy of her family. Hamilton’s gift for pungent dialogue, propulsive storytelling, intense honesty, and raucous humor made her first book a classic of modern memoir. In Next of Kin , she offers a keen and compassionate portrait of the people she grew up with and the prevailing but soon-to-falter ethos of the era that produced them. A personal account of one family’s disintegration, Next of Kin is also a universal story of the emotional clarity that comes from scrutinizing our family mythologies and seeing through to the other side.",https://www.penguinrandomhouse.com/books/549177/next-of-kin-by-gabrielle-hamilton/
Novità,2026-10-08,Penguin Random House,https://images4.penguinrandomhouse.com/cover/9781638934677,Ursula K. Le Guin: Conversations on Writing,Ursula K. Le GuinandDavid Naimon,"Ursula K. Le Guin discusses her fiction, nonfiction, and poetry—both her process and her philosophy—with all the wisdom, profundity, and rigor we expect from one of the great writers of the last century. When the New York Times referred to Ursula K. Le Guin as America’s greatest writer of science fiction, they just might have undersold her legacy. It’s hard to look at her vast body of work–novels and stories across multiple genres, poems, translations, essays, speeches, and criticism–and see anything but one of our greatest writers, period. In a series of interviews with David Naimon ( Between the Cover s), Le Guin discusses craft, aesthetics, and philosophy in her fiction, poetry, and nonfiction respectively. The discussions provide ample advice and guidance for writers of every level, but also give Le Guin a chance to to sound off on some of her favorite subjects: the genre wars, the patriarchy, the natural world, and what, in her opinion, makes for great writing. With excerpts from her own books and those that she looked to for inspiration, this volume is a treat for Le Guin’s longtime readers, a perfect introduction for those first approaching her writing, and a tribute to her incredible life and work.",https://www.penguinrandomhouse.com/books/577400/ursula-k-le-guin-conversations-on-writing-by-ursula-k-le-guin-and-david-naimon/
Novità,2026-10-08,Penguin Random House,https://images1.penguinrandomhouse.com/cover/9780525562238,The Rush,Nathaniel PhilbrickOn Tour,"A New York Times Most Anticipated Nonfiction Book of 2026 · A Los Angeles Times Best Book of the Fall National Book Award winner and Pulitzer Prize finalist Nathaniel Philbrick, author of In the Heart of the Sea and Mayflower , reveals how California’s Gold Rush forged the modern United States—and lit the long fuse to civil war In January 1848, a carpenter spotted flecks of gold in a shallow stream at Sutter’s Mill in California, triggering the greatest voluntary migration in U.S. history, as hundreds of thousands raced west in pursuit of sudden wealth, reinvention, and power. From the feverish gold-mining camps of the Sierra Nevada mountains to the wharves and vigilance committees of San Francisco, Nathaniel Philbrick renders a combustible, all-world society: Chilean brothers reinventing themselves to outrun prejudice; Native communities navigating dispossession and violence; the merchant-showman Samuel Brannan, drawn into the center of early vigilantism; and the politicians vying for control of California’s future—the ambitious Free-Soil political boss David Broderick, who squared off against William Gwin, the Southern power broker intent on tilting the state toward slavery and the Confederacy. In The Rush , Nathaniel Philbrick transforms the Gold Rush from a tale of sudden riches into the origin story of America’s modern contradictions—capital consolidated at dizzying speed, democracy in thrall to private power, xenophobia weaponized in the name of liberty—and a stubborn belief in the American experiment that refuses to die. This is the story of a nation tearing at the seams and a republic tested by its own ideals. Not until ayear after the outbreak of the Civil War, when President Lincoln signed legislation that would unite the nation east to west by building a transcontinental railroad, was California’s loyalty secured. Philbrick follows the gold as it moves from riverbed to countinghouse to the halls of power, revealing how vigilantism hardened into law and how debates over slavery in the West tipped the balance in Washington. The result is a clear, human story of how a scramble for wealth reshaped ideas of freedom, labor, and belonging—and how California’s rise helped push a fractured nation toward war. The Rush is alive with characters whose choices still reverberate: a searing, panoramic epic that captures both the fury and the promise of America.",https://www.penguinrandomhouse.com/books/602065/the-rush-by-nathaniel-philbrick/
Novità,2026-10-08,Penguin Random House,https://images3.penguinrandomhouse.com/cover/9781984854728,The Inheritance,Janet Reitman,"A stunning work of narrative nonfiction that traces the lives of nine Americans over three decades, offering a vivid account of a nation in crisis—from award-winning New York Times Magazine writer Janet Reitman “Richly empathetic, morally complex . . . a particle collider for the forces of the age . . . [Reitman] pushes back against one of the worst ideas that surged after Sept. 11: Trying to understand others is endorsement or complicity. Thus emerges an origin story for the present.”— The New York Times A thrill-seeking former Navy pilot chases adventure in Afghanistan, while in suburbia, his teenage son spirals into extremism. The grandson of African freedom fighters joins the FBI to save America from terrorism and ends up terrorizing the African immigrants he’d sworn to protect. A young Marine who sees himself as a true-blue American goes to war in Iraq, comes home broken, and is reborn as white nationalist. An idealistic young attorney defends a Palestinian engineer she believes is wrongly accused of funding Hamas. These four people, and five others, struggle to find their way in a country reimagining itself in the wake of 9/11. In The Inheritanc e, Janet Reitman, the bestselling author of Inside Scientology , delivers an intimate and urgent account of American disillusionment—and a paean to hope. From the bucolic suburbs of Boston to the immigrant enclaves of Dallas, from the deserts of Iraq to the encrypted chatrooms that fuel hatred and extremism, The Inheritance unfolds in repeating narratives of people moving through the decades, from the end of the Reagan era to the present day, painting a sweeping and deeply affective portrait of how a country revered for its democratic ideals became a nation defined by its fears. Rigorously reported and brimming with novelistic detail, The Inheritance reveals the hidden cost of the war on terror, exposing the psychic wounds that haunt us to this day.",https://www.penguinrandomhouse.com/books/604725/the-inheritance-by-janet-reitman/
Novità,2026-10-08,Penguin Random House,https://images2.penguinrandomhouse.com/cover/9780593443552,Bag Man,Rachel MaddowandMichael Yarvitz,"NEW YORK TIMES BESTSELLER • The knockdown, drag-out, untold story of the other scandal that rocked Nixon’s White House, and reset the rules for crooked presidents to come—with new reporting that expands on Rachel Maddow’s Peabody Award–nominated podcast “Both a thriller and a history book, Bag Man is a triumph of storytelling.”—Preet Bharara, New York Times bestselling author of Doing Justice and host of the podcast Stay Tuned with Preet Is it possible for a sitting vice president to direct a vast criminal enterprise within the halls of the White House? To have one of the most brazen corruption scandals in American history play out while nobody’s paying attention? And for that scandal to be all but forgotten decades later? The year was 1973, and Spiro T. Agnew, the former governor of Maryland, was Richard Nixon’s second-in-command. Long on firebrand rhetoric and short on political experience, Agnew had carried out a bribery and extortion ring in office for years, when—at the height of Watergate—three young federal prosecutors discovered his crimes and launched a mission to take him down before it was too late, before Nixon’s impending downfall elevated Agnew to the presidency. The self-described “counterpuncher” vice president did everything he could to bury their investigation: dismissing it as a “witch hunt,” riling up his partisan base, making the press the enemy, and, with a crumbling circle of loyalists, scheming to obstruct justice in order to survive. In this blockbuster account, Rachel Maddow and Michael Yarvitz detail the investigation that exposed Agnew’s crimes, the attempts at a cover-up—which involved future president George H. W. Bush—and the backroom bargain that forced Agnew’s resignation but also spared him years in federal prison. Based on the award-winning hit podcast, Bag Man expands and deepens the story of Spiro Agnew’s scandal and its lasting influence on our politics, our media, and our understanding of what it takes to confront a criminal in the White House.",https://www.penguinrandomhouse.com/books/622176/bag-man-by-rachel-maddow-and-michael-yarvitz/
Novità,2026-10-08,Penguin Random House,https://images3.penguinrandomhouse.com/cover/9781984860088,Ottolenghi Simple Too,Yotam Ottolenghi,"For the millions of home cooks who loved Ottolenghi SIMPLE, discover the pleasure of keeping things SIMPLE TOO. It’s a noisy world out there, and simple cooking is our solution. Bring Yotam Ottolenghi’s innovation to your everyday with 135 new recipes for breakfast, lunch, dinner, and dessert. Every dish has simplicity at its core and can be made in under 30 minutes, cooked in one pot, or prepped ahead. Whatever your barriers to cooking, this book brings you into the kitchen with a promise that even the simplest of meals can be full of flavor and joy.",https://www.penguinrandomhouse.com/books/673383/ottolenghi-simple-too-by-yotam-ottolenghi/
Novità,2026-10-08,Penguin Random House,https://images4.penguinrandomhouse.com/cover/9780593193808,Into the quiet,John Mark ComerOn Tour,"A profound exploration of the ache for quiet in a chaotic, noisy time of overstimulation and distraction—and the transformative effects of solitude, silence, and stillness—from the New York Times bestselling author of Practicing the Way and The Ruthless Elimination of Hurry . “The noise of the world doesn’t just hurt your ears—it harms your soul. John Mark Comer shows in this wonderful book how to step back from the world and find God in stillness.”—Arthur C. Brooks, #1 New York Times bestselling author of Build the Life You Want Modern living is inundated with noise, busyness, and a digital cycle fueled by outrage and fear. We are anxious, overstimulated, exhausted, and bone-dry in our souls. We ache for God yet can barely pay attention. Drawing on the wisdom of the contemplative tradition and spiritual practices that date back to the earliest centuries of the church, Comer invites readers to rediscover an ancient path of quiet, peace, and serenity—to step out of the chronic noise and constant motion of the modern world into the still, silent presence of the God of peace. What The Ruthless Elimination of Hurry was to the speed of the modern world, this book is to the noise of it. As with the pace of modern living, the volume of the modern world can cut off our hearts from God, colonize our minds, and make “practicing the presence of God” virtually impossible. It can damage our bodies and degrade our spirits. Comer is convinced quiet is the antidote—not just the quiet of a retreat or a morning hour, but an intentional quest to de-noise your overall life. And in doing so, to live just a little slower and softer before God.",https://www.penguinrandomhouse.com/books/673401/into-the-quiet-by-john-mark-comer/
Novità,2026-10-08,Penguin Random House,https://images3.penguinrandomhouse.com/cover/9780593471296,The Boys in the Light,Nina WillnerOn Tour,"“This beautifully braided story…reveals the best and worst of humanity. A magnificent work of narrative nonfiction, true to the past and essential for the present.”—Mitchell Zuckoff, New York Times bestselling author of Lost in Shangri-La and 13 Hours An epic true story of the triumph of good over evil. The Boys in the Light follows the parallel journeys of Company D and Eddie Willner, the author’s father, as they are caught up on two sides of World War II. At sixteen, Eddie Willner was among the millions of European Jews rounded up by Hitler’s Nazis. He was forced into slave labor alongside his father and his best friend, Mike, and spent the next three years of his life surviving the death camps, including Auschwitz. Meanwhile, in the United States, boys only a few years older than Eddie were joining the army and heading toward their own precarious futures. Once farmers, factory workers, and coal miners, they were suddenly untested soldiers, thrust into the brutal conflicts of WWII. A company of 3rd Armored Division tankers, led by 23-year-old Elmer Hovland, quickly became battle-hardened and weary, constantly questioning whether the war was worth it. They got their answer when two emaciated boys stepped out of the woods with their tattooed arms raised. The Boys in the Light is a testament to survival against all odds, the strength of the bonds forged during war and the resilience of the human spirit. This extraordinary true story is a must-read for fans of Unbroken by Laura Hillenbrand, The Boys in the Boat by Daniel James Brown, and Erik Larson’s The Splendid and the Vile.",https://www.penguinrandomhouse.com/books/706549/the-boys-in-the-light-by-nina-willner/
Novità,2026-10-08,Penguin Random House,https://images2.penguinrandomhouse.com/cover/9780593594872,The Girl Who Became King,Melissa KingOn Tour,"From award-winning chef, author, and television personality Melissa King comes an intimate, captivating memoir about family, food, and finding her voice as a queer Chinese American chef “Melissa’s story is a powerful reminder that success comes not from fitting into someone else’s expectations, but from embracing your whole self.”—Chef Kwame Onwuachi Embracing my love of food has empowered me to embrace every layer of who I am: my Chinese heritage, my American upbringing, and all the parts of me that felt too much and not enough. When I chose myself, I set her free. Just me. The girl who became king. As a kid, Melissa King lived for the moment she would come from elementary school, grab her prized Chinese meat cleaver, and prepare dinner for her family. She already knew cooking was her future, but she didn’t know how hard she’d have to fight to make that dream a reality. Growing up, King felt like she was stuck in a box that was only getting smaller. Her Shanghainese and Cantonese immigrant parents had certain expectations—none of which included going to culinary school or falling in love with women. American culture also dictated that kitchens were a man’s world. But trying to live by these rules felt like no life at all. Determined to forge her own path, she fought her way into the demanding world of Michelin-starred kitchens, while discovering a home in the queer community. When she entered Top Chef as a reluctant contestant, inspired by her grandmother’s advice to follow her heart, she began embracing the flavors, culture, and parts of herself she had once forgotten. This journey of self-discovery through food leads her back to her parents, where love creates room for their strengths and imperfections. In this heartfelt memoir, Melissa King shows that empowerment comes from embracing all the different ingredients that make up who you are, and models the hard-won courage it takes to believe in yourself against the odds.",https://www.penguinrandomhouse.com/books/715651/the-girl-who-became-king-by-melissa-king/
Novità,2026-10-08,Penguin Random House,https://images3.penguinrandomhouse.com/cover/9780593596395,How to Look Away,Daniel PeñaOn Tour,"A riveting, kaleidoscopic portrait of the American compulsion toward cruelty and our power to subvert it from an award-winning contributor to The Guardian and The New York Times . In How to Look Away, Daniel Peña explores how fringe elements of his Texas childhood—AM radio, conspiracy theories, Post-Cold War paranoia—came to dominate the American political discourse and contributed to our extreme tolerance of human rights abuses against migrants from Latin America and elsewhere. He asks: What compels us to look away from these abuses? And how do we wake ourselves into action? These evocative essays braid journalism, cultural criticism, and memoir, roaming from the vestigial Comanche War battlefields of his native Austin, to the black markets of Mexico City, to the home of a cartel hitman’s family doomed to live in the unglamorous aftermath of his crimes. Writing from both Mexico and the United States, Daniel Peña reflects on two childhood fears: demons and the death penalty. Or the answer to the question, “Do you ever really belong to yourself?” A question that serves as the looking glass through which Peña meditates on American citizenship and the kinds of people we are willing to disappear in the name of the American project. How to Look Away conjures disquiet and longing beside clarity and hope as it offers a haunting account of the strange bond between two nations, this American moment, and the land upon which our bodies stand.",https://www.penguinrandomhouse.com/books/722664/how-to-look-away-by-daniel-pena/
Novità,2026-10-08,Penguin Random House,https://images4.penguinrandomhouse.com/cover/9781984862310,Legends & Lattes: The Graphic Novel,Travis BaldreeOn TourAdapted bySamuel SattinIllustrated byShanti RittgersOn TourandSarah WebbOn Tour,"A stunning graphic novel adaptation of the New York Times bestselling BookTok sensation and beloved cozy fantasy Legends & Lattes “The modern classic about starting over truly comes to life in this warm adaptation of Baldree’s cozy masterpiece. I wish I could live in every panel.”—Matt Dinniman, New York Times bestselling author of Dungeon Crawler Carl and Operation Bounce House After a lifetime of bounties and bloodshed, Viv is hanging up her sword. The battle-weary orc aims to start afresh, opening the city of Thune’s first-ever coffee shop. But old and new rivals stand in the way of success, not to mention the fact that no one has the faintest idea what coffee actually is. If Viv wants to put the blade behind her and make her dreams a reality, she won’t be able to go it alone. After all, the true rewards of an uncharted path are the travelers you meet along the way. And whether they are drawn together by ancient magic, flaky pastry, or a freshly brewed cup―Viv may find something deeper here than she ever imagined… This full-color graphic novel adaptation brings the high fantasy and low stakes of this beloved story to vibrant life as it’s never been seen before.",https://www.penguinrandomhouse.com/books/724306/legends-and-lattes-the-graphic-novel-by-travis-baldree-adapted-by-samuel-sattin-illustrated-by-shanti-rittgers-and-sarah-webb/
Novità,2026-10-08,Penguin Random House,https://images1.penguinrandomhouse.com/cover/9780593537404,Gather Around My Table,Kay ChunOn Tour,"The debut cookbook from New York Times Cooking contributor Kay Chun, featuring 100 accessible, globally inspired recipes for every table. “A master class in recipe writing and home cooking. Here is an artist who cooks with a quiet restraint that makes you lean in. There’s a precision to Kay Chun’s recipe development style, yet whimsy in the way she combines flavors and ingredients that aren’t usually found together.” — Eric Kim, author of Korean American Where does a great recipe come from? For Kay Chun, it’s all about the inspiration. And to a lifelong New Yorker, inspiration is all around. Drawing from a global pantry of ingredients—the Korean influences she grew up with and the many flavors that have shaped her—she shares fresh yet familiar dishes the whole family will love. Gather Around My Table embraces cooking without boundaries: dumplings are tossed with butter and Parmesan rather than soy sauce; doenjang steps in for tomato paste, caramelized to add complexity and richness to sauces; kimchi seasoning creates a punchy salad dressing. These are flavor-forward recipes for every day of the week. In Kay Chun’s hands, the question “What’s for dinner?” will never have a boring answer again. • Cooking for a crowd ? Try the Smoky Eggplant Dip with Parsley-Dill Oil , Doenjang Carnitas, or the Marinated Trout Ssam Bar • Dumplings for days ! From Mixed Veggie and Tofu Dumplings to Spicy Boiled Dumplings in Habanero Sesame Oil to a show-stopping Crispy Dumpling Pancake. • Seven different types of extra-special infused rices , like Smoky Kelp Rice , Extra-Nutty Rice , Mushroom Rice , and Roasted Barley Tea Rice . • Easy weeknight dinners from Smoky Soy Sauce Chicken and Pantry Pasta for Tinned-Fish Lovers to Crispy Sesame and Shredded-Wheat Cutlets and Spiced and Caramelized Tofu Noodle Bowls . • Salads and veggie sides like the Italian Chopped Salad with Fried Hot Peppers , Mixed Chicories in a Caper-Raisin Vinaigrette, or a stunning Mushroom and Swiss Chard Galette . • Crowd-pleasing desserts like Sticky Date Snacking Cake with Salted Caramel Sauce , Coconut and Passion Fruit Eton Mess , and Cherry Cornmeal Torte .",https://www.penguinrandomhouse.com/books/727415/gather-around-my-table-by-kay-chun/
Novità,2026-10-08,Penguin Random House,https://images1.penguinrandomhouse.com/cover/9781401978914,Grow a New Body Cookbook,Dr. Alberto VilloldoandConny Andersson,"Now in paperback, a cookbook rooted in shamanic wisdom of 90+ plant-based recipes that will help you grow stronger, healthier, and younger, and reverse the loss of vitality associated with aging. Growing older is inevitable. Aging is preventable. In Grow a New Body Cookbook, 90+ delicious, nutrient-dense, plant-based recipes will help you go back to an ancient way of eating that promises to help you on the road to lifelong health. Shamanic practitioner Alberto Villoldo will show you how to turn your kitchen into a shaman’s laboratory so that you can grow potent probiotics to upgrade the health of your biome. Alberto dives deep into the science of why how we eat now is wreaking such havoc on us—and how we can reverse the damage. Finally, eating the foods recommended in this book will allow you to grow a new brain that supports you in forging a profound connection with nature and experiencing a renewed sense of purpose in life. The delicious recipes, beautifully photographed by James Beard nominee Paul Brissman and developed by celebrated chef Conny Andersson , feature superfoods that will begin to repair your body and brain from years of wear and tear. The plant-based, nutrient-dense, antioxidant-rich broth, beverage, mezze, and main dish recipes include: silky white bean soup with tomato basil relish chlorophyll moringa broth matcha energy tonic activated charcoal latte chickpea crepe with spicy tomato chutney and coconut yogurt toasted sorghum risotto and mushrooms grilled zucchini “vindaloo” with kachumber salad",https://www.penguinrandomhouse.com/books/731153/grow-a-new-body-cookbook-by-alberto-villoldo-and-conny-andersson/
Novità,2026-10-08,Penguin Random House,https://images1.penguinrandomhouse.com/cover/9780593655276,Sleeping Beauties,David Byrne,"From incomparable creative force David Byrne, a brilliant and inspiring reckoning with how breakthroughs across the arts and sciences get forgotten, and how they get rediscovered It’s nice to believe in a meritocracy of ideas—genius is always recognized, innovation always seized upon and rewarded. In fact, so many of the people we now acknowledge as the world’s great creators initially got little traction for their work. It faded out, and only later—often much later—did it somehow came roaring back to life. Discoveries as diverse as dark matter, lichen, and continental drift . . . technologies from solar panels to the steam engine . . . artists from Bach to Bruegel, Vermeer to Melville . . . all, David Byrne shows us, were sleeping beauties. Why did they fall asleep? How did they wake back up? Ranging across centuries and the full scope of human endeavor, Byrne arrives at important conclusions that serve as a lens for bringing to light new seeds for our future breakthroughs. Sleeping Beauties is a master class in how not to be blind to the next great thing. Several times throughout history, the shock of the new landed like a blow on vested interests and entrenched views, putting innovation on hold. Suppression emerged from pushback, the absence of key supporters, or simply a lack of complementary economic conditions. But more important even than why ideas go dormant is why they reawaken. Again and again, Byrne shows, someone from a different discipline breaks into the silo. Frequently it’s someone open to metaphorical thinking, to the counterintuitive. Hierarchies and taxonomies have their place, but they can reward insiders and punish outsiders. Oftentimes, it is the winds of change that blow away the sand that has buried momentous ideas. Sleeping Beauties is humbling but it is also remarkably hopeful. These stories add up to a compass that leads us to the courage to try new things and the wisdom to embrace them. In a time that can seem all too dark, it’s a powerful source of freely available light, delightful in itself and fit for all our human endeavors.",https://www.penguinrandomhouse.com/books/734208/sleeping-beauties-by-david-byrne/
Novità,2026-10-08,Penguin Random House,https://images1.penguinrandomhouse.com/cover/9780593713396,Imagitopia,Vexx,"Dive into the surreal and wondrous imagination-scape of Vexx Vexx is back with another incredible coloring book, drawn in his signature street-art doodle style. In Imagitopia, you will find entirely new line art depicting spectacular imaginary creatures and their imaginary worlds, all from Vexx’s wildly creative mind. Go crazy with color within the intricate linework and bubbly characters, all on single-sided pages for minimum bleed-through. Both relaxing and challenging, this book is sure to inspire your inner artist.",https://www.penguinrandomhouse.com/books/735692/imagitopia-by-vexx/
Novità,2026-10-08,Penguin Random House,https://images1.penguinrandomhouse.com/cover/9780593729595,Guided,Laura Lynne Jackson,"“The kind of book that stays with you.”—KIM KARDASHIAN “A reminder [that] you’re never walking alone.”—JAY SHETTY “Imbued with both spiritual insight and emotional clarity.”—GWYNETH PALTROW The renowned psychic medium and New York Times bestselling author of Signs explains how our loved ones who have passed continue to communicate with us, steering us to discover our purpose and create lives of meaning, connection, and love. Who am I, really? Why am I here? How can I more fully understand my connections to others and the world around me? And how does that understanding reveal the magic the universe has to offer? According to Laura Lynne Jackson, to answer these questions is to live an illuminated life. Jackson knows that her psychic gifts are not unique to her. She believes that everyone is capable of perceiving energy and identifying and interpreting messages sent to us by the Other Side. In Guided, Jackson shows that our loved ones who have passed form our own Team of Light, and that they never stop sharing their wisdom with us. By embracing the connections they reveal, we are put on a path to our best life—a life that Jackson calls illuminated . An illuminated life is one characterized by connectedness and creativity. It is one of alignment with purpose. It is a life of peace and confidence. And it is a life every one of us can discover for ourselves, if only we are open to the guidance that is sent our way. In Guided, Jackson shares the unforgettable and moving experiences of regular people who have learned how to respond to the messages sent to them by their Teams of Light in order to discover their higher paths. Offering solace and comfort though times of grief, and full of inspiring, motivating stories, Guided points the way toward an illuminated life for us all.",https://www.penguinrandomhouse.com/books/735734/guided-by-laura-lynne-jackson/
Novità,2026-10-08,Hachette,https://www.hachettebookgroup.com/wp-content/uploads/2026/02/9781455559626.jpg?w=426,Between Breaths,ContributorsByElizabeth Vargas,"An instant New York Times and USA Today bestseller! Beloved former ABC 20/20 anchor Elizabeth Vargas share the truth about her alcohol addiction and anxiety disorder in this honest and emotional memoir. “My dazzling friend and colleague, Elizabeth Vargas, has stared straight into the lethal heart of addiction with the eye of a fearless journalist. She has written a book for us all about truth, bravery, and the hope that a new day brings.” ―Diane Sawyer From the moment she uttered the brave and honest words, “I am an alcoholic,” to interviewer George Stephanopoulos, Elizabeth Vargas began writing her story, as her experiences were still raw. Now, in Between Breaths , Vargas discusses her accounts of growing up with anxiety—which began suddenly at the age of six when her father served in Vietnam—and how she dealt with this anxiety as she came of age, eventually turning to alcohol for a release from her painful reality. The now-A&E Network reporter reveals how she found herself living in denial about the extent of her addiction, and how she kept her dependency a secret for so long. She addresses her time in rehab, her first year of sobriety, and the guilt she felt as a working mother who could never find the right balance between a career and parenting. Honest and hopeful, Between Breaths is an inspiring read. “This gripping memoir of addiction takes readers from the highs of Vargas’s successful news career to the low of alcoholism, and through the grace of recovery.” ― Publisher’s Weekly Winner of the Books for a Better Life Award in the First Book category Genre: |",https://www.hachettebookgroup.com/titles/elizabeth-vargas/between-breaths/9781455559626/
Novità,2026-10-08,Hachette,https://www.hachettebookgroup.com/wp-content/uploads/2025/12/9781635864366.jpg?w=96&h=96&crop=1,The Milkweed Lands,Joan Edwards,"National Outdoor Book Award Winner Delve into this fascinating appreciation of milkweed, an often-overlooked plant, and discover an amazing range of insects and organisms that depend on it as the seasons unfold, with this collaboration between a noted ecologist and an award-winning botanical illustrator. Ecologist Eric Lee-Mäde r and noted botanical artist Beverly Duncan have teamed up to create this unique exploration of the complex ecosystem that is supported by the remarkable milkweed plant, often over-looked or dismissed as a roadside weed. With stunning, up-close illustrations and engaging text, they trace every stage of the plant’s changes and evolutions throughout the seasons, including germination, growth, flowering, and seed development. Simultaneously, they chronicle the lives of the many creatures whose lives are intertwined with the milkweed: monarch butterflies; soldier and queen butterflies; milkweed tussock moths; large and small milkweed bugs; milkweed weevils; bumble bees; goldfinches; and more. The delightful illustrations and illuminating text give the reader the feeling of browsing an avid naturalist’s sketchbook, while also learning about different milkweed species, how to propagate milkweed in the garden, the industrial uses of milkweed, interesting milkweed relatives, and more. Genre: |",https://www.hachettebookgroup.com/titles/eric-lee-mader/the-milkweed-lands/9781635864366/
Novità,2026-10-08,Hachette,https://www.hachettebookgroup.com/wp-content/uploads/2026/02/9798897080748_110c30.jpg?w=96&h=96&crop=1,Bird Anatomy Posters,ContributorsByJulia Rothman,"Celebrate the beauty of birds with 28 ready-to-hang posters from beloved illustrator Julia Rothman. Bird Anatomy Posters brings the best of the avian world into your home with 28 works of art. With 25 10 x 12 inches ready-to-hang posters and 3 19 x 24 inches fold-out posters, Julia Rothman’s stunning illustrations capture the wonder and joy of birds. From the beauty of murmuration of starlings across a sunset sky to the intricacy of a blue jay feather, the posters capture the unique splendor of the bird world, celebrating the diverse range of avian life, whether it’s a friendly backyard chickadee or an immense snowy albatross. Printed on sturdy, matte paper, these high-quality art posters are the perfect way to add color and delight to your own nest; tack them up on the wall, frame them, or gift them to the bird lovers in your life. Whether you’re a birding enthusiast delighted by a poster of capturing all the highest flying birds or a city-dweller who simply needs a strutting fancy pigeon on your wall, Bird Anatomy Posters has something for everyone. Genre: | Series:",https://www.hachettebookgroup.com/titles/julia-rothman/bird-anatomy-posters/9798897080748/
Novità,2026-10-08,Hachette,https://www.hachettebookgroup.com/wp-content/uploads/2026/02/9781454965244_9b6c88.jpg?w=640,Celestial Constellations,ContributorsByAmerican Museum of Natural History,"This notecard set features 12 beautifully illustrated cards and matching envelopes, showcasing archival artwork from the American Museum of Natural History’s rare book collection. Each card features a detail from two extraordinary nineteenth-century sky atlases, with astronomical constellations from the zodiac—one for every sign. Genre: | Series:",https://www.hachettebookgroup.com/titles/american-museum-of-natural-history/celestial-constellations/9781454965244/
Novità,2026-10-08,Hachette,https://www.hachettebookgroup.com/wp-content/uploads/2019/09/pb_ValueofEverything.jpg?w=427,The Value of Everything,ContributorsByMariana Mazzucato,"The award-winning author of The Entrepreneurial State and Mission Economy offers a scathing indictment of a global financial system that incentivizes taking over making and extraction over creation “A stimulating analysis of the underlying causes of inequality and growth which forces us to confront long-held beliefs about how economies work and who benefits.” —Martin Wolf, Financial Times The Value of Everything is a penetrating and passionate argument that modern capitalism has failed to clearly delineate between value creation and value extraction. As economist Mariana Mazzucato shows, from Silicon Valley to Wall Street and beyond, foggy notions of value create confusion between rents and profits, reward extractors rather than creators, and distort the measurements of growth and GDP. Asset management companies profit exorbitantly off of income generated elsewhere; big pharma uses value-based pricing to justify astronomically high prices for vital medicines that are publicly funded. In the process, innovation suffers and inequality widens. The Value of Everything reignites the debate over how we measure value in our society—and in so doing, shows how we can shape our economy to be more innovative and inclusive. Genre: |",https://www.hachettebookgroup.com/titles/mariana-mazzucato/the-value-of-everything/9781541758247/
Novità,2026-10-08,Hachette,https://www.hachettebookgroup.com/wp-content/uploads/2017/09/97804650265621.jpg?w=422,"Gödel, Escher, Bach",ContributorsByDouglas R Hofstadter,"Winner of the Pulitzer Prize and National Book Award A metaphorical fugue on minds and machines in the spirit of Lewis Carroll “Every few decades an unknown author brings out a book of such depth, charity, range, wit, beauty, and originality that it is recognized at once as a major literary event. This is such a work.” — Scientific American GEB is a unique insight into the nature of “I,” self, soul, and consciousness, centered on a notion that its youthful author dubbed “strange loop,” inspired by the twisty self-referential construction invented by logician Kurt Gödel, whereby a sentence asserts its own unprovability. The book’s chapters alternate with Bach-like contrapuntal dialogues between whimsical characters (especially Achilles and the Tortoise), and each dialogue’s intricate structure exemplifies the notion being discussed in it, thus creating indirect self-reference (a fact unsuspected by the characters). The book, filled with analogies, wordplay, humor, and mind-twisting prints by M. C. Escher, has inspired generations of bright students to study cognitive science and the philosophy of mind. Genre: |",https://www.hachettebookgroup.com/titles/douglas-r-hofstadter/g%c3%b6del-escher-bach/9780465026562/
Novità,2026-10-08,Hachette,https://www.hachettebookgroup.com/wp-content/uploads/2017/06/9780465094882.jpg?w=427,Ring of Steel,ContributorsByAlexander Watson,"A prize-winning, magisterial history of World War I from the perspective of the defeated Central Powers For the Central Powers, the First World War started with high hopes for an easy victory. But those hopes soon deteriorated as Germany’s attack on France failed, Austria-Hungary’s armies suffered catastrophic losses, and Britain’s ruthless blockade brought both nations to the brink of starvation. The Central powers were trapped in the Allies’ ever-tightening Ring of Steel. In this compelling history, Alexander Watson retells the war from the perspective of its losers: not just the leaders in Berlin and Vienna, but the people of Central Europe. The war shattered their societies, destroyed their states, and imparted a poisonous legacy of bitterness and violence. A major reevaluation of the First World War, Ring of Steel is essential for anyone seeking to understand the last century of European history. Genre: |",https://www.hachettebookgroup.com/titles/alexander-watson/ring-of-steel/9780465094882/
Novità,2026-10-08,Hachette,https://www.hachettebookgroup.com/wp-content/uploads/2026/02/9781541788237.jpg?w=427,The Signals Are Talking,ContributorsByAmy Webb,"An expert in trend forecasting shows how to anticipate what’s next and prepare your business, your market, and your products for the future “Amy Webb, with insight and a big dose of pragmatism, shows how to clearly see the next big disruption and then take action before it strikes.” ―Ram Charan, coauthor of the #1 New York Times bestseller Execution A Fast Company Best Book of the Year How do you tell a real trend from the merely trendy? How, for example, will a technology—like artificial intelligence, machine learning, self-driving cars, biohacking, bots, and the Internet of Things—affect us, our businesses, and workplaces? How will it eventually change the way we live, work, play, and think—and how should we prepare for it now? In The Signals Are Talking , noted futurist Amy Webb shows us how to analyze the “true signals”—those patterns that will coalesce into a trend with the potential to change everything—and land on the right side of disruption. The future, Webb shows, isn’t something that happens to us passively. Using a proven, tested methodology, she enables us to see ahead and forecast what’s to come—challenging us to create our own preferred futures. Genre: |",https://www.hachettebookgroup.com/titles/amy-webb-2/the-signals-are-talking/9781541788237/
Novità,2026-10-08,Hachette,https://www.hachettebookgroup.com/wp-content/uploads/2026/09/9780316600545.jpg?w=504,The Grandest Game Collection,ContributorsByJennifer Lynn Barnes,"Get caught up in the puzzles, games, danger, romance, and riches of the #1 bestselling Grandest Game trilogy ​ And body: Seven tickets. An island of dreams. Hearts, lives, and riches are on the line. Welcome to the Grandest Game, an annual competition run by billionaire Avery Grambs and the four infamous Hawthorne brothers, whose family fortune she inherited. Designed to give anyone a shot at fame and fortune, this year’s game requires one of seven golden tickets to enter. With millions on the line, those seven players will do whatever it takes to win. Some of the players are in it for the money. Some for power. Some for reasons all their own. Every single one of them has secrets. Amidst it all is Grayson Hawthorne, tasked with a vital role in this year’s game. But as tensions rise and the mind-bending challenges push the players to their limits—physically, mentally, and emotionally—it soon becomes clear that not everyone is playing by the rules. Millions are at stake, but so are hearts…and lives. The players race to win the game, solve myriad mysteries, and survive the twists and turns of the world’s grandest game. #1 New York Times bestselling author Jennifer Lynn Barnes delivers a riveting trilogy set in the world of The Inheritance Games, where fan-favorite and new characters collide in a game you’ll never forget. Do you have what it takes to play? This collection includes: The Grandest Game Glorious Rivals The Gilded Blade Genre: | Series:",https://www.hachettebookgroup.com/titles/jennifer-lynn-barnes/the-grandest-game-collection/9780316600545/
Novità,2026-10-08,Hachette,https://www.hachettebookgroup.com/wp-content/uploads/2026/06/9781642466850.jpg?w=96&h=96&crop=1,Sunnie Junk Journal,ContributorsBySunnie,"An exclusive offering from Reese Witherspoon’s new Sunnie media and lifestyle brand, this 128-page junk journal has plenty of space to store memories, big and small—from concert stubs and restaurant receipts to notecards and coffee sleeves—these pages turn quotidian ephemera into art. Divided into six sections—Dreams, Bon Voyage, Favorite Things, Milestones, All the Inspo, and a Wild Card section—this journal offers a nostalgic, low-tech outlet for anyone looking to stop doomscrolling and start creating. Genre: | Series:",https://www.hachettebookgroup.com/titles/sunnie/sunnie-junk-journal/9781642466850/
Novità,2026-10-08,Hachette,https://www.hachettebookgroup.com/wp-content/uploads/2026/06/9781683496861.jpg?w=96&h=96&crop=1,Booklovers’ Sticky Book Tabs,ContributorsByKnock Knock,"Book-annotating is all the rage on BookTok, and these giftable flags are just the thing for readers who want to get in on the trend! Slightly larger than typical book flags, these write-on tabs help you flag specific passages to remember, study, celebrate, and return to—without flipping through hundreds of pages! Housed in a nifty little package, they’re both cute and practical, making the perfect gift for the book lovers in your life (including you). Sticky flags make fab gifts for book lovers (including BookTok & Bookstagram fans), stocking stuffers for readers, and thoughtful gifts for book groups! With aesthetic colors and cozy bookworm vibes, these colored page labels let you flag pages, take reading notes & personalize your books without marking them up! 4 x 3 inch matchbook-style portfolio; 375 tabs total (5 tab styles, 75 sheets each) Genre: |",https://www.hachettebookgroup.com/titles/knock-knock/booklovers%e2%80%99-sticky-book-tabs/9781683496861/
Novità,2026-10-08,Hachette,https://www.hachettebookgroup.com/wp-content/uploads/2026/07/9781643266510.jpg?w=96&h=96&crop=1,The Forest Year,ContributorsByEthan Tapper,"A forest almanac for our time, rooted in a full year observing a rural woodland and its birds. Tapper’s groundbreaking first book How to Love a Forest offered a pragmatic and hopeful vision for our relationship with forests and other ecosystems. His new book, The Forest Year , lives inside the practice of staying, caretaking, and paying attention. Following the author’s forest through a year of life, the book explores flowers, birds, forest ecology, biodiversity, while also reflecting on stewardship, community, and what it means to be rooted in place. The Forest Year is a meditative and lyrical ode to the land, weaving complex scientific and ecological concepts with beautiful narrative prose, making nuanced ideas easy to understand and deeply resonant. Both place-based and practice-driven, Tapper writes not as an armchair philosopher or an academic, but as a working forester and ecologist stewarding real forests in real time, blending emotional insight with ecological rigor. A moving account of what it means to persist in the face of change and to love a place through work, compromise, sacrifice, and humility, this book will inspire readers to think deeply about where they live and who they are. Genre: |",https://www.hachettebookgroup.com/titles/ethan-tapper/the-forest-year/9781643266510/
Novità,2026-10-08,Hachette,https://www.hachettebookgroup.com/wp-content/uploads/2026/03/9798894145082.jpg?w=640,Peanuts: Desktop Inflatable Puffer Jacket Snoopy (Revised Edition),ContributorsByCharles M. Schulz,Spread holiday happiness and cheer with this 14-inch tall miniature inflatable of Puffer Jacket Snoopy! Desktop Inflatable: Includes a 14-inch inflatable of Snoopy in a puffer jacket and knit cap in holiday colors Specifications: 2 7/8 x 3 3/4 inch x 2-7/8 inch box; 2 1/2 x 3 1/2 inch mini sticker book USB power cord: Set includes a USB cable that can be plugged into a powered on computer or a 5V/1A plug Full-color Sticker Book: A miniature book of Peanuts holiday stickers Perfect for Snoopy Fans: A fun holiday gift for Snoopy fans of all ages Officially Licensed: Authentic Peanuts product Genre: | Series:,https://www.hachettebookgroup.com/titles/charles-m-schulz/peanuts-desktop-inflatable-puffer-jacket-snoopy-revised-edition/9798894145082/
Novità,2026-10-08,Hachette,https://www.hachettebookgroup.com/wp-content/uploads/2026/09/9780316573962_b767ac.jpg?w=413,Artificial Intimacy,ContributorsBySherry Turkle,"“A love letter to humanity written by a woman of brilliance and heart.”―Priya Parker From the bestselling author of Reclaiming Conversation , an urgent warning about how our ever-increasing reliance on AI chatbots is eroding our capacity for the very qualities that make us human. If social media came for our attention, artificial intelligence is now coming for our capacity for attachment. Chatbots offer themselves as best friends, lovers, and psychotherapists—but when we allow AI to fill these roles, we accept as sufficient its mere performance of intimacy, empathy, and love. We begin to think that pretend empathy is empathy enough. The consequences are profound and troubling: Technology, by offering to do everything, is teaching us that we neither need nor have the capacity to take risks, have hard conversations, struggle through uncertainty and insecurity, or rely on our own faculties and judgment. In the process, it is producing a generation more alienated, depressed, and lonely than ever before. In Artificial Intimacy , Sherry Turkle—the psychologist who pioneered our understanding of human-computer relationships—draws on vivid stories as well as decades of experience as a chronicler and analyst of digital culture to present an urgent warning about what these “perfect” companions are doing to our minds and relationships. Tracing our new habit of talking to machines through the human lifecycle—from children’s earliest attachments to how we face death—Turkle offers both a cautionary tale and a roadmap for reclaiming our humanity in the age of AI. “A necessary exploration of what happens when we seek the comforts of connection over the demands of relationships.”―Esther Perel “[Turkle is] the most qualified member of Team Humanity to call us back to our senses, and to each other.”―Jonathan Haidt Genre: |",https://www.hachettebookgroup.com/titles/sherry-turkle/artificial-intimacy/9780316573962/
Novità,2026-10-08,Hachette,https://www.hachettebookgroup.com/wp-content/uploads/2026/06/9781683495598.jpg?w=640,Pocket Heroes Oracle Deck,ContributorsByRoxan McDonald,"This fun & feisty oracle deck features wisdom, wit, and helpful action steps from 50 iconic pop culture heroes—and classic memes—like Simone Biles, Frida Kahlo, and Kermit Drinking Tea. Just pick an iconic card, reflect on the iconic shit it says, and learn to love the hell outta your iconic self and others. Brought to you by the bestselling creator of the Spiritual AF line, Roxan McDonald. Get epic wisdom, daily chuckles—and an inspirational pocket hug 24/7! Not your grandma’s oracle cards (unless your grandma was a meme-lovin’ badass)! 3.75 x 5 inches; 50 cards, plus 60 page guidebook Genre: | Series:",https://www.hachettebookgroup.com/titles/roxan-mcdonald/pocket-heroes-oracle-deck/9781683495598/
Novità,2026-10-08,Hachette,https://www.hachettebookgroup.com/wp-content/uploads/2026/02/9798894143286.jpg?w=640,Teeny-Tiny Air Hockey,ContributorsByMichelle Morgan,"Grab your mini mallets and get ready to send the puck flying in this miniature 2 3/4 x 7 inch desktop version of the beloved arcade classic! Arcade nostalgia in a desktop size: The 7-inch long, fan-powered air hockey table fits in the palm of your hand, and with 2 mini paddles and pucks all housed in a 2 7/8 x 3 3/4 inch box, this game is easy to take anywhere for on-the-go fun or display on your desk for a quick mid-day challenge. Easily keep score: Built-in score counters on each end make it simple to track every point. Miniature book included: Comes with a 32-page miniature book filled with the history and rules of air hockey, plus fun trivia and gameplay ideas. Latest RP Minis desktop game: Teeny-Tiny Air Hockey joins the RP Mini Games series alongside our miniature foosball, golf, pickleball, shuffleboard, and more! Requires four AAA batteries (not included). Genre: | Series:",https://www.hachettebookgroup.com/titles/michelle-morgan/teeny-tiny-air-hockey/9798894143286/
Novità,2026-10-08,Hachette,https://www.hachettebookgroup.com/wp-content/uploads/2026/09/9781648294600.jpg?w=96&h=96&crop=1,How Architects Live,Dung Ngo,"An inside look at the stunning private homes of some of the world’s most accomplished architects. What happens when an architect designs a home for themselves? Without a client, without a deadline, and without compromise? A home where they can most purely express their ideas, test their convictions, and live among them? In How Architects Live , author Marc Blazer (CEO of high-design rental company Boutique) offers us more than a dozen unique answers to this question as he takes us a journey inside the personal homes of some of world’s most accomplished contemporary architects, from Diego Villasenõr’s sanctuary in Mexico to Sigurd Larsen island hideaway in Kythnos, Greece. By looking closely at these homes, we can learn not only about architecture, but about the life inside those four walls. How do these spaces reflect the values of the people who created them? How do they shape family life, offer sanctuary, or frame moments of joy and connection? And what do they reveal about how we, too, might live better when our environments are designed with care and intention? Genre: |",https://www.hachettebookgroup.com/titles/marc-blazer/how-architects-live/9781648294600/
Novità,2026-10-08,Hachette,https://www.hachettebookgroup.com/wp-content/uploads/2026/02/9781455599868.jpg?w=421,The Light of the World,ContributorsByElizabeth Alexander,"A deeply resonant memoir for anyone who has loved and lost, from acclaimed poet and Pulitzer Prize finalist Elizabeth Alexander. In The Light of the World , Elizabeth Alexander finds herself at an existential crossroads after the sudden death of her husband. Channeling her poetic sensibilities into a rich, lucid price, Alexander tells a love story that is, itself, a story of loss. As she reflects on the beauty of her married life, the trauma resulting from her husband’s death, and the solace found in caring for her two teenage sons, Alexander universalizes a very personal quest for meaning and acceptance in the wake of loss. The Light of the World is at once an endlessly compelling memoir and a deeply felt meditation on the blessings of love, family, art, and community. It is also a lyrical celebration of a life well-lived and a paean to the priceless gift of human companionship. For those who have loved and lost, or for anyone who cares what matters most, The Light of the World is required reading. Genre: |",https://www.hachettebookgroup.com/titles/elizabeth-alexander/the-light-of-the-world/9781455599868/
Novità,2026-10-08,Hachette,https://www.hachettebookgroup.com/wp-content/uploads/2017/06/9780446199513.jpg?w=413,KEEP THE FAITH,Voletta Wallace,"“Forceful talent” ( Essence Magazine ) and R&B sensation Faith Evans gives us a first person account of life at ground zero of the most infamous part of hip-hop history. It’s been over ten years since Big was killed. I grieved for him for a very long time. And then, as time passed, the icy wall of grief surrounding my heart began to thaw and I began to heal. I remarried, had more children, and continued to record and release more music. I continued to live my life. And while I can never discount the time I spent with Big, I’ve never felt the need to live in the past. But sometimes, I still find myself thinking about Big being rushed the hospital, and I break down in tears. It’s not just because we hung up on each other during what would be our last telephone conversation. And it’s not because I am raising our son, a young man who has never known his father. It’s partly all of those things. But mainly it’s because he wasn’t ready to go. His debut album was called Ready to Die. But in the end, he wasn’t. Big never got a chance to tell his story. It’s been left to others to tell it for him. In making the decision to tell my own story, it means that I’ve become one of those who can give insight to who Big really was. But I can only speak on what he meant to me. Yet I also want people to understand that although he was a large part of my life, my story doesn’t actually begin or end with Big’s death. My journey has been complicated on many levels. And since I am always linked to Big, there are a lot of misconceptions about who I really am. I hope that in reading my words, there is inspiration to be found. Perhaps you can duplicate my success or achieve where I have failed. Maybe you can skip over the mistakes I’ve made. Use my life as an example-of what to do and in some cases, what not to do. It’s not easy putting your life out there for the masses. But I’ve decided I’ll tell my own story. For Big. For my children. And for myself. Genre: |",https://www.hachettebookgroup.com/titles/faith-evans/keep-the-faith/9780446199513/
Novità,2026-10-08,Hachette,https://www.hachettebookgroup.com/wp-content/uploads/2026/02/9780316326643.jpg?w=392,Shadow Box,Mike Lupica,"George Plimpton makes his riskiest foray into participatory journalism — stepping into the ring against a champion boxer — in Shadow Box , repackaged and including never-before-seen content from the Plimpton archives. Stepping into the ring against light-heavyweight champion Archie Moore, George Plimpton pauses to wonder what ever induced him to become a participatory journalist. Bloodied but unbowed, he holds his own in the bout — and lives to tell, in this timeless book on boxing and its devotees, among them Ali, Joe Frazier, Ernest Hemingway, and Norman Mailer. Shadow Box is one of Plimpton’s most engaging studies of professional sport, told through the eyes of an inquisitive and astute amateur. From the gym, the locker room, ringside, and even in the harsh glare of the ring itself, Plimpton documents what it is like to be a boxer, an artist of mayhem. Genre: |",https://www.hachettebookgroup.com/titles/george-plimpton/shadow-box/9780316326643/
Novità,2026-10-08,Hachette,https://www.hachettebookgroup.com/wp-content/uploads/2026/07/9781541609563.jpg?w=427,The Socialist Manifesto,ContributorsByBhaskar Sunkara,"An essential introduction to democratic socialism, and a galvanizing argument for its power to drive positive change in America and beyond. “Bhaskar Sunkara has delivered a razor-sharp guide to socialism’s history, transformative promise, and path to power.” —Naomi Klein, #1 bestselling author of Doppelganger Every day, more Americans are embracing democratic socialism, as shown by the stunning popularity of Zohran Mamdani, Alexandria Ocasio-Cortez, and Bernie Sanders. But what, exactly, is socialism? And what would an American socialist system look like? In The Socialist Manifesto , Jacobin founder Bhaskar Sunkara explores socialism’s history and presents a vision for its future. He shows democratic socialism not as a foreign import, but as a tradition with deep roots in American political life—one that has repeatedly succeeded in expanding freedom and security for ordinary people. From labor rights to social insurance, socialist ideas have helped humanize markets, and Sunkara argues they remain essential to building a more equal and democratic world beyond capitalism. Now updated with new material on renewed interest in socialism in the age of Trump, The Socialist Manifesto is essential reading for anyone seeking a solution to the vast inequities of our age. Genre: |",https://www.hachettebookgroup.com/titles/bhaskar-sunkara/the-socialist-manifesto/9781541609563/
Novità,2026-10-08,Hachette,https://www.hachettebookgroup.com/wp-content/uploads/2026/02/9781455535897.jpg?w=427,Natural Causes,ContributorsByBarbara Ehrenreich,"From the celebrated author of Nickel and Dimed , an exploration of how we are killing ourselves to live longer—not necessarily better. “Sharp and fearless.” —Matthew Desmond, Pulitzer Prize winner and New York Times bestselling author of Evicted: Poverty and Profit in the American City A razor-sharp polemic which offers an entirely new understanding of our bodies, ourselves, and our place in the universe, Natural Causes describes how we over-prepare and worry way too much about what is inevitable. One by one, Ehrenreich topples the shibboleths that guide our attempts to live a long, healthy life—from the importance of preventive medical screenings to the concepts of wellness and mindfulness, from dietary fads to fitness culture. But Natural Causes goes deeper—into the fundamental unreliability of our bodies and even our “mind-bodies,” to use the fashionable term. Starting with the mysterious and seldom-acknowledged tendency of our own immune cells to promote deadly cancers, Ehrenreich looks into the cellular basis of aging, and shows how little control we actually have over it. We tend to believe we have agency over our bodies, our minds, and even over the manner of our deaths. But the latest science shows that the microscopic subunits of our bodies make their own “decisions,” and not always in our favor. We may buy expensive anti-aging products or cosmetic surgery, get preventive screenings and eat more kale, or throw ourselves into meditation and spirituality. But all these things offer only the illusion of control. How to live well, even joyously, while accepting our mortality—that is the vitally important philosophical challenge of this book. Drawing on varied sources, from personal experience and sociological trends to pop culture and current scientific literature, Natural Causes examines the ways in which we obsess over death, our bodies, and our health. Both funny and caustic, Ehrenreich then tackles the seemingly unsolvable problem of how we might better prepare ourselves for the end—while still reveling in the lives that remain to us. Genre: |",https://www.hachettebookgroup.com/titles/barbara-ehrenreich/natural-causes/9781455535897/
Novità,2026-10-08,Hachette,https://www.hachettebookgroup.com/wp-content/uploads/2026/07/9781523528219_35a6b5.jpg?w=96&h=96&crop=1,Murder by the Numbers,ContributorsByHarold Schechter,"The expert author of Murderabilia brings a fresh new approach to the irresistible subject of true crime with this statistic-based telling of some of the most notorious murders of all time. Veteran true crime master Harold Schechter presents hundreds of chilling tales of murder and mayhem told through the fascinating lens of numerology. Each story begins with a number or statistic, followed by a thrilling account of its relevance to a notorious crime or an aspect of forensic investigation, all starting with the number 1—marking the first murder in Colonial America—and reaching into the millions. Readers will learn why the number 215,000 finally put Al Capone into prison, or how the number 2915 played into the case of alleged JFK assassin Lee Harvey Oswald. How the infamous Dr. H. H. Holmes, the “Chicago Bluebeard,” was acutely aware of his 27-victim body count, or how the number 70 helps shed light on the criminal profiles of serial killers. With stunning and grisly photos throughout, Murder by the Numbers is a must-have for any true crime obsessive. Genre: |",https://www.hachettebookgroup.com/titles/harold-schechter/murder-by-the-numbers/9781523528219/
Novità,2026-10-08,Hachette,https://www.hachettebookgroup.com/wp-content/uploads/2026/03/9798894141527.jpg?w=640,The Hunger Games Mockingjay Pin,ContributorsByRunning Press,"Defy the Capitol and join the rebellion with this one-of-a-kind, officially licensed The Hunger Games collectible. Wear your 2-inch replica Mockingjay pin proudly or display it in the stand that makes Katniss’s signature whistle sound. Unique, wearable pin with fun sound effect: Features an approximately 2-inch, metal, wearable replica of Katniss Everdeen’s Mockingjay pin with a display stand that plays Katniss’s whistle sound at the press of a button Sticker book included : Includes 10 full-color stickers featuring some of the most iconic lines and references from The Hunger Games films The perfect gift for fans of The Hunger Games films: A must-have mini replica for collectors and casual fans alike Officially Licensed : An authentic The Hunger Games collectible Requires two AAA batteries (not included). Genre: | Series:",https://www.hachettebookgroup.com/titles/running-press/the-hunger-games-mockingjay-pin/9798894141527/
Novità,2026-10-08,Hachette,https://www.hachettebookgroup.com/wp-content/uploads/2026/02/9780316491976.jpg?w=426,The Soul of A New Machine,ContributorsByTracy Kidder,"Tracy Kidder’s “riveting” ( Washington Post ) story of one company’s efforts to bring a new microcomputer to market won both the Pulitzer Prize and the National Book Award and has become essential reading for understanding the history of the American tech industry. “Fascinating…A surprisingly gripping account of people at work.” — Wall Street Journal Computers have changed since 1981, when The Soul of a New Machine first examined the culture of the computer revolution. What has not changed is the feverish pace of the high-tech industry, the go-for-broke approach to business that has caused so many computer companies to win big (or go belly up), and the cult of pursuing mind-bending technological innovations. The Soul of a New Machine is an essential chapter in the history of the machine that revolutionized the world in the twentieth century. Genre: |",https://www.hachettebookgroup.com/titles/tracy-kidder/the-soul-of-a-new-machine/9780316491976/
Novità,2026-10-08,Hachette,https://www.hachettebookgroup.com/wp-content/uploads/2026/06/9781683496694.jpg?w=640,From My Library!,ContributorsByKnock Knock,"Run your own library at home with all your favorite books, and add the distinctive stamp of Elephant & Piggie to all your personal faves! This activity kit makes it fun & easy to share books with friends (or siblings or even grownups!). Featuring 20 self-adhesive pockets and checkout cards, as well as a date stamp, ink pad, and pencil, it has everything you need to manage your very own library! Just stick the special pocket inside any book you plan to lend and use the checkout card & official date stamp to mark the day you want it back— boom, you’re a librarian! This activity kit makes it fun & easy for kids to play library at home, and share books with friends (or siblings or even grownups!). Make a great screen-free gift that supports kids’ literacy and love of books! 6 x 7.5 x 1.25 inches; 20 self-adhesive pockets and checkout cards; date stamp and inkpad; pencil Genre: |",https://www.hachettebookgroup.com/titles/knock-knock/from-my-library/9781683496694/
Novità,2026-10-08,Hachette,https://www.hachettebookgroup.com/wp-content/uploads/2026/08/9781454966470.jpg?w=96&h=96&crop=1,Pride and Prejudice: Classics Coloring,ContributorsByUnion Square Gift,"Step inside the rich, literary world of Elizabeth Bennett and Mr. Darcy with this elegant and detailed coloring book. It brings the beloved classic to life through intricate pages that capture the romance and charm of Regency England. Featuring over 40 high-quality illustrations sourced from classic artwork of the original text, this beautiful wibalin paperback coloring book transforms the classic novel into a creative experience. Genre: | Series:",https://www.hachettebookgroup.com/titles/union-square-gift/pride-and-prejudice-classics-coloring/9781454966470/
Novità,2026-10-08,Hachette,https://www.hachettebookgroup.com/wp-content/uploads/2018/12/97804650426851.jpg?w=423,What We Talk About When We Talk About Books,ContributorsByLeah Price,"Reports of the death of reading are greatly exaggerated Do you worry that you’ve lost patience for anything longer than a tweet? If so, you’re not alone. Digital-age pundits warn that as our appetite for books dwindles, so too do the virtues in which printed, bound objects once trained us: the willpower to focus on a sustained argument, the curiosity to look beyond the day’s news, the willingness to be alone. The shelves of the world’s great libraries, though, tell a more complicated story. Examining the wear and tear on the books that they contain, English professor Leah Price finds scant evidence that a golden age of reading ever existed. From the dawn of mass literacy to the invention of the paperback, most readers already skimmed and multitasked. Print-era doctors even forbade the very same silent absorption now recommended as a cure for electronic addictions. The evidence that books are dying proves even scarcer. In encounters with librarians, booksellers and activists who are reinventing old ways of reading, Price offers fresh hope to bibliophiles and literature lovers alike. Winner of the Phi Beta Kappa Christian Gauss Award, 2020 Genre: |",https://www.hachettebookgroup.com/titles/leah-price/what-we-talk-about-when-we-talk-about-books/9780465042685/
Novità,2026-10-08,Hachette,https://www.hachettebookgroup.com/wp-content/uploads/2026/03/9798894142982.jpg?w=96&h=96&crop=1,U2 All the Songs,ContributorsByDionen Clauteaux,"Explore the fascinating stories behind every song and every album ever recorded by the band that has won more Grammys than any other musical act. U2 All the Songs is the complete, behind-the-scenes chronicle of the five-decade-long recording history of one of the most successful and enduring rock bands of all time. Beginning with the founding of the band in 1976—when then 14-year-old drummer Larry Mullens Jr posted a note on a school bulletin board in Dublin—it traces band’s evolution from their post-punk beginnings on the “Boy” album to the immersive spectacle of their groundbreaking Sphere shows in Las Vegas. Organized chronologically, and covering every album and every song that U2 has ever released, including B-sides, compilation tracks, and lesser-known album tracks, the book explores how each song was written and recorded, revealing the band’s creative process, inspirations, and the cultural moments that shaped their sound. The result of years of research by two megafans and longtime music journalists, U2 All the Songs features hundreds of photographs, including rare black-and-white publicity stills, images of instruments used by the band, and engaging shots of the musicians in-studio, this is a must-have book for every fan. Genre: | Series:",https://www.hachettebookgroup.com/titles/dionen-clauteaux/u2-all-the-songs/9798894142982/
Novità,2026-10-08,Hachette,https://www.hachettebookgroup.com/wp-content/uploads/2026/01/9781635869811.jpg?w=96&h=96&crop=1,A Forest Language,ContributorsByHannah FriesForeword byMaria PopovaIllustrated byHenrike Lendowski,"This beautifully illustrated essay collection offers a curious and creative invitation into the world of trees and the words we use to understand them. What is crown shyness, and how could a tree be shy? What is heartwood, and what does it have to do with the heart? So often even our scientific terms are rife with surprising etymologies and images that may reveal as much about us humans and our relationship to nature as they do about the things they describe. Words related to trees and forests are no exception. With a poet’s sensibility, Hannah Fries peels back the layers of these ecological terms, reflecting on their meaning both literally and figuratively, intertwining science and metaphor. Genre: |",https://www.hachettebookgroup.com/titles/hannah-fries/a-forest-language/9781635869811/
Novità,2026-10-08,Hachette,https://www.hachettebookgroup.com/wp-content/uploads/2026/04/9781541706095.jpg?w=413,Undersea War,ContributorsByElisabeth Braw,"How sabotage and disorder threaten the fragile network of undersea cables and pipelines that makes modern life possible—and how it may already be drawing the world into an all-out underwater war. “Excellent… Braw’s writing sparkles.” — Financial Times The world depends on a tangle of underwater tubes on the ocean floor. Every day undersea cables transmit nearly all the world’s data, while intercontinental pipelines convey two-thirds of the world’s oil and gas. They do their jobs so reliably that few would guess that “the cloud” is actually underwater, or that global economic stability relies on pipelines on the seafloor. But as award-winning security expert Elisabeth Braw reveals, an invisible battle over those cables and pipelines is ramping up. Undersea War tells the story of the underwater infrastructure that supports everyday life. In 2022, after decades of seeming undersea harmony, two pipelines in the Baltic Sea mysteriously exploded. Within months, the cutting of the data links between Taiwan’s Matsu Islands’ and the world along with the the subsequent destruction of additional Baltic cables and a pipeline signaled that the harmony in the ocean depths was over. Superpowers are now racing to protect themselves as the seabed itself becomes a battlefield. Blending engrossing historical narrative with acute strategic analysis, Undersea War shows that the next battle for global supremacy may unfold on the ocean floor. Genre: |",https://www.hachettebookgroup.com/titles/elisabeth-braw/undersea-war/9781541706095/
Novità,2026-10-08,Hachette,https://www.hachettebookgroup.com/wp-content/uploads/2026/08/9781454966463.jpg?w=96&h=96&crop=1,Grimm’s Fairy Tales: Classics Coloring,ContributorsByUnion Square Gift,"Step into the shadowed forests, mysterious castles, and magical worlds of the Brothers Grimm with this detailed adult coloring book. Featuring over 40 high-quality, hand-drawn illustrations inspired by tales such as Hansel and Gretel , Rumpelstiltskin , Snow White , and Rapunzel , this beautiful wibalin paperback coloring book transforms these classic stories into an immersive, creative experience. Each page captures the eerie elegance and whimsical darkness of the originals, providing hours of mindful coloring and artistic escape. Genre: | Series:",https://www.hachettebookgroup.com/titles/union-square-gift/grimms-fairy-tales-classics-coloring/9781454966463/
Novità,2026-10-08,Hachette,https://www.hachettebookgroup.com/wp-content/uploads/2026/04/9781523536061.jpg?w=96&h=96&crop=1,Book for Paper Lovers: World of Flowers,ContributorsByEditors of Flow magazine,"From the creators of wildly popular Flow magazine, the Book for Paper Lovers is a stationery enthusiast’s dream, brimming from cover to cover with beautiful paper and Flow’s signature goodies. To help brighten the world up a little, this edition of Flow’s Book for Paper Lovers is bursting with blooms. And much like a flower, paper is also something that is tactile and real—which is lovely in such an increasingly digital world. This book doesn’t need a password: instead, it offers beautiful stationery and fold-your-own envelopes, stickers and gift wrap, notebooks and pop-ups, tags and cards, and posters and labels within its covers—all made of paper, the material we adore so much and that is 100 percent analog. What’s included: Patterned paper Stickers Notebooks Gift tags and cards Wrapping paper Fold-your-own envelopes And much more! Genre: |",https://www.hachettebookgroup.com/titles/editors-of-flow-magazine/book-for-paper-lovers-world-of-flowers/9781523536061/
Novità,2026-10-08,Hachette,https://www.hachettebookgroup.com/wp-content/uploads/2026/02/9798894141480_fdaef1.jpg?w=640,Demon Slayer: Kimetsu no Yaiba: Magnet Set,ContributorsByRunning Press,"This officially licensed set of illustrated magnets featuring characters from Demon Slayer: Kimetsu no Yaiba is a must-have gift for collectors and fans! Specifications : 30 full-color magnets featuring Tanjiro, Nezuko, Inosuke, Zenitsu, and more Book Included : Mini sticker book featuring 8 full-color stickers Irresistible Gift for Anime Fans : An essential gift for any fan of the globally successful anime TV series and movies Portable : Small size allows for display on any magnetic surface Officially Licensed : Authentic Demon Slayer: Kimetsu no Yaiba product Genre: | Series:",https://www.hachettebookgroup.com/titles/running-press/demon-slayer-kimetsu-no-yaiba-magnet-set/9798894141480/
Novità,2026-10-08,Hachette,https://www.hachettebookgroup.com/wp-content/uploads/2025/11/9780465093496.jpg?w=427,How to Listen to Jazz,ContributorsByTed Gioia,"An Economist Best Book of the Year An acclaimed music scholar presents an accessible introduction to the art of listening to jazz. “Mr. Gioia could not have done a better job. Through him, jazz might even find new devotees.” ― Economist In How to Listen to Jazz , award-winning music scholar Ted Gioia presents a lively introduction to one of America’s premier art forms. He tells us what to listen for in a performance and includes a guide to today’s leading jazz musicians. From Louis Armstrong’s innovative sounds to the jazz-rock fusion of Miles Davis, Gioia covers the music’s history and reveals the building blocks of improvisation. A true love letter to jazz by a foremost expert, How to Listen to Jazz is a must-read for anyone who’s ever wanted to understand and better appreciate America’s greatest contribution to music. “ How to Listen to Jazz fills an important and obvious gap by offering a sensible and jargon-free introduction to what Gioia calls ‘the most joyous sound invented during the entire course of twentieth-century music.’” ― Washington Post Genre: |",https://www.hachettebookgroup.com/titles/ted-gioia/how-to-listen-to-jazz/9780465093496/
Novità,2026-10-08,Hachette,https://www.hachettebookgroup.com/wp-content/uploads/2026/04/9781454967262.jpg?w=503,Runway,Cindy Crawford,"This stunning collection of candid snapshots from Paris Haute Couture fashion shows offers exclusive backstage access during a formative decade in fashion and modeling. Paris, 1990s: A last-minute fitting. Clouds of hairspray. A final swipe of lip liner. Backstage at fashion week, designers, hair stylists, makeup artists, and others swirled around supermodels preparing to step onto the couture runway. Amid the frenzy, photographer Kevin Merrill lingered in the shadows, capturing the commotion. Merrill witnessed moments of stillness, too: a model slipping away from the rush to lose herself in a book, or another patiently waiting while corset ribbons were pulled tight. This striking collection from Merrill’s personal archives documents the rhythm and harmony behind-the-scenes at the height of ’90s fashion. The 90 black-and-white photographs offer an extraordinary glimpse of the spectacle, glamour, and craftmanship that defined this influential decade in fashion. Featuring a foreword from Cindy Crawford and peppered with reflections from renowned designers and models—including Oscar de la Renta, Jean Paul Gaultier, Christian Lacroix, Karl Lagerfeld, Yves Saint Laurent, and Nadja Auermann, Naomi Campbell, Helena Christensen, Linda Evangelista, Kate Moss, Claudia Schiffer, Stephanie Seymour, and Christy Turlington —this stunning volume immerses you in one of the most exhilarating eras of fashion, one that endures today. Genre: |",https://www.hachettebookgroup.com/titles/kevin-merrill/runway/9781454967262/
Novità,2026-10-08,Hachette,https://www.hachettebookgroup.com/wp-content/uploads/2026/02/9780465093021.jpg?w=427,The Social Transformation of American Medicine,ContributorsByPaul Starr,"“A monumental achievement” ( New York Times ) and the winner of the Pulitzer Prize and the Bancroft Prize in American History, this is a landmark history of the American health care system. Considered the definitive history of the American health care system, The Social Transformation of American Medicine examines how the roles of doctors, hospitals, health plans, and government programs have evolved over the last two and a half centuries. How did the financially insecure medical profession of the nineteenth century become a prosperous one in the twentieth? Why was national health insurance blocked? And why are corporate institutions taking over our medical system today? Beginning in 1760 and coming up to the present day, renowned sociologist Paul Starr traces the decline of professional sovereignty in medicine, the political struggles over health care, and the rise of a corporate system. Updated with a new preface and an epilogue analyzing developments since the early 1980s, The Social Transformation of American Medicine is a must-read for anyone concerned about the future of our fraught health care system. Genre: |",https://www.hachettebookgroup.com/titles/paul-starr/the-social-transformation-of-american-medicine/9780465093021/
Novità,2026-10-08,Hachette,https://www.hachettebookgroup.com/wp-content/uploads/2026/06/9781635869781.jpg?w=96&h=96&crop=1,Bird Anatomy,ContributorsByJulia RothmanWith Michael Hearst,"With her signature whimsical style, illustrator Julia Rothman delves into the incredible world of birds, exploring everything from feathers to feeding, mating rituals to molting, and introduces readers to birds across the globe. This irresistible illustrated guide takes you around the world to meet the fascinating feathered creatures that populate our planet. From albatrosses that drink sea water and spend months without setting foot on the ground to hummingbirds so small they weigh less than a penny, the bird world is full of astonishing animals. Filled with fascinating information on every aspect of avian life, every page of Bird Anatomy is a delightful glimpse into the wonder of nature. Learn how birds fly, build their nests, forage or hunt, and explore some of their most extraordinary behaviors, such as the stunning architecture of a weaverbird’s nest or the Bald Eagles’ daring courtship dance. Whether you’re a dedicated bird watcher with the high-powered binoculars to prove it or you couldn’t tell a flamingo from a flycatcher, Rothman’s vivid, whimsical illustrations will inspire, leaving you with a little more wonder and appreciation for the natural world. Genre: | Series:",https://www.hachettebookgroup.com/titles/julia-rothman/bird-anatomy/9781635869781/
Novità,2026-10-08,Hachette,https://www.hachettebookgroup.com/wp-content/uploads/2026/08/9781668660553.jpg?w=640,Crepúsculo en Venezuela,ContributorsByRafael Osío CabricesRead byRafael Osío Cabrices,"El experto, periodista, y editor de Caracas Chronicles Rafael Osío Cabrices nos ofrece una crónica imprescindible de la historia moderna de su país, desde el ascenso de Chávez y la lenta degradación de la democracia, hasta la incursión militar y la captura de Maduro por parte de los Estados Unidos. En esta narrativa única de un país que suele resultar un misterio a los extranjeros, Osío Cabrices ilumina los momentos claves que han llevado a Venezuela a su estado actual de crisis—revelando cómo una democracia sana y fuerte puede empezar, sin que nadie lo note, a derrumbarse. Creció en un estado libre, moderno, petrolero, mientras gran parte de Latinoamérica vivía bajo la sombra de dictaduras brutales, y presenció, con los ojos de un estudiante de periodismo, la crisis económica que creó la percepción internacional de Caracas como un foco del crimen organizado. Y luego miraba cómo crecía la esperanza falsa, terriblemente poderosa, de tanta gente frente a la elección de Hugo Chávez, antes de que el deslizamiento lento hacia el autoritarismo tomara control de cada faceta del gobierno y de la economía. Contado en escenas intimas de sus viajes de regreso para visitar a su padre y a amigos después de su decisión de irse de su país bajo la luz de las escaseces y la disolución de la libertad de prensa, Osío Cabrices nos pinta todo el paisaje de este país fascinante, siempre centrando las experiencias diarias de la gente que viven estos eventos. Crepúsculo en Venezuela se lee como una inolvidable conversación, rica en matices, con un amigo bien informado que desmonta los mitos y te revela, como pocas veces, cómo se siente que la Historia se cuele por la ventana para revolver tu mundo. Genre: |",https://www.hachettebookgroup.com/titles/rafael-osio-cabrices/crep%c3%basculo-en-venezuela/9781668660553/
Novità,2026-10-08,Hachette,https://www.hachettebookgroup.com/wp-content/uploads/2026/04/9781523536344.jpg?w=96&h=96&crop=1,PANTONE Wrapping Paper Book,ContributorsByPantone,"Enhance your gifting game with this colorful set of twelve high-quality wrapping papers and matching gift tags! With patterns inspired by Pantone’s signature color chips, these wrapping paper sheets detach easily and unfold to be 18 7/8″ by 25 ¾”. Genre: | Series:",https://www.hachettebookgroup.com/titles/pantone/pantone-wrapping-paper-book/9781523536344/
Novità,2026-10-08,Hachette,https://www.hachettebookgroup.com/wp-content/uploads/2026/02/9781668658376.jpg?w=640,The Happiness Hypothesis,Sean PrattRead byJonathan Haidt,"The author of the #1 New York Times bestseller The Anxious Generation shows how a deeper understanding of the world’s philosophical wisdom can enrich and transform our lives. “Wonderfully smart and readable.” — Washington Post In The Happiness Hypothesis , social psychologist Jonathan Haidt skillfully combines philosophical wisdom and scientific research to explore ten “Great Ideas” that have been discovered by several of the world’s civilizations. In each chapter, Haidt questions a Great Idea in light of what we now know, and extracts from it the lessons that still apply to our modern lives, thereby illuminating the causes of human flourishing. Now with a new preface, The Happiness Hypothesis expertly unravels the world’s philosophical wisdom and its enduring maxims—such as “Do unto others as you would have others do unto you” and “What doesn’t kill you makes you stronger”—and tackles the eternal question “How can I live a meaningful life?” Genre: |",https://www.hachettebookgroup.com/titles/jonathan-haidt/the-happiness-hypothesis/9781668658376/
Novità,2026-10-08,Hachette,https://www.hachettebookgroup.com/wp-content/uploads/2017/10/97815416973312.jpg?w=424,A Girl Stands at the Door,ContributorsByRachel Devlin,"A new history of school desegregation in America, revealing how girls and women led the fight for interracial education The struggle to desegregate America’s schools was a grassroots movement, and young women were its vanguard. In the late 1940s, parents began to file desegregation lawsuits with their daughters, forcing Thurgood Marshall and other civil rights lawyers to take up the issue and bring it to the Supreme Court. After the Brown v. Board of Education ruling, girls far outnumbered boys in volunteering to desegregate formerly all-white schools. In A Girl Stands at the Door , historian Rachel Devlin tells the remarkable stories of these desegregation pioneers. She also explains why black girls were seen, and saw themselves, as responsible for the difficult work of reaching across the color line in public schools. Highlighting the extraordinary bravery of young black women, this bold revisionist account illuminates today’s ongoing struggles for equality. Genre: |",https://www.hachettebookgroup.com/titles/rachel-devlin/a-girl-stands-at-the-door/9781541697331/
Novità,2026-10-08,Hachette,https://www.hachettebookgroup.com/wp-content/uploads/2026/06/9780316613941.jpg?w=424,I’ll Believe in Anything,Rachel Reid,"From Jacob Tierney, the creator of Heated Rivalry , in partnership with Brendan Brady and Accent Aigu, comes an official and complete collection of annotated scripts for the biggest cultural sensation of the year, with all new exclusive behind-the-scenes content. Based on Rachel Reid’s blockbuster Game Changers book series, Heated Rivalry premiered on Crave and HBO in late 2025 and immediately took the world by storm. I’ll Believe in Anything takes readers behind the curtain, showing how Tierney, his producing partner Brendan Brady, and the entire Accent Aigu team drew on a deep reverence for Reid’s work, impeccable casting, clever sets and costume design, and thoughtful sex scene choreography to both rewrite the playbook for adapting romance novels to the screen and obliterate the long-held misconception that queer love stories have limited appeal. I’ll Believe in Anything answers all the questions fans of this groundbreaking series have been asking. How did Tierney interweave Ilya and Shane’s rivalry with Scott and Kip’s love story to create the ultimate television moment? Where did the idea for that incredible Canadian Olympic fleece originate? And what does it look like for a full team, led by Tierney and Brady, to plan, choreograph, and film some of the best sex scenes in television history? Featuring annotations on scene directions, intimacy choreography, costume insights, and more, alongside Tierney’s never-before-seen scripts, this book gives fans a brand-new way to come to the cottage! Genre: |",https://www.hachettebookgroup.com/titles/jacob-tierney/ill-believe-in-anything/9780316613941/
Novità,2026-10-08,Hachette,https://www.hachettebookgroup.com/wp-content/uploads/2019/11/9780316396691.jpg?w=427,Kings of the Yukon,ContributorsByAdam Weymouth,"A thrilling journey by canoe across Alaska, by critically acclaimed writer Adam Weymouth. The Yukon river is 2,000 miles long, the longest stretch of free-flowing river in the United States. In this riveting examination of one of the last wild places on earth, Adam Weymouth canoes along the river’s length, from Canada’s Yukon Territory, through Alaska, to the Bering Sea. The result is a book that shows how even the most remote wilderness is affected by the same forces reshaping the rest of the planet. Every summer, hundreds of thousands of king salmon migrate the distance of the Yukon to their spawning grounds, where they breed and die, in what is the longest salmon run in the world. For the communities that live along the river, salmon was once the lifeblood of the economy and local culture. But climate change and a globalized economy have fundamentally altered the balance between man and nature; the health and numbers of king salmon are in question, as is the fate of the communities that depend on them. Traveling along the Yukon as the salmon migrate, a four-month journey through untrammeled landscape, Adam Weymouth traces the fundamental interconnectedness of people and fish through searing and unforgettable portraits of the individuals he encounters. He offers a powerful, nuanced glimpse into indigenous cultures, and into our ever-complicated relationship with the natural world. Weaving in the rich history of salmon across time as well as the science behind their mysterious life cycle, Kings of the Yukon is extraordinary adventure and nature writing at its most urgent and poetic. “ Kings of the Yukon succeeds as an adventure tale, a natural history and a work of art.”- Wall Street Journal Genre: |",https://www.hachettebookgroup.com/titles/adam-weymouth/kings-of-the-yukon/9780316396691/
Novità,2026-10-08,Hachette,https://www.hachettebookgroup.com/wp-content/uploads/2017/08/97816103980604.jpg?w=413,Type R,ContributorsByAma MarstonByStephanie Marston,"Forget Type As and Bs. The future lies with Type Rs-the resilient individuals, leaders, businesses, families, and communities who turn challenges into opportunities in times of upheaval, crisis, and change. In Type R , Ama Marston and Stephanie Marston explore Transformative Resilience and the strategies of those who use difficult circumstances as catalysts for growth — springing forward rather than bouncing back during turbulent times. Here, Ama and Stephanie share inspiring stories of Type Rs thriving during unprecedented world events and increasing global pressures — from climate change to financial crises. They share the individual and collective triumphs of people coping with the stress of daily life and the challenges and disruptions that rattle all our lives at some point. And they draw upon research that spans the personal and the professional, the local and the global. Reaching across psychology, neuroscience, business, and politics, Type R demonstrates how we can use challenges to innovate, create new strengths, and grow. Type R also teaches leaders, businesses, and organizations how to cultivate the critical Type R Vision and Culture, which is essential for navigating and thriving in disruptive change. This thought-provoking book proves that there is much we can learn from those who use change, stress, and adversity as springboards to progress in a chaotic world. Genre: |",https://www.hachettebookgroup.com/titles/ama-marston/type-r/9781610398060/
Novità,2026-10-08,Hachette,https://www.hachettebookgroup.com/wp-content/uploads/2026/02/9781541699533.jpg?w=427,Buzz,ContributorsByThor Hanson,"One of America’s great nature writers presents a natural and cultural history of bees: the buzzing wee beasties that make the world go round. “Vividly zinging.” ― New York Times Book Review Bees are like oxygen: ubiquitous, essential, and, for the most part, unseen. While we might overlook them, they lie at the heart of relationships that bind the human and natural worlds. In Buzz , the beloved Thor Hanson takes us on a journey that begins 125 million years ago, when a wasp first dared to feed pollen to its young. From honeybees and bumbles to lesser-known diggers, miners, leafcutters, and masons, bees have long been central to our harvests, our mythologies, and our very existence. They’ve given us sweetness and light, the beauty of flowers, and as much as a third of the foodstuffs we eat. And, alarmingly, they are at risk of disappearing. As informative and enchanting as the waggle dance of a honeybee, Buzz shows us why all bees are wonders to celebrate and protect. Read this book and you’ll never overlook them again. Genre: |",https://www.hachettebookgroup.com/titles/thor-hanson/buzz/9781541699533/
Novità,2026-10-08,Hachette,https://www.hachettebookgroup.com/wp-content/uploads/2026/05/9781454966968.jpg?w=96&h=96&crop=1,I Am Going to Eat You . . . and Other Awkward Truths,Jim Gaffigan,"There is no funnier cartoonist working today than the New Yorker’s Paul Noth, and this is his first published collection. It features a mix of 200 of his most popular cartoons, shared by millions, and more than 50 previously unseen works. Noth’s trademark wit skewers everything from government and business to art, pets, and the internet. As comedian Jim Gaffigan notes in his foreword, Noth’s has a “unique comedic voice, with its oddly gentle way of exposing disturbing truths.” The hilarious compilation is for his fans old and new, and will appeal to the same readers who have flocked to books by Roz Chast, Steve Martin, and Harry Bliss. Genre: |",https://www.hachettebookgroup.com/titles/paul-noth/i-am-going-to-eat-you-and-other-awkward-truths/9781454966968/
Novità,2026-10-08,Hachette,https://www.hachettebookgroup.com/wp-content/uploads/2026/02/9781610398084.jpg?w=421,Crash Override,ContributorsByZoë Quinn,"You’ve heard the stories about the dark side of the internet — hackers, #gamergate, anonymous mobs attacking an unlucky victim, and revenge porn — but they remain just that: stories. Surely these things would never happen to you. Zoe Quinn used to feel the same way. She is a video game developer whose ex-boyfriend published a crazed blog post cobbled together from private information, half-truths, and outright fictions, along with a rallying cry to the online hordes to go after her. They answered in the form of a so-called movement known as #gamergate–they hacked her accounts; stole nude photos of her; harassed her family, friends, and colleagues; and threatened to rape and murder her. But instead of shrinking into silence as the online mobs wanted her to, she raised her voice and spoke out against this vicious online culture and for making the internet a safer place for everyone. In the years since #gamergate, Quinn has helped thousands of people with her advocacy and online-abuse crisis resource Crash Override Network. From locking down victims’ personal accounts to working with tech companies and lawmakers to inform policy, she has firsthand knowledge about every angle of online abuse, what powerful institutions are (and aren’t) doing about it, and how we can protect our digital spaces and selves. Crash Override offers an up-close look inside the controversy, threats, and social and cultural battles that started in the far corners of the internet and have since permeated our online lives. Through her story — as target and as activist — Quinn provides a human look at the ways the internet impacts our lives and culture, along with practical advice for keeping yourself and others safe online. Genre: |",https://www.hachettebookgroup.com/titles/zoe-quinn/crash-override/9781610398084/
Novità,2026-10-08,Hachette,https://www.hachettebookgroup.com/wp-content/uploads/2026/04/9781454968146.jpg?w=96&h=96&crop=1,The Crime Scene Puzzle Book,Laura Jayne Ayres,"Take charge of the investigation to crack 25 cases! You’re at the center of the action as you delve into art thefts, jewelry heists, unexplained deaths, and more. You’ll need all your critical thinking skills as you study fingerprints, toxicology reports, cryptic notes, and other evidence to determine the who, what, and why behind these mysteries. Before you’re through, you’ll solve more than 70 puzzles, drawing on logic, observation, cryptography, and lateral thinking. There’s no such thing as the perfect crime, but this is the perfect puzzle book for aspiring detectives! Genre: |",https://www.hachettebookgroup.com/titles/dr-gareth-moore/the-crime-scene-puzzle-book/9781454968146/
Novità,2026-10-08,Hachette,https://www.hachettebookgroup.com/wp-content/uploads/2026/06/9781648294907.jpg?w=96&h=96&crop=1,Factory Convent Schoolhouse Home,ContributorsByLynda GardenerByLean Timms,"A one-of-a-kind design book, showcasing transformations of unusual and non-traditional buildings into lived-in, layered homes. An air control tower in Scotland. A historic carpenter’s shop in Madrid. A laundromat in Texas. A medieval convent in Tuscany. None of these may seem the most obvious candidates for a beautiful, soulful family home—but that is just what each one has become in the hands of their curious and creative new stewards. In this book interior stylist and hotelier Lynda Gardener and photographer Lean Timms take us on a world tour of some the most astonishing home renovations you’ve ever seen. In listening to a building, whether it’s a piano factory or a fire station, and responding with restraint and imagination, these homeowners show us that we have the power to create homes that go beyond the expected to become something extraordinary. Genre: |",https://www.hachettebookgroup.com/titles/lynda-gardener/factory-convent-schoolhouse-home/9781648294907/
Novità,2026-10-08,Hachette,https://www.hachettebookgroup.com/wp-content/uploads/2026/06/9781683496878.jpg?w=96&h=96&crop=1,Romantasy Lovers’ Sticky Book Tabs,ContributorsByKnock Knock,"Book-annotating is all the rage on BookTok, and these giftable flags are just the thing for romantasy fans who want to get in on the trend! Slightly larger than typical book flags, these write-on tabs help you flag juicy bits you’d like to remember, study, celebrate, and return to, without flipping through hundreds of pages! Housed in a nifty little package, they’re both cute and practical, making the perfect gift for the book lovers in your life (including you). Sticky flags make fab gifts for book lovers (including BookTok & Bookstagram fans), stocking stuffers for readers, and thoughtful gifts for book groups With aesthetic colors and major romantasy vibes, these colored page labels let you flag pages, take reading notes & personalize your books without marking them up! 4 x 3 inches, 5 pads with 75 sheets each, 375 flags total Genre: |",https://www.hachettebookgroup.com/titles/knock-knock/romantasy-lovers%e2%80%99-sticky-book-tabs/9781683496878/
Novità,2026-10-08,Hachette,https://www.hachettebookgroup.com/wp-content/uploads/2017/06/9780786884407.jpg?w=448,Betrayal of Trust,ContributorsByLaurie Garrett,"In this “meticulously researched” account ( New York Times Book Review ), a Pulitzer Prize-winning author examines the dangers of a failing public health system unequipped to handle large-scale global risks like a coronavirus pandemic. The New York Times bestselling author of The Coming Plague , Laurie Garrett takes on perhaps the most crucial global issue of our time in this eye-opening book. She asks: is our collective health in a state of decline? If so, how dire is this crisis and has the public health system itself contributed to it? Using riveting detail and finely-honed storytelling, exploring outbreaks around the world, Garrett exposes the underbelly of the world’s globalization to find out if it can still be assumed that government can and will protect the people’s health, or if that trust has been irrevocably broken. “A frightening vision of the future and a deeply unsettling one . . . a sober, scary book that not only limns the dangers posed by emerging diseases but also raises serious questions about two centuries’ worth of Enlightenment beliefs in science and technology and progress.” — Michiko Kakutani, The New York Times Genre: |",https://www.hachettebookgroup.com/titles/laurie-garrett/betrayal-of-trust/9780786884407/
Novità,2026-10-08,Hachette,https://www.hachettebookgroup.com/wp-content/uploads/2025/11/9781541608252_c5382f.jpg?w=413,So Ordered,ContributorsByJustice Samuel A. Alito Jr.,"Justice Samuel A. Alito elaborates on his judicial philosophy and reflects on the roles of the law, the Constitution, and the courts in preserving America’s spirit of liberty. “ So Ordered reveals Justice Samuel Alito as a jurist of rare balance: deeply principled yet resolutely practical.” ―Yuval Levin, author of American Covenant Samuel A. Alito has quietly become one of the most influential Supreme Court justices in recent history. In this surprisingly personal book, he vigorously defends his “originalist” approach to the Constitution, identifies the threats to our liberties, and reflects on faith, the nature of law, and American culture. Twenty years on the high court have given Justice Alito a unique perspective on the country’s fiercest legal and constitutional battles. As America’s culture wars unfolded, one side harnessed the power of the judiciary to impose its agenda, abetted by judges scornful of constitutional constraints and untroubled by doubts about their own infallibility. The response was a legal movement devoted to originalism and textualism, which found its most effective champion in Justice Alito. The battles, of course, are far from over. Free speech and religion, in particular, are frequently under fire. Justice Alito offers a compelling vision of the courts’ role in defending these and other fundamental liberties. In So Ordered , one of our greatest jurists celebrates the complexity and brilliance of the American Constitution. Genre: |",https://www.hachettebookgroup.com/titles/justice-samuel-a-alito-jr/so-ordered/9781541608252/
Novità,2026-10-08,Hachette,https://www.hachettebookgroup.com/wp-content/uploads/2026/04/9781643264851_b0b042.jpg?w=96&h=96&crop=1,Beatrix Potter’s Botanical,ContributorsByMarta McDowell,"A rare collection of Beatrix Potter’s own botanical art, and an exploration of the role these plants played in her personal and literary life. Beatrix Potter’s Botanical collects and showcases 65 plants and fungi that Beatrix Potter made special study of in her often-overlooked career as a botanical artist. For each species we see Potter’s original pencil and watercolor renderings, learn about the specimen’s role in her various beloved gardens, and hear the stories of how it inspired or appeared in her literary work. The result is a new look at the celebrated illustrator as a pioneering botanical artist and budding scientist. Beatrix Potter is a beloved author and illustrator and this gorgeous exploration of her work will appeal to a wide array of fans. Genre: |",https://www.hachettebookgroup.com/titles/marta-mcdowell/beatrix-potter%e2%80%99s-botanical/9781643264851/
Novità,2026-10-08,Hachette,https://www.hachettebookgroup.com/wp-content/uploads/2023/02/9781635866889_Micro-Activism_Cover_Final.jpg?w=96&h=96&crop=1,Micro Activism,ContributorsByOmkari L. WilliamsForeword byLayla F. Saad,"Nautilus Book Awards, Gold Winner Everyone can be an activist with the guidance of Omkari Williams, a life coach who guides readers in identifying their “activist archetype” and mapping a personal action plan for engaging in small, change-making activities with potentially big impacts. “Guides the aspiring changemaker to engage in justice work effectively and with heart.” —Leah Penniman, cofounder of Soul Fire Farm and author of Farming While Black In this age of social justice, those who don’t necessarily want to lead a movement or join a protest march are left wondering, “How can I make an impact?” In Micro Activism , former political consultant turned activism coach Omkari Williams shares her expertise in empowering introverts and highly sensitive people to help each of us, no matter our temperament, find our most satisfying and effective activist role. Using Williams’s Activist Archetype tool, readers discover their unique strengths and use this to develop a personal strategy. To ensure sustainable involvement, Williams encourages starting small, working collaboratively, and beginning locally. Advice on self-care practices, burn-out prevention, and profiles of activists engaged in a range of activities and causes (from voter registration to craftivism, literacy programs, community gardens, and more), provide readers with the inspiration and practical know-how needed to engage in small, doable actions that make a lasting impact. “ Micro Activism gives shape, form, clarity, and ease to every person who wants to participate in social change. Omkari Williams brings heart and structure to help you choose the type of activism that fits with your strengths, energy, and capacity. It is a must-read.” -Pamela Slim, author of The Widest Net Genre: |",https://www.hachettebookgroup.com/titles/omkari-l-williams/micro-activism/9781635866889/
Novità,2026-10-08,Hachette,https://www.hachettebookgroup.com/wp-content/uploads/2026/06/9781523528028.jpg?w=96&h=96&crop=1,Nature Is Metal,ContributorsByEttore R. PaolucciByHans Aschim,"From a sensational social media account comes a visual celebration of nature at its rawest—featuring the deadliest and toughest animals on Earth and what it really takes to survive. From the viral Instagram account @natureismetal, discover the most badass animals on the planet with this no-holds-barred celebration of nature at its most head-bangingly metal. Packed with dramatic—and utterly brutal—photographs and eye-popping biological info on more than 75 species that are not to be messed with, Nature Is Metal is a raw and unforgiving celebration of deadly hunting techniques, ingenious survival tactics, and much more. Jewel wasps that stab and zombify prey, then bury their victims alive as a living pantry for their hatching eggs. Bronzeback snakes that literally fly through the jungle air to make their attack. Sandbox trees that blast poisonous, shrapnel-like bark at up to 160 mph. With sections separated ecosystems such as forests, savannas, and oceans—plus a face-melting section on natural phenomena like volcanic lightning and avalanches—this is anything but your touchy-feely nature book. Welcome to the pit—try not to get kicked in the face! Genre: |",https://www.hachettebookgroup.com/titles/ettore-r-paolucci/nature-is-metal/9781523528028/
Novità,2026-10-08,Hachette,https://www.hachettebookgroup.com/wp-content/uploads/2026/02/9781541605954.jpg?w=413,How to Win,ContributorsByArthur Benjamin,"A New York Times bestselling mathematician reveals how math can take your game playing and puzzle solving to the next level. “A thrilling tour of all the ways you can win with math.” —Matt Parker, author of the international bestseller Humble Pi “A winning book by a winning personality.” —Ben Orlin, author of Math Games with Bad Drawings Imagine entering a bingo parlor where one thousand cards are in play. “I’ll bet that the winning card is horizontal instead of vertical,” a man says. Should you take the bet? Or suppose you’ve reached Final Jeopardy! with $7,000 to your opponents’ $8,000 and $4,000. What should you wager? Or imagine you’re at the blackjack table. The dealer’s up card is a four, and you’ve been dealt a jack and a two. Should you hit or should you stand? In How to Win , Art Benjamin answers these questions and many more. Breaking down the mathematics of games and puzzles, he finds winning strategies, hidden paradoxes, and profound ideas. He shows us the best opening guesses and follow-up moves in Wordle, an easy way to solve a Rubik’s Cube and almost any sudoku, and how to determine which games at the casino will let your money last the longest. And he reveals how the same math extends to everyday life, enabling us to transcend luck in whatever we do. Now that’s a winning proposition. Genre: |",https://www.hachettebookgroup.com/titles/arthur-benjamin/how-to-win/9781541605954/
Novità,2026-10-08,Hachette,https://www.hachettebookgroup.com/wp-content/uploads/2026/02/9798894143576_dfd055.jpg?w=640,Tic-Tac-Toe Beans,Caribay M. Benavides,"A miniature version of the classic game of tic-tac-toe complete with a 5 1/2 x 5 1/2 inch board and 10 playing pieces now with a cat lover’s twist! Specifications: Includes a 5 1/2 x 5 1/2 inch foldable magnetic board and 10 wooden X & O toe bean game pieces Mini Book Included: Includes a humorous and instructional mini book with full-color illustrations Portable: Small size makes for feline fun anytime, anywhere Purrfect Gift: Makes a great gag gift or self-purchase for cat lovers Genre: | Series:",https://www.hachettebookgroup.com/titles/rachel-mccain/tic-tac-toe-beans/9798894143576/
Novità,2026-10-08,Hachette,https://www.hachettebookgroup.com/wp-content/uploads/2026/02/9781454965275_91c18f.jpg?w=640,The Celestial Sky Playing Cards,ContributorsByAmerican Museum of Natural History,"A beautifully designed and giftable set of two playing card decks from the American Museum of Natural History that celebrates stunningly detailed astronomical art. These gorgeously illustrated cards feature archival artwork from extraordinary nineteenth-century sky atlases from the museum’s renowned rare book collection, along with contemporary illustrations of the zodiac signs. Containing two sets of 52 traditional playing cards, plus two jokers per set, and an information card with identifying details about the artwork depicted per set, it is perfect for sharing the wonder of the stars with friends and family. Genre: | Series:",https://www.hachettebookgroup.com/titles/american-museum-of-natural-history/the-celestial-sky-playing-cards/9781454965275/
Novità,2026-10-08,Hachette,https://www.hachettebookgroup.com/wp-content/uploads/2026/06/9781538775622.jpg?w=424,"Actually, You’re Fine",ContributorsByDr. Katie S. Davis,"Clinical neuropsychologist and learning disorder expert Dr. Katie Davis offers a new, illuminating approach to child development, helping you to support your child through their challenges—without leaping to a diagnosis. As parents, we want nothing more than our child to thrive in each stage of development. Seeing them struggle in that process can be difficult, but sometimes, it’s normal . After years of research, Dr. Davis suggests that a diagnosis isn’t always the answer helping our kids keep up with the curve. Actually, You’re Fine is a compassionate guide to childhood development that reveals anxiety is natural when it comes to tracking your child’s development. Our instinct, when we notice a child struggling, is often to search for a label—to assume that difficulty must signal a disorder. But the rush to pathologize can be harmful for both parents and kids for a range of reasons, from unnecessary medication to misallocation of resources. Rather than feeling capable and ready to take on life’s challenges, children can feel that their challenges are unacceptable and taboo. Overdiagnosis can also stigmatize kids who are genuinely struggling. With actionable insights, Dr. Davis empowers you to advocate for your children at school, and foster their development at home. You’ll learn: How diagnoses are achieved—and what they actually mean Critical information about emergent diagnoses that aren’t actually codified—and why this trend can do more harm than good The difference between symptoms and diagnoses Reasons why your child might be struggling in school, and interventions to help improve their functioning How to accurately identify when more support is necessary and navigate the institutions that can provide it The various interconnected challenges children can have—cognitive, social, and emotional An accessible, realistic approach to maximizing your child’s potential in a world of overachievement Actually, You’re Fine offers clear-eyed and empathetic guidance to help parents, caregivers, and educators watch your kids succeed without pathologizing them—while still being able to recognize if a child does need an intervention. Genre: |",https://www.hachettebookgroup.com/titles/dr-katie-s-davis/actually-youre-fine/9781538775622/
Novità,2026-10-08,Hachette,https://www.hachettebookgroup.com/wp-content/uploads/2026/02/9798897080762_db5924.jpg?w=96&h=96&crop=1,Bird Anatomy Sticker Book,ContributorsByJulia Rothman,"Celebrate your favorite feathered friends with over 600 stickers from beloved illustrator Julia Rothman. Bird lovers of all ages will be delighted by Bird Anatomy Stickers . From familiar backyard birds like the black cap chickadee and downy woodpecker to exotic species like the great hornbill and the blue-throated hillstar, you’ll find over 600 stickers with every kind of bird imaginable, along with stickers related to the wider avian world like eggs, feathers, nests, and more. /p> Julia Rothman’s stunning illustrations are captured on gorgeous, high-quality stickers that are easy to peel, adhere strongly, and add a splash of feathered fun wherever you put them. Genre: | Series:",https://www.hachettebookgroup.com/titles/julia-rothman/bird-anatomy-sticker-book/9798897080762/
Novità,2026-10-08,Hachette,https://www.hachettebookgroup.com/wp-content/uploads/2017/08/97803164053311.jpg?w=416,MacArthur at War,ContributorsByWalter R. Borneman,"The definitive account of General Douglas MacArthur’s rise during World War II, from the author of the bestseller The Admirals . World War II changed the course of history. Douglas MacArthur changed the course of World War II. Macarthur at War will go deeper into this transformative period of his life than previous biographies, drilling into the military strategy that Walter R. Borneman is so skilled at conveying, and exploring how personality and ego translate into military successes and failures. Architect of stunning triumphs and inexplicable defeats, General MacArthur is the most intriguing military leader of the twentieth century. There was never any middle ground with MacArthur. This in-depth study of the most critical period of his career shows how his influence spread far beyond the war-torn Pacific. A Finalist for the Gilder Lehrman Prize for Military History at the New York Historical Society Genre: |",https://www.hachettebookgroup.com/titles/walter-r-borneman/macarthur-at-war/9780316405331/
Novità,2026-10-08,Hachette,https://www.hachettebookgroup.com/wp-content/uploads/2017/06/9780316315050.jpg?w=427,I Saw the Light,George MerrittByWilliam MacEwen,"The book that inspired the major motion picture I Saw the Light . In his brief life, Hank Williams created one of the defining bodies of American music. Songs such as “Your Cheatin’ Heart,” “Hey, Good Lookin’,” and “Jambalaya” sold millions of records and became the model for virtually all country music that followed. But by the time of his death at age twenty-nine, Williams had drunk and drugged and philandered his way through two messy marriages and out of his headline spot on the Grand Ole Opry. Even though he was country music’s top seller, toward the end he was so famously unreliable that he was lucky to get a booking in a beer hall. Colin Escott’s enthralling, definitive biograph — now the basis of the major motion picture I Saw the Light — vividly details the singer’s stunning rise and his spectacular decline, revealing much that was previously unknown or hidden about the life of this country music legend. Originally published as Hank William: The Biography . Genre: |",https://www.hachettebookgroup.com/titles/colin-escott/i-saw-the-light/9780316315050/
Novità,2026-10-08,Hachette,https://www.hachettebookgroup.com/wp-content/uploads/2026/07/9781648295256_3D_a0d239.png?w=96&h=96&crop=1,Sun City,ContributorsByKendrick Brinson,"An inspiring and vibrant photographic celebration of Sun City, the retirement community where vivacious seniors live their best lives and provide a joyful lesson to the rest of us. Sun City celebrates the famous desert retirement community that puts the gold in the “golden years.” Here in Arizona, on 14.6 square miles of energy and enthusiasm, the cliché about age being just a number is happily obvious, as residents from 55 into their 90s and beyond spend their days line-dancing with friends, taking yoga classes, playing pickleball, throwing a bowl on the pottery wheel, or rounding the bases at a softball game, often to the rah-rah-rahs of the Sun City Poms cheerleading squad. Hundreds of photographs, lit with joy, bring this one-of-a-kind place to life, and brief but intimate stories of men and women photographer Kendrick Brinson has met and spent time with over the years show how the citizens of Sun City really are living their best lives. Genre: |",https://www.hachettebookgroup.com/titles/kendrick-brinson/sun-city/9781648295256/
Novità,2026-10-08,Hachette,https://www.hachettebookgroup.com/wp-content/uploads/2026/02/9798894143590_3c8b95.jpg?w=640,Itty-Bitty Bingo,ContributorsByDonald Lemke,"Bring the fun of bingo anywhere with this travel-size version of the classic game that includes everything you need to play—complete with a portable 3 1/2 inch bingo wheel! All-in-One Set: 3 1/2 inch mini bingo wheel cage with storage drawer, 75 number balls, call tray, 6 mini number cards, 3 sheets of reusable sticker bingo markers Illustrated Mini Book: Includes a 32-page mini book with instructions and variations of the game Portable: Mini size is perfect for a desktop or taking on the go Unique Gift: A must-have miniature set for bingo lovers of all ages Genre: | Series:",https://www.hachettebookgroup.com/titles/donald-lemke/itty-bitty-bingo/9798894143590/
Novità,2026-10-08,Hachette,https://www.hachettebookgroup.com/wp-content/uploads/2026/04/9798894145037.jpg?w=96&h=96&crop=1,Bark of Millions,Matt Ray,"The rock opera Bark of Millions is an incomparable celebration of queerness, and here from its award-winning creators Taylor Mac and Matt Ray is the experience in book form, including lyrics and music for 50 of the show’s songs Bark of Millions the show is an electrifying collision of performance, live music, and drag spectacle in a four-hour rock opera celebration of queerness. The show features 55 original songs by theater masterminds Taylor Mac, a MacArthur Fellow, Ibsen Award winner, and Pulitzer Prize finalist, and Matt Ray, Obie Award-winning composer. “Why 55? It’s one for every year following Stonewall.” The songs are performed by a powerhouse collective of 23 international artists. With the fierce elation of a pride parade, Bark of Millions is a luxuriant, provocative spectacle unlike any other. Bark of Millions the book is an expression and extension of this transportive experience. It’s for the queer community and for theater obsessives and musicians and performers. Included in the box set are a book of lyrics and a book of music lead sheets for 50 of the songs. Genre: |",https://www.hachettebookgroup.com/titles/taylor-mac/bark-of-millions/9798894145037/
Novità,2026-10-08,Hachette,https://www.hachettebookgroup.com/wp-content/uploads/2026/04/9781643265315_12bb4c.jpg?w=96&h=96&crop=1,Flowerprint,ContributorsByAmanda de Beaufort,"Explore offbeat creativity and forge a deeper connection with flowers with this inspiring, contemporary guide to botanical dyeing. Flowerprint is a contemporary, stylish guide for anyone who loves flowers, textiles, and crafting. With an infectious passion for the way plants and flowers can be a palette for expressing ingenuity and individuality, Amanda de Beaufort brings a fresh approach to the centuries-old practice of flower printing. Her intuitive and organic process harnesses the unpredictable magic of nature to create rich botanical color and one-of-a-kind designs on fabric. With step-by-step instruction and lush photography, she shares her secrets for creating color and pattern, and imprinting it into rich textures in a way that echoes nature itself. Emphasizing sustainability and resourcefulness, Amanda breaks down every aspect of the process: collecting essential materials and tools; cultivating a dye garden anywhere; foraging and harvesting dye flowers; demystifying the science of preparing fibers for lasting prints; and mastering a variety of bundle-dyeing and color extraction techniques. Step into Amanda’s vibrant world, with peeks at her home and studio; her essential playlists, recipes, and party ideas; and how she incorporates botanically dyed items into her eclectic living spaces. Genre: |",https://www.hachettebookgroup.com/titles/amanda-de-beaufort/flowerprint/9781643265315/
Novità,2026-10-08,Hachette,https://www.hachettebookgroup.com/wp-content/uploads/2026/02/9781568589930.jpg?w=427,Another Day in the Death of America,ContributorsByGary Younge,"Winner of the 2017 J. Anthony Lukas Prize Shortlisted for the 2017 Hurston/Wright Foundation Award Finalist for the 2017 Helen Bernstein Book Award for Excellence in Journalism Longlisted for the 2017 Andrew Carnegie Medal for Excellence in Non Fiction On an average day in America, seven children and teens will be shot dead. In Another Day in the Death of America , award-winning journalist Gary Younge tells the stories of the lives lost during one such day. It could have been any day, but he chose November 23, 2013. Black, white, and Latino, aged nine to nineteen, they fell at sleepovers, on street corners, in stairwells, and on their own doorsteps. From the rural Midwest to the barrios of Texas, the narrative crisscrosses the country over a period of twenty-four hours to reveal the full human stories behind the gun-violence statistics and the brief mentions in local papers of lives lost. This powerful and moving work puts a human face-a child’s face-on the “collateral damage” of gun deaths across the country. This is not a book about gun control, but about what happens in a country where it does not exist. What emerges in these pages is a searing and urgent portrait of youth, family, and firearms in America today. Genre: |",https://www.hachettebookgroup.com/titles/gary-younge/another-day-in-the-death-of-america/9781568589930/
Novità,2026-10-08,Hachette,https://www.hachettebookgroup.com/wp-content/uploads/2026/07/9781523537938.jpg?w=427,Twilight in Venezuela,Jessie Mendez Sayer,"Expert journalist and editor-in-chief of Caracas Chronicles Rafael Osío Cabrices offers a riveting, rigorous, and deeply personal account of the modern history of his country, from the rise of Chávez and the slow erosion of democracy, to the U.S. invasion and capture of Maduro. In this singular narrative of a country that often mystifies outsiders, Osío Cabrices brings to life the pivotal moments that led Venezuela to its current state of crisis—revealing the ways any healthy democracy can begin, imperceptibly, to cave in on itself. He grew up in a free, modern, oil-rich country, while much of Latin America lived under the shadow of brutal dictatorships, and witnessed as a young journalism student the economic crisis that led to the international perception of Caracas as a haven for organized crime. And he saw the devastatingly powerful false hope the election of Hugo Chávez brought to so many of his friends, before the slow creep of authoritarianism took over of every facet of the government and economy. Told through vivid scenes of his trips back to visit his father and other friends and relatives, after his decision to leave the country in the wake of the worsening shortages and crackdowns on press freedoms, Osío Cabrices’s fascinating, on-the-ground account of Venezuela’s contemporary history holds stark lessons for all of us. Twilight in Venezuela reads like an unforgettable conversation with a deeply informed friend, who dispels the myths and misinformation and reveals, as few can, what it feels like when History sneaks up behind you and turns your world upside down. Genre: |",https://www.hachettebookgroup.com/titles/rafael-osio-cabrices/twilight-in-venezuela/9781523537938/
Novità,2026-10-08,Hachette,https://www.hachettebookgroup.com/wp-content/uploads/2026/07/9781643263953.jpg?w=96&h=96&crop=1,Wildlife of the Southeast,ContributorsBySam Giovanetti,"From one of the region’s track and sign experts comes a guide to finding and identifying wildlife in the swamps, forests, rivers, meadows, and mountains of the southeastern United States It’s possible to safely see fascinating wildlife—if you know what to look for and where. Wildlife of the Southeast makes it easier than ever to understand the fascinating creatures you’ll encounter, with illustrated descriptions for more than 125 mammals, birds, reptiles, amphibians, and invertebrates. Covering the diverse habitats from Maryland, south to Florida, west to Louisiana, north to Kentucky and West Virginia, and every state in between, this book is a must-have for nature lovers of all ages and skill levels. Genre: | Series:",https://www.hachettebookgroup.com/titles/sam-giovanetti/wildlife-of-the-southeast/9781643263953/
Novità,2026-10-08,Hachette,https://www.hachettebookgroup.com/wp-content/uploads/2026/07/9781538773635.jpg?w=424,The Wiregrass,ContributorsByMatt Kessler,"A reporter’s dogged quest to solve the murder of two teens uncovers a forgotten corner of the Deep South and the chilling web of police corruption, violence, and miscarried justice beneath its surface. “Page-turning, novelistic, brilliantly reported and extremely important to read right now.” –Gillian Flynn, author of Gone Girl “A captivating, richly reported and deeply humane story of found families, crooked cops, ferocious loyalties and the terrifying velocity of justice slipping away.” -Megan Abbott, New York Times bestselling author of El Dorado Drive In 1999, in the rural Alabama town of Ozark, the bodies of two white teenage girls, J.B. Beasley and Tracie Hawlett, were found shot in the trunk of Beasley’s car. The girl were out past curfew and celebrating Beasley’s birthday—but from there the story grew tangled, then went dark. As months, then years, passed without answers, an eccentric cast of townspeople took it upon themselves to chase down leads. In this hardscrabble, farming region at the southern tip of the Bible Belt—a place cut off from freeways and wary of outsiders—everyone knew you couldn’t trust the cops. Their investigation was shoddy at best; at worst, it looked a lot like a cover-up. Twenty years later, the chief of police called his childhood friend, a devout Black man and long-haul trucker named Coley McCraney, into the station. To the shock of the community, and most of all McCraney, he was arrested for the long-ago murder of two girls he didn’t seem to recognize. DNA evidence tied McCraney to the crime scene. But in a region rife with corruption, and haunted by a legacy of racist violence, was there any chance of finding the truth? The Wiregrass is a twisting, deeply reported true-crime narrative, populated by Bible kids, white supremacists, and amateur sleuths. Unraveling the notorious Beasley-Hawlett cold case, it reveals the stunning, Southern gothic story of a region—and a nation—that cannot outrun the traumas of its past. Genre: |",https://www.hachettebookgroup.com/titles/matt-kessler/the-wiregrass/9781538773635/
Novità,2026-10-08,Hachette,https://www.hachettebookgroup.com/wp-content/uploads/2026/07/9780316599030.jpg?w=427,The Zizians,ContributorsByAndy Ngo,"A shocking work of investigative true crime from the only journalist fearless enough to expose the hidden networks of radical leftist violence in America. As a New York Times bestselling author and one of the world’s foremost investigative reporters on Antifa and left-wing extremism, Andy Ngo has spent years tracking the rise of violent ideologies that much of the mainstream media has been unwilling to confront. Now, he turns his focus to an even more elusive, mysterious, and dangerous threat: the secretive cult of the Zizians, a transgender, leftist “rationalist” group of AI doomers linked to eight violent deaths, including the killings of a U.S. Border Patrol agent and a key murder trial witness. With exclusive access to firsthand witnesses and family members, and drawing on court records and deep-dive reporting, Ngo unravels the chilling story of how a fringe online movement metastasized into a real-world, international violent death cult. Through meticulous research and on-the-ground reporting, he exposes the cult’s ideology, recruitment tactics, and its ties to broader radical leftist movements. As authorities scramble to track down fugitive members, Ngo reconstructs the cult’s deadly trail from alleged assassinations to execution-style killings, and examines how its leader, computer science “genius” Jack LaSota, known as “Ziz,” became an enigmatic, Charles Manson-esque figure who came to exert a fatal grip over his followers. This book is not just an exposé—it is a warning. As gender extremism and militant ideologies continue to radicalize and spread, the risk of similar movements and groups emerging grows. With law enforcement hamstrung by political pressure and mainstream media reluctant to investigate, Ngo stands apart in sounding the alarm. His fearless reporting has already reshaped the national conversation on Antifa. Now, he delivers the definitive account of one of the most shocking and under-reported crime stories of the decade. Genre: |",https://www.hachettebookgroup.com/titles/andy-ngo/the-zizians/9780316599030/
Novità,2026-10-08,HarperCollins,https://www.harpercollins.com/cdn/shop/files/9780063385948.jpg?v=1790903773&width=350,The Way of Excellence,ByBrad Stulberg,"NEW YORK TIMES BESTSELLER USA TODAY BESTSELLER NEXT BIG IDEA CLUB MUST READ ""An absolutely beautiful book.""—Steve Kerr, nine-time NBA Champion; Coach of the Golden State Warriors and Team USA The definitive book on excellence—beloved by world champion coaches and athletes, award-winning artists, top entrepreneurs and executives, and high performers across fields, from bestselling author Brad Stulberg. Whether you are pushing your limits at the gym, practicing guitar, leading a team, honing a craft, studying medicine, or giving yourself the time and space to finally take on that big creative project, The Way of Excellence is a practical guide to actualizing your potential amid the craziness of modern life. Unlike ""pseudo-excellence,"" which is about hustle culture and hacks, genuine excellence means doing hard things, creating, contributing, and expressing the unique qualities that make you who you are. Too often, we get caught up in convenience and distraction to the detriment of our full potential. Though our environments often work against us, we can overcome the default options and set out on a better path, one that includes more meaning, aliveness, and resonance; more connection to yourself, to others, and to the big projects and goals in your life. Here, Stulberg finds a fascinating convergence between modern science, age-old philosophy, and daily practice to explain that we are wired to strive for excellence—the pursuit of excellence is in our nature, core to our humanity. The way of excellence means learning about: Why mastery and mattering are key to the good life Cultivating focus and concentration Prioritizing consistency over intensity Confidence based on evidence Defining, living, and working in alignment with your values Developing the courage to care deeply Designing environments that support excellence Selecting goals based not just on what you want to achieve, but on who you want to become Overcoming the traps, pitfalls, and barriers to excellence—including alienation, chasing a never-ending supply of dopamine, and addiction to external validation and the opinions of others Applying the principles and insights of excellence to one's teams, organizations, and communities At its core, excellence is a deeply-fulfilling process of becoming—the best performer, and person, you can be. Whether you're a high performer looking for something to encourage, inspire, and cement your commitment, or someone brand new on the path, this book shows you the way.",https://www.harpercollins.com/products/the-way-of-excellence-brad-stulberg
Novità,2026-10-08,HarperCollins,https://www.harpercollins.com/cdn/shop/files/9780063290976.jpg?v=1791282263&width=350,The Crown's Silence,ByBrooke N. Newman,"For readers of Annette Gordon-Reed and Nikole Hannah-Jones, the shocking untold story of the British royal family’s centuries-long investment in slavery and continued profiting off its legacy—from Elizabeth I to the present—and the monarchy’s culpability in the racial injustice that gave birth to the United States. For centuries, Britain has told itself and the world that it is an abolitionist nation, one that, unlike the United States, rejected human bondage and dismantled its Atlantic slave empire without tearing itself apart in violence. An abolitionist nation headed by a just, humane monarch who liberated enslaved Africans and recognized their descendants as free and equal subjects of the British Crown. As Prince William put it recently, “We’re very much not a racist family.” When slaveholding nations write their collective history, the enslavers hold the pen. Now, acclaimed historian Brooke Newman reveals the true story: the enslavers were supported by members of the royal family. From the 1560s to 1807, the British monarchy invested in the transatlantic slave trade and built a slave empire in colonial America and the Caribbean, with the labor of millions of enslaved Africans who would see none of its riches. It profited from African slave trading and hereditary bondage, setting the stage for other colonial powers to develop brutal slave systems that remained legal long after full emancipation in the British Empire in 1838. The scars of this history remain visible the world over, from economic inequality and educational and health disparities to racial discrimination and prejudice. Still, Crown officials continue to insist the legacies of slavery “belong to the past.” Newman focuses not on portraits of British monarchs but on their actions and investments that led to the rise and fall of the transatlantic slave trade and colonial slavery, and on some of the people whose lives it took, placing the struggles and sacrifices of innumerable individuals of African origin and ancestry at the center of Britain’s story.",https://www.harpercollins.com/products/the-crowns-silence-brooke-n-newman
Novità,2026-10-08,HarperCollins,https://www.harpercollins.com/cdn/shop/files/9780063308169.jpg?v=1791282261&width=350,Kings and Pawns,ByHoward Bryant,"NATIONAL BESTSELLER “I loved this book.... I looked forward to [it] more than any other in a long time, and Howard Bryant exceeded my great expectations. Kings and Pawns is brilliantly conceived and powerfully written.” — David Maraniss, author of Path Lit by Lightning A path-breaking work of biography of two American giants, Jackie Robinson and Paul Robeson, whose lives would forever be altered by the Cold War, and would explosively intersect before its most notorious weapon, the House Un-American Activities Committee — from one of the best sports and culture writers working today. Kings and Pawns is the untold story of sports and fame, Black America and the promise of integration through the Cold War lens of two transformative events. The first occurred July 18, 1949 in Washington, D.C., when a reluctant Jackie Robinson, the Brooklyn Dodgers baseball star who integrated the game and at the time was the most famous Black man in America, appeared before the House Un-American Activities Committee to discredit Paul Robeson, the legendary athlete, baritone, and actor — himself once the most famous Black man in America. The testimony would be a defining moment in Robinson’s life and contribute heavily to the destruction of Robeson’s iconic reputation in the eyes of America. The second occurred June 12, 1956, in the midst of the last, demagogic roar of McCarthyism, when a battered, defiant Robeson – prohibited from leaving the United States – faced off in a final showdown with HUAC in the same setting Robinson appeared in seven years earlier. These two moments would epitomize the ongoing Black American conflict between patriotism and protest. On the cusp of a nascent civil rights movement, Robinson and Robeson would represent two poles of a people pitted against itself by forces that demanded loyalty without equality in return – one man testifying in conflicted service to and the other in ferocious critique of a country that would ultimately and decisively wound both. In a time of great division, with America in the midst of a new era of retrenchment and Black athletes again chilled into silence advocating for civil rights, the story of these two titans reverberates today within and beyond Black America. From the revival of government overreach to curb civil liberties to the Cold War-era rhetoric of “the enemy within” levied against fellow citizens, Kings and Pawns is a story of a moment that remains hauntingly present.",https://www.harpercollins.com/products/kings-and-pawns-howard-bryant
Novità,2026-10-08,HarperCollins,https://www.harpercollins.com/cdn/shop/files/9780063378599_e0f16468-f10e-4170-ac0c-daa7fa3949d4.jpg?v=1791200833&width=350,Moral Injuries,ByChristie Watson,"“Heart-pounding. Soul-wrenching. A psychological thriller that dives into the dark beauty and madness of medicine. What a catharsis to see women bound by friendship and love and ambition peel away the layers of who they are at work . We see them bare their teeth and their souls. It is Big, Little Lies meets Grey’s Anatomy in this delicious and satisfying mystery about friendship, love, and why we choose the work we do. Christie Watson has written a masterpiece.”—Kate Bowler, New York Times bestselling author of Everything Happens for a Reason (and Other Lies I’ve Loved) From the author of the smash UK bestseller The Language of Kindness comes an electrifying, high-stakes literary thriller following three best friends since medical school and the twenty-five-year-old secret that now threatens to shatter their lives. When you're trained to protect the lives of others, how far will you go to protect your own? Ruthlessly ambitious Olivia, anxious perfectionist Laura, and free-spirited risk-taker Anjali couldn’t be more different. Yet their friendship—which began the first day of medical school—has kept them inseparable these past twenty-five years. As wild all-nighters and exam pressure gave way to the struggles and joys of new motherhood and new jobs, their unbreakable bond helped them support each other through it all. Long ago, they promised that nothing would come between them, and to do anything for one another—including burying that night they have never spoken about: a university party fueled by drugs, sex, and secrets that forced them to make a deadly choice that could have destroyed them. But is there a limit to what we would do for those we love? When an eerily similar tragedy strikes involving the women’s teenaged children, everything the three friends have built threatens to crumble around them . . . forcing them to decide how far they can stretch their friendship before it snaps. A taut and explosive novel about loyalty, ambition, betrayal, and revenge, Moral Injuries explores the sometimes-hidden costs of friendships, and the lengths people will go to protect themselves.",https://www.harpercollins.com/products/moral-injuries-christie-watson
Novità,2026-10-08,HarperCollins,https://www.harpercollins.com/cdn/shop/files/9780063241596_9b6be884-abe5-4337-937e-ffcd1619fd62.jpg?v=1791040741&width=350,Unreasonable Women,ByJustine van der Leun,"Chosen as a Boston Globe Recommended Summer Read and CrimeReads Best True Crime Books of the Month A groundbreaking account of how the legal system punishes those it purports to protect, told through the stories of three unforgettable women When award-winning journalist Justine van der Leun began researching the issue of criminalized survival, she was astonished to see women being imprisoned for protecting themselves against abuse. This sparked an intensive, years-long investigation into how survivors are targeted for prosecution, leading her to collect more than a thousand personal accounts from women’s prisons across America. In Unreasonable Women , van der Leun tells the propulsive, shocking, and intimate stories of three extraordinary women who, finding themselves caught in the direst circumstances, had to kill to survive. Tanisha is a spirited Michigan mother determined to help authorities solve a cold case, whatever the consequences. Jema is a softhearted Missouri factory worker struggling to keep her family together while navigating a dangerous relationship. TC is a bold Californian trying to escape generations of trauma and a toxic family environment. In each case, the women's childhood abuse was replicated in adulthood—until they were forced to make an impossible choice. A work of literary reportage that reads like a crime novel, Unreasonable Women is the result of seven years of unprecedented research and on-the-ground reporting in U.S. prisons. It is the story of women and violence in America, a wake-up call about a broken system, and the moving narrative of three women who find hope and humanity in the unlikeliest of places.",https://www.harpercollins.com/products/unreasonable-women-justine-van-der-leun
Novità,2026-10-08,HarperCollins,https://www.harpercollins.com/cdn/shop/files/9780063399419.jpg?v=1790729299&width=350,The Overseer Class,BySteven W. Thrasher,"The author of the critically acclaimed The Viral Underclass (one of Kirkus Reviews best books of 2022 ) is back with The Overseer Class, which explores what happens when members of historically minoritized groups are selected for high-visibility positions of power within existing institutions—but under the conditions of a kind of Faustian bargain. Our society places so much weight and attention on those who become the first or only of their identifying group that we miss one of the inherent issues in that model. This book is about the kinds of compromises made by a small but influential group of people from minoritized groups in the United States as they have entered segregated institutions in highly visible positions. People in the overseer class wield enormous institutional power, even necropolitical power over who lives and who dies; it’s just that their power is predicated upon repressing other people who look (or speak/have sex/come from places) like them. The most obvious contemporary overseer is the Black police officer. The Overseer Class begins with this quote from James Baldwin from 1967: “The poor, of whatever color, do not trust the law and certainly have no reason to, and God knows we didn't. ‘If you must call a cop,’ we said in those days, ‘for God's sake, make sure it's a white one.’ We did not feel that the cops were protecting us, for we knew too much about the reasons for the kinds of crimes committed in the ghetto; but we feared black cops even more than white cops, because the black cop had to work so much harder--on your head--to prove to himself and his colleagues that he was not like all the other n******.” But this dynamic does not only exist within law enforcement, it exists in many different spheres and The Overseer Class explores what it looks like in mass media, universities, corporate America, the military, and government. The Overseer Class aims not only to educate us and start this discussion but to provide a framework for challenging that dynamic. It is a weighty topic but one that Dr. Thrasher is well-equipped to handle.",https://www.harpercollins.com/products/the-overseer-class-steven-w-thrasher
Novità,2026-10-08,HarperCollins,https://www.harpercollins.com/cdn/shop/files/9780063211872_b580ff7e-9574-4134-b899-1c116897b367.jpg?v=1790729371&width=350,A Soldier's Wife,ByBlair Underwood,"In this moving biography and memoir, Blair Underwood, acclaimed star of film, stage, and television, pays homage to his mother, sharing her well-lived life, and key lessons learned as a fashion designer, mother, and soldier’s wife. Born in Buffalo, New York, Marilyn Ann Scales Underwood dreamed of becoming a fashion designer. Moving to New York City to study at the Traphagen School of Fashion, she became an assistant designer and eventually returned to her hometown where she began her career as the first Black female executive at Barmon Brothers Company. Independent and content with being single, she wasn’t interested in marriage until she met Lieutenant Frank Underwood. Blair Underwood honors his mother with this remarkable work, bringing into sharp focus her life as a soldier's wife, mother, and successful entrepreneur, drawn from his memories, her letters, and interviews with family and friends. Told thematically, organized around essential pillars, Underwood gently peels back the layers of his mother’s life and character to reveal highly, triumphant, and sometimes - scary moments told in Marilyn’s warm and witty voice that connects with readers. Painting a wonderfully rich and deeply human portrait of a woman whose indelible mark is felt by all privileged to know her.",https://www.harpercollins.com/products/a-soldiers-wife-blair-underwood
Novità,2026-10-08,HarperCollins,https://www.harpercollins.com/cdn/shop/files/9780063447578.jpg?v=1791393287&width=350,Burn the Haystack,"ByJennie Young, PhD","USA TODAY AND NATIONAL INDIE BESTSELLER! It’s time for a dating revolution! How do you find a needle in a haystack? You burn the haystack to the ground. Among Dr. Jennie Young’s legion of fans, the “needle” is a long-term, committed partner and the “haystack” is the group of men available to date. So often women are advised to “give the guy a chance,” to take seriously men whose app bios tell women not to take themselves seriously. Young’s refreshing approach to online dating turns this advice on its head: Give almost no one a chance. A professor of feminist rhetoric, Young teaches people how to decode the hidden meanings in ordinary communication. Fascinated (and frustrated) by the rhetorical gambits she saw in men’s profiles when she first downloaded a dating app, she created Burned Haystack to help other women navigate the nonsense and find their needles. Young has revolutionized the dating lexicon by identifying common toxic rhetorical patterns in men’s messaging, such as: Test and Apologize: He texts some sexual innuendo, then apologizes before you can even respond. He’s testing if you’ll be okay with being objectified. The test is real; the apology isn’t. Disciplinary/Directive: He uses his dating app profile to “lay down the law” with women, which usually turns into abuse down the road. Understanding this pattern will help you disengage from this guy before he ruins your life. Blue Ribbon for Bare Minimum: He opens his bio with “I will never hit you” (shockingly common) or brags about basic adult life skills such as having a job or washing his sheets. Things don’t improve from here. Young’s engaging system empowers readers to sort through profiles quickly and effectively, preserving both time and sanity. And with its blend of scathing humor and academic rigor, Burn the Haystack is so much more than a dating tool—it gives women the skills to break down communication from the classroom to the boardroom and everywhere in between, and the confidence to approach life with a deeper, more powerful level of understanding.",https://www.harpercollins.com/products/burn-the-haystack-jennie-young-phd
Novità,2026-10-08,HarperCollins,https://www.harpercollins.com/cdn/shop/files/9780063440135.jpg?v=1791393288&width=350,Homesick Nomad,ByBrianna Madia,"New York Times, USA Today, and Publishers Weekly Bestseller “Madia’s adventurous tales transcend their rugged terrain, telling, at the crux of it all, very human stories”— The Source New York Times bestselling author of Nowhere for Very Long and Never Leave the Dogs Behind Brianna Madia considers putting down roots—but on her own terms—in this intimate and inspiring memoir addressing life's big questions, such as where and how to live, how to commit to a relationship and whether to become a mother. Brianna Madia is renowned for her honest and enthralling accounts of life in the wilderness, finding her own way by rejecting society’s expectations, so what happens when she falls in love and has to reset the boundaries of her fierce independence? Homesick Nomad finds Bri splitting her time between her beloved wild desert in Utah and her boyfriend’s cozy suburban home in the Pacific Northwest, reckoning with: a new urge to soften into the embrace of the comforts of home defining her purpose and direction in life, including the big decision facing women, the question of motherhood, and the fear that committing to others means sacrificing independence. She’s not only defying convention to prove something to herself or to others—a simpler way of life out in the desert actually brings her peace, as she realizes when resisting “upgrades” to her trailer like running water. Balancing the liberation of the wilderness with the natural compromises of love, Bri navigates these familiar tensions by embracing her life in its wholeness, richer for both the stability of home and the profundity of wide open spaces.",https://www.harpercollins.com/products/homesick-nomad-brianna-madia
Novità,2026-10-08,HarperCollins,https://www.harpercollins.com/cdn/shop/files/9780063435711.jpg?v=1790903784&width=350,The Invincible Brain,ByMajid Fotuhi,"A USA TODAY Bestseller In just 12 weeks, you can take major steps to prevent and reverse cognitive decline, boost memory, and enhance mental sharpness at any age. A leading neuroscientist at Johns Hopkins University unveils a groundbreaking glimpse into the remarkable, resilient brain, and offers a science-backed plan to unlock its true potential. Dr. Majid Fotuhi, MD, PhD, world-renowned neurologist and adjunct professor at Johns Hopkins, is leading the charge in revolutionizing how we understand human intelligence, brain health, and age-related cognitive decline. In this pioneering book, he reveals the true wonder of how the brain works and its infinite potential for growth and change. Supported by over 35 years of original research, The Invincible Brain demonstrates how targeted lifestyle changes can prevent, treat, and even reverse mild cognitive impairment, early Alzheimer’s disease, dementia, ADHD, and concussion symptoms. Dr. Fotuhi’s 12-week program is backed by extraordinary clinical results, published in peer-reviewed scientific journals, showing that more than 80% of patients achieve exceptional improvements in memory, focus, and other cognitive functions. In elderly patients with mild cognitive impairment, MRIs show a 3% increase in the volume of the hippocampus, the key brain region for learning and memory. This actionable guide provides a step-by-step formula for unlocking your brain's hidden potential, building resilience, and maximizing mental acuity at any age. In this book, you’ll discover: The Five Pillars of Brain Health: The most essential strategies to optimize fitness, sleep, nutrition, mindset, and brain training for lifelong cognitive vitality. A New Understanding of Alzheimer’s: The truth about dementia and Alzheimer’s, including the latest in testing and treatment. Customizable Brain Exercises: Fun, scalable techniques to enhance memory, problem-solving, and focus. A Brain-Boosting Diet Plan: A nutrient-rich plan that can reduce markers of Alzheimer’s disease and keep your brain up to 18 years younger. Stress Management Tools: DIY biofeedback and mindfulness practices that can boost heart rate variability to build a calmer and more resilient brain. Sleep Optimization Techniques: Proven methods to boost deep sleep for overnight brain detoxification and renewal. The Invincible Brain delivers everything you need to empower your brain to thrive—in as little as 12 weeks. Your smarter, sharper future begins now.",https://www.harpercollins.com/products/the-invincible-brain-majid-fotuhi
Novità,2026-10-08,HarperCollins,https://www.harpercollins.com/cdn/shop/files/9780063470088.jpg?v=1790903608&width=350,The Supreme Gift,"ByPaulo Coelho,Translated byMargaret Jull Costa","Love is humankind's supreme gift, our spiritual center and our guiding light. This inspiring essay by Paulo Coelho, the internationally bestselling author of The Alchemist, teaches us how to embrace it. The Supreme Gift is an invitation for reflection, a clear and concise response to life's biggest questions. Inspired by a 19th century sermon by Henry Drummond offering a deeper understanding of love, here Coelho explains love as the culmination of nine elements, which we can incorporate into our everyday lives for an instant connection to life's most important gift: patience, kindness, generosity, humility, gentleness, dedication, tolerance, sincerity, and innocence. In The Supreme Gift , Paulo Coelho, author of The Alchemist , a fable of following your dream and one of Oprah’s “Best Self-Help Books of a Generation,” offers a real and powerful message that will help us incorporate love into our daily life and experience all its transformational power. Freely adapted from the text by Henry Drummond",https://www.harpercollins.com/products/the-supreme-gift-paulo-coelho
Novità,2026-10-08,HarperCollins,https://www.harpercollins.com/cdn/shop/files/9780063339132.jpg?v=1790889372&width=350,In Sickness and in Health,ByLaura Mauldin,"An urgent and deeply affecting account of America's failure to provide meaningful support to its chronically ill and disabled citizens and our resulting reliance on the unpaid caregiving labor of spouses and intimate partners. When twenty-seven-year-old Laura Mauldin moved to New York for graduate school, she fell headlong into love. But just months into the relationship, her partner’s leukemia returned—and in a country without adequate systems for long-term care, Laura found herself quietly and devastatingly transformed from romantic partner to unpaid, full-time caregiver, fighting to keep the woman she loved alive in a system designed to let them both fall through the cracks. Now a sociologist and professor of disability studies, Dr. Mauldin turns her private pain into a searing public investigation. To better understand her own experience, she speaks with couples across the country navigating the brutal, lonely fallout of chronic illness and disability. These are heartbreaking stories of love under strain — relationships full of extraordinary intimacy and resilience, but pushed to the edge by an ableist society that would rather look away from its most vulnerable citizens. At the heart of this investigation is a profound series of questions: What if love isn’t enough? What if our most cherished romantic ideals—commitment, sacrifice, “in sickness and in health” — have been weaponized to excuse the state from its responsibilities? And what happens to love when we ask it to do the work of an entire broken system? Urgent, unflinching, and full of grace, In Sickness and In Health is a rallying cry for a radical reimagining of care—not as an individual act of devotion, but as a collective responsibility. In connecting the care crisis to the politics of love and intimacy, Mauldin reframes the conversation, urging us to build a world where no one is left to do the work of love alone.",https://www.harpercollins.com/products/in-sickness-and-in-health-laura-mauldin
Novità,2026-10-08,HarperCollins,https://www.harpercollins.com/cdn/shop/files/9780063473362.jpg?v=1790898605&width=350,Two Women Living Together,"ByKim Hana,Hwang Sunwoo,Translated byGene Png","The big-hearted, bestselling South Korean memoir co-written by two best friends flouting gender norms and societal expectations with their decision to grow old together under one roof. When most of their peers were moving in with romantic partners and having children, Kim Hana and Hwang Sunwoo chose independence—savoring solitude, quiet mornings, and the unmitigated freedom of living alone. But in their forties, something shifted, and they were met with a new, unexpected loneliness. Refusing to settle for the outdated choice between marriage or isolation, Hana and Sunwoo made a radical decision: to buy a home and live together—not as lovers, not as roommates, but as chosen family. Now a bustling household of two women and four cats, Hana and Sunwoo still value solitude, but can do so while sharing a life and its meaning with someone else. Together they navigate the challenges and comforts of cohabiting in midlife, the growing pains of interdependence and the unexpected rewards of compromise when you’ve grown set in your ways. From sick days to career wins to aging parents and beach-side retirement plans, they are redefining domestic bliss on their own terms, where love, partnership, and home are defined not by tradition, but by choice. With warmth, wit, and sharp social insight, Hana and Sunwoo share their blueprint for building a life outside the scripts of marriage and society’s expectations for women. Two Women Living Together is a quiet revolution—a celebration of female friendship, community, and the many forms that love and family can take.",https://www.harpercollins.com/products/two-women-living-together-kim-hanahwang-sunwoo
Novità,2026-10-08,HarperCollins,https://www.harpercollins.com/cdn/shop/files/9780063467965_4bb2ffd1-0815-4b63-b284-467cec1dbc0c.jpg?v=1790903940&width=350,Firestorm,ByJacob Soboroff,"New York Times Bestseller and #1 Los Angeles Times Bestseller A ""gripping, unshakeable firsthand account"" ( San Francisco Chronicle ) of the firestorm that consumed Los Angeles, from the MS NOW reporter and New York Times bestselling author of Separated , who covered the fires on the ground as an LA native. ""Read[s] like a sci-fi thriller.” — Los Angeles Times On the morning of January 7, 2025, a message pinged the phone of Jacob Soboroff, a national reporter for MS NOW. “Big Palisades fire. We are evacuating,” his brother texted within minutes of the blaze engulfing the hillside behind the home where he and his pregnant wife were living. “Really bad.” An attached photo showed a huge black plume rising from behind the house, an umbrella of smoke towering over everything they owned. Jacob rushed to the office of the bureau chief. “I should go. I grew up in the Palisades.” Soon he was on the front line of the blaze—his first live report of what would turn out to be weeks covering unimaginable destruction, from both the Palisades Fire and the Eaton Fire, in Altadena. In the days to come, Soboroff appeared across the networks of NBC News as Los Angeles was ablaze, met with displaced residents and workers, and pressed Governor Gavin Newsom in an interview on Meet the Press . But no story Soboroff has covered at home or abroad—the trauma of family separation at the border, the displacement of the war in Ukraine, the collapse of order in Haiti—could have prepared him for reporting live as the hallmarks of his childhood were engulfed in flames around him while his hometown burned to the ground. But for Soboroff, questions remained after the fires were controlled: what had he just witnessed? How could it have happened? Is it inevitable something like it will happen again? This set Soboroff off on months of reporting—with firefighters, fire victims, political leaders, academics, earth scientists, wildlife biologists, meteorologists and more—that made him keenly aware of how the misfortune of seeing his past carbonize was also a form of time travel into the dystopian world his children will inhabit. This is because the 2025 LA fires were not an isolated tragedy, but rather they are a harbinger—""the fire of the future,"" in the words of one senior emergency—management official. Firestorm is the story of the costliest wildfire in American history, the people it affected and the deeply personal connection to one journalist covering it. It is a love letter to Los Angeles, a yearning to understand the fires, and why America’s new age of disaster we are living through portends that—without a reckoning of how Los Angeles burned—there is more yet, and worse, to come.",https://www.harpercollins.com/products/firestorm-jacob-soboroff
Novità,2026-10-08,HarperCollins,https://www.harpercollins.com/cdn/shop/files/9780063580558.jpg?v=1791285047&width=350,My Pressures,ByAndy Serkis,"If Gollum, Caesar and Ulysses Klaue could hear Andy Serkis tell his story, would they choose him to play them? This is the question at the heart of his long-awaited memoir. Beginning in a childhood split between Ruislip and Baghdad, Andy Serkis takes us – and his characters – on a journey through the early influences that shaped him: acting mentors, early roles at a regional repertory theatre, a passion for mountaineering, a desire for film-making and the love story with Lorraine Ashbourne that became the foundation of his life. Then, the call arrives in 1999 that changes everything. Peter Jackson is preparing to make The Lord of the Rings and Andy is asked to audition for the voice of a certain animated character. What follows is an extraordinary behind-the-scenes journey through the fantastical worlds Andy has helped shape – The Lord of the Rings, Planet of the Apes, Black Panther, Star Wars and more – as he pioneered a new form of performance that would forever redefine the possibilities of cinema. In this book, Andy invites us into a genre-defying conversation between actor and character, imagination and reality, and provides an answer to the question: what would Andy’s most iconic characters make of the man that brought them to life?",https://www.harpercollins.com/products/my-pressures-andy-serkis
Novità,2026-10-08,HarperCollins,https://www.harpercollins.com/cdn/shop/files/9780063475229.jpg?v=1790966007&width=350,The Glass Box,ByCalum Marsh,"""A page-turner with the momentum of an Aaron Sorkin screenplay.""— Kirkus Reviews A New York Times 'New Nonfiction Everyone Will Be Talking About in 2026' selection An eye-opening and wildly entertaining book about the multimillion-dollar fitness phenomenon CrossFit and its mercurial founder, Greg Glassman—from an investigative journalist and regular contributor to the New York Times . How did an upstart workout regimen, begun out of commercial gyms in Santa Cruz in the ‘90s, become one of the most popular and polarizing fitness platforms in the world? And who, exactly, is the person responsible for its success? The Glass Box is a page-turning and upsetting look at CrossFit—one of the most popular fitness programs in the world—and at its divisive founder, Greg Glassman. Written by veteran journalist Calum Marsh, it is both a thorough history of a company’s rise and an eagle-eyed examination of what happens when a visionary idea marches headlong toward global expansion. CrossFit is a phenomenon, and its studios and methods are now ubiquitous. But the company’s culture of unapologetic machismo, and the sometimes reckless behavior of Glassman and his cronies, repeatedly put the brand, and its founder, in the hot seat—until one careless mistake too many brought the empire crashing down.",https://www.harpercollins.com/products/the-glass-box-calum-marsh
Novità,2026-10-08,Macmillan,https://mpd-biblio-covers.imgix.net/9781250381163.jpg?w=300,Sheer Will. Learning to Lead When There Is No Path,Carlos Gutierrez,The unconventional and inspiring story of a trailblazer’s rise to international prominence. Carlos Gutierrez has been an influential figure in business and politics...,https://us.macmillan.com/books/9781250381163/sheer-will
Novità,2026-10-08,Macmillan,https://mpd-biblio-covers.imgix.net/9781250903877.jpg?w=300,"Mortal Secrets. Freud, Vienna, and the Birth of the Modern Mind",Frank Tallis,A chronicle of Vienna's Golden Age and the influence of Sigmund Freud on the modern world by a clinical psychologist whose mystery novels form the basis of PBS's Vienna Blood series....,https://us.macmillan.com/books/9781250903877/mortal-secrets
Novità,2026-10-08,Macmillan,https://mpd-biblio-covers.imgix.net/9781250348258.jpg?w=300,The Zorg. A Tale of Greed and Murder That Inspired the Abolition of Slavery,Siddharth Kara,"""A book of great importance and one that will likely become a classic."" - New York Times Book Review One of The New York Times ' 100 Most Notable...",https://us.macmillan.com/books/9781250348258/the-zorg
Novità,2026-10-08,Macmillan,https://mpd-biblio-covers.imgix.net/9781250882882.jpg?w=300,Authentic. The Myth of Bringing Your Full Self to Work,Jodi-Ann Burey,2026 WASHINGTON STATE BOOK AWARD FINALIST What does authenticity at work actually mean? Writer and critic Jodi-Ann Burey argues that expectations...,https://us.macmillan.com/books/9781250882882/authentic
Novità,2026-10-08,Macmillan,https://mpd-biblio-covers.imgix.net/9781250291776.jpg?w=300,"Chasing Evil. Shocking Crimes, Supernatural Forces, and an FBI Agent’s Search for Hope and Justice",John Edward and Robert Hilland with Natasha Stoynoff,A NEW YORK TIMES BESTSELLER AND A LIBRARY JOURNAL BEST BOOK OF 2025 How a skeptical FBI agent reached out to a...,https://us.macmillan.com/books/9781250291776/chasing-evil
Novità,2026-10-08,Macmillan,https://mpd-biblio-covers.imgix.net/9781250337931.jpg?w=300,"An Inconvenient Woman. The Extraordinary Life of Lillian Smith, the Southerner Who Defied Jim Crow America",Keri Leigh Merritt; Foreword by Reverend Dr. William J. Barber II,"A revelatory and immersive biography of a white Southern woman who was a key figure in the early civil rights movement, devoting her life to ending segregation in America only to be forgotten...",https://us.macmillan.com/books/9781250337931/an-inconvenient-woman
Novità,2026-10-08,Macmillan,https://mpd-biblio-covers.imgix.net/9781649634818.jpg?w=300,"Reimagining Shame. The Secret, Hidden Driver of Human Maturation",David Whyte; read by the author,"Shame need not be an enemy to conquer. In Reimagining Shame , David Whyte shows listeners how to harness this complex emotion as a tool for self-understanding....",https://us.macmillan.com/books/9781649634818/reimagining-shame
Novità,2026-10-08,Macmillan,https://mpd-biblio-covers.imgix.net/9781250895073.jpg?w=300,The Eternal Forest. A Memoir of the Cuban Diaspora,Elena Sheppard,"In the tradition of The Yellow House and Half Broke Horses, a memoir of the Cuban diaspora that follows one family’s exile from the island, through a lyrical exploration of memory, cultural mythology, and the history of Cuban-American relations.",https://us.macmillan.com/books/9781250895073/the-eternal-forest
Novità,2026-10-08,Macmillan,https://mpd-biblio-covers.imgix.net/9781250328465.jpg?w=300,Cicero's Tongue. The Life of Rome's Greatest Orator and the End of the Republic,Catharine Edwards,"A new biography of Cicero, one of the most influential and fascinating figures in classical history. When the Roman statesman Cicero was murdered in 43 BCE, his head was...",https://us.macmillan.com/books/9781250328465/ciceros-tongue
Novità,2026-10-08,Macmillan,https://mpd-biblio-covers.imgix.net/9781250448774.jpg?w=300,"Tomorrow Is Yesterday. Life, Death, and the Pursuit of Peace in Israel/Palestine",Hussein Agha and Robert Malley,A Best Book of 2025 The New Yorker • Foreign Affairs • NPR • Foreign...,https://us.macmillan.com/books/9781250448774/tomorrow-is-yesterday
Novità,2026-10-08,Macmillan,https://mpd-biblio-covers.imgix.net/9781250223197.jpg?w=300,"What Happened to You?. Conversations on Trauma, Resilience, and Healing","Oprah Winfrey and Bruce D. Perry, M.D., Ph.D.","ONE MILLION COPIES SOLD #1 NEW YORK TIMES BESTSELLER An updated and revised edition of the bestselling book with more than 1 million copies sold,...",https://us.macmillan.com/books/9781250223197/what-happened-to-you
Novità,2026-10-08,Macmillan,https://mpd-biblio-covers.imgix.net/9781250473943.jpg?w=300,The Adversary. A True Story of Monstrous Deception,Translated from the French by Linda Coverdale,"“Justifiably considered the French In Cold Blood ” ( The Paris Review ), The Adversary is a landmark work of true crime—and a deeply personal investigation of...",https://us.macmillan.com/books/9781250473943/the-adversary
Novità,2026-10-08,Macmillan,https://us.macmillan.com/wp-content/themes/macmillan-publishers/src/assets/images/lazyload-book.jpg,"The Everest Mystery. Sandy Irvine, George Mallory, and the Truth Still Buried on Everest",Julie Summers and Jochen Hemmleb,"""Written with great affection for their subject...a passionate retelling that, rather than attempting to solve the mystery, celebrates the life of the boy who died in the clouds."" -- The...",https://us.macmillan.com/books/9781250460820/the-everest-mystery
Novità,2026-10-08,Macmillan,https://us.macmillan.com/wp-content/themes/macmillan-publishers/src/assets/images/lazyload-book.jpg,Could Should Might Don't. How We Think About the Future,Nick Foster,"An invaluable guide for how to think—and not to think—about the future, from one of the leading futurists of our time. You might not know the name Nick Foster, but...",https://us.macmillan.com/books/9781250437785/could-should-might-dont
Novità,2026-10-08,Macmillan,https://us.macmillan.com/wp-content/themes/macmillan-publishers/src/assets/images/lazyload-book.jpg,The Women's Orchestra of Auschwitz. A Story of Survival,Anne Sebba,"THE INSTANT USA TODAY BESTSELLER Moving and powerful, this is a vivid portrait of the women who came together to form an orchestra in order to survive the horrors of Auschwitz....",https://us.macmillan.com/books/9781250894144/the-womens-orchestra-of-auschwitz
Novità,2026-10-08,Macmillan,https://us.macmillan.com/wp-content/themes/macmillan-publishers/src/assets/images/lazyload-book.jpg,"Route 66, 100th Anniversary Edition. The Mother Road",Michael Wallis,"The beloved, definitive book on Route 66--updated with a new chapter to commemorate the 100th anniversary of the most famous road in American culture From its conception...",https://us.macmillan.com/books/9781250429117/route-66-100th-anniversary-edition
Novità,2026-10-08,Macmillan,https://us.macmillan.com/wp-content/themes/macmillan-publishers/src/assets/images/lazyload-book.jpg,Rome. Secrets of the Eternal City,Andreas Englisch; translated by Steven Day Clark; read by Robert Glenister,"Hidden places, extraordinary stories—a journey into the Rome few ever see. Bestselling author and Vatican insider Andreas Englisch takes us beyond the familiar sights of the Eternal...",https://us.macmillan.com/books/9781250497925/rome
Novità,2026-10-08,Macmillan,https://us.macmillan.com/wp-content/themes/macmillan-publishers/src/assets/images/lazyload-book.jpg,Secret Rome. Hidden Places of the Eternal City,Andreas Englisch; translated by Steven Day Clark; read by Robert Glenister,"Andreas Englisch and his son Leo once again delve into the mysteries of the Eternal City, drawing us to its hidden corners and concealed treasures. The legacy of an elderly woman sets...",https://us.macmillan.com/books/9781250497932/secret-rome
Novità,2026-10-08,Macmillan,https://us.macmillan.com/wp-content/themes/macmillan-publishers/src/assets/images/lazyload-book.jpg,Defying Hitler. A Memoir,Sebastian Haffner; Translated from the German by Oliver Pretzel; With a new introduction by Richard J. Evans,"Written in 1939 and unpublished until 2000, Sebastian Haffner’s memoir of the rise of Nazism in Germany offers a unique portrait of the lives of German citizens between the wars.",https://us.macmillan.com/books/9781250441218/defying-hitler
Novità,2026-10-08,Macmillan,https://us.macmillan.com/wp-content/themes/macmillan-publishers/src/assets/images/lazyload-book.jpg,Milena and Margarete. A Love Story in Ravensbrück,Gwen Strauss,"From the New York Times bestselling author, a profoundly moving celebration of love under the darkest of circumstances From the moment they met in 1940 in Ravensbrück...",https://us.macmillan.com/books/9781250877604/milena-and-margarete
